data_id,data_name,allocation_method,routing_heuristic,merge_strategy,allocation_time,allocation_bytes,route_time,route_bytes,merge_time,merge_bytes,distance,sum_pickers
1,SLAPRP_Guo_small_O100_alpha0.2_v1.txt,ALS,ASTAR_HEURISTIC,CLARKE_WRIGHT,0.1330543,5585393,0.0201304,1912158,3.0163362,4620045175,928.0,6
1,SLAPRP_Guo_small_O100_alpha0.2_v1.txt,ALS,ASTAR_HEURISTIC,CLARKE_WRIGHT_HEURISTIC,0.1330543,5585393,0.0038661,1901390,0.0016001,1628942,1340.0,7
1,SLAPRP_Guo_small_O100_alpha0.2_v1.txt,ALS,ASTAR_HEURISTIC,NO_HEURISTIC,0.1330543,5585393,0.0048617,1901246,0.0,0,4294.0,104
1,SLAPRP_Guo_small_O100_alpha0.2_v1.txt,ALS,GREEDY,CLARKE_WRIGHT,0.1330543,5585393,0.0042984,702910,2.6903301,4626757125,978.0,6
1,SLAPRP_Guo_small_O100_alpha0.2_v1.txt,ALS,GREEDY,CLARKE_WRIGHT_HEURISTIC,0.1330543,5585393,0.0035262,703278,0.0016269,1670094,1396.0,6
1,SLAPRP_Guo_small_O100_alpha0.2_v1.txt,ALS,GREEDY,NO_HEURISTIC,0.1330543,5585393,0.0038557,702910,0.0,0,4296.0,104
1,SLAPRP_Guo_small_O100_alpha0.2_v1.txt,ABC,ASTAR_HEURISTIC,CLARKE_WRIGHT,0.0010539,173338,0.0060398,1843278,2.166784,4044871495,578.0,6
1,SLAPRP_Guo_small_O100_alpha0.2_v1.txt,ABC,ASTAR_HEURISTIC,CLARKE_WRIGHT_HEURISTIC,0.0010539,173338,0.0052585,1843406,0.0026073,1501934,918.0,7
1,SLAPRP_Guo_small_O100_alpha0.2_v1.txt,ABC,ASTAR_HEURISTIC,NO_HEURISTIC,0.0010539,173338,0.0043936,1843214,0.0,0,2534.0,104
1,SLAPRP_Guo_small_O100_alpha0.2_v1.txt,ABC,GREEDY,CLARKE_WRIGHT,0.0010539,173338,0.0034875,696782,2.0775208,3869187799,490.0,7
1,SLAPRP_Guo_small_O100_alpha0.2_v1.txt,ABC,GREEDY,CLARKE_WRIGHT_HEURISTIC,0.0010539,173338,0.0054965,697134,0.0031601,1491454,750.0,8
1,SLAPRP_Guo_small_O100_alpha0.2_v1.txt,ABC,GREEDY,NO_HEURISTIC,0.0010539,173338,0.0032171,696718,0.0,0,2450.0,104
1,SLAPRP_Guo_small_O100_alpha0.2_v1.txt,ABC_HEURISTIC,ASTAR_HEURISTIC,CLARKE_WRIGHT,0.0018105,173066,0.0049738,1866894,2.2660723,4139056151,810.0,6
1,SLAPRP_Guo_small_O100_alpha0.2_v1.txt,ABC_HEURISTIC,ASTAR_HEURISTIC,CLARKE_WRIGHT_HEURISTIC,0.0018105,173066,0.004104,1867038,0.0166182,1606830,1130.0,6
1,SLAPRP_Guo_small_O100_alpha0.2_v1.txt,ABC_HEURISTIC,ASTAR_HEURISTIC,NO_HEURISTIC,0.0018105,173066,0.003986,1866894,0.0,0,2810.0,104
1,SLAPRP_Guo_small_O100_alpha0.2_v1.txt,ABC_HEURISTIC,GREEDY,CLARKE_WRIGHT,0.0018105,173066,0.0033863,705294,2.1312066,3880614181,760.0,6
1,SLAPRP_Guo_small_O100_alpha0.2_v1.txt,ABC_HEURISTIC,GREEDY,CLARKE_WRIGHT_HEURISTIC,0.0018105,173066,0.0034282,705374,0.0022164,1472670,1084.0,8
1,SLAPRP_Guo_small_O100_alpha0.2_v1.txt,ABC_HEURISTIC,GREEDY,NO_HEURISTIC,0.0018105,173066,0.00326,705214,0.0,0,3032.0,104
1,SLAPRP_Guo_small_O100_alpha0.2_v1.txt,MESSAGE_PASSING,ASTAR_HEURISTIC,CLARKE_WRIGHT,0.0018757,370306,0.0037362,1859326,2.3748696,4440080023,926.0,6
1,SLAPRP_Guo_small_O100_alpha0.2_v1.txt,MESSAGE_PASSING,ASTAR_HEURISTIC,CLARKE_WRIGHT_HEURISTIC,0.0018757,370306,0.0040107,1859470,0.0028916,1587454,1576.0,8
1,SLAPRP_Guo_small_O100_alpha0.2_v1.txt,MESSAGE_PASSING,ASTAR_HEURISTIC,NO_HEURISTIC,0.0018757,370306,0.0040328,1859262,0.0,0,4158.0,104
1,SLAPRP_Guo_small_O100_alpha0.2_v1.txt,MESSAGE_PASSING,GREEDY,CLARKE_WRIGHT,0.0018757,370306,0.0038137,701902,2.1622486,3994903317,976.0,6
1,SLAPRP_Guo_small_O100_alpha0.2_v1.txt,MESSAGE_PASSING,GREEDY,CLARKE_WRIGHT_HEURISTIC,0.0018757,370306,0.0038068,702014,0.0018201,1574510,1272.0,8
1,SLAPRP_Guo_small_O100_alpha0.2_v1.txt,MESSAGE_PASSING,GREEDY,NO_HEURISTIC,0.0018757,370306,0.0038183,701902,0.0,0,4128.0,104
2,SLAPRP_Guo_small_O100_alpha0.2_v10.txt,ALS,ASTAR_HEURISTIC,CLARKE_WRIGHT,11.61731,323333590,0.0047946,1740286,2.2981172,4306018423,1058.0,7
2,SLAPRP_Guo_small_O100_alpha0.2_v10.txt,ALS,ASTAR_HEURISTIC,CLARKE_WRIGHT_HEURISTIC,11.61731,323333590,0.0050627,1740398,0.0201998,1590174,1624.0,8
2,SLAPRP_Guo_small_O100_alpha0.2_v10.txt,ALS,ASTAR_HEURISTIC,NO_HEURISTIC,11.61731,323333590,0.0048495,1740270,0.0,0,4662.0,102
2,SLAPRP_Guo_small_O100_alpha0.2_v10.txt,ALS,GREEDY,CLARKE_WRIGHT,11.61731,323333590,0.0031946,687582,2.2104343,4064385783,948.0,7
2,SLAPRP_Guo_small_O100_alpha0.2_v10.txt,ALS,GREEDY,CLARKE_WRIGHT_HEURISTIC,11.61731,323333590,0.0031833,688046,0.0022125,1545198,1394.0,8
2,SLAPRP_Guo_small_O100_alpha0.2_v10.txt,ALS,GREEDY,NO_HEURISTIC,11.61731,323333590,0.0045214,687614,0.0,0,4494.0,102
2,SLAPRP_Guo_small_O100_alpha0.2_v10.txt,ABC,ASTAR_HEURISTIC,CLARKE_WRIGHT,0.4090563,60713200,0.003996,1784366,2.2631583,3811686967,790.0,10
2,SLAPRP_Guo_small_O100_alpha0.2_v10.txt,ABC,ASTAR_HEURISTIC,CLARKE_WRIGHT_HEURISTIC,0.4090563,60713200,0.0039448,1784526,0.0015615,1582654,1176.0,7
2,SLAPRP_Guo_small_O100_alpha0.2_v10.txt,ABC,ASTAR_HEURISTIC,NO_HEURISTIC,0.4090563,60713200,0.00475,1784366,0.0,0,2764.0,102
2,SLAPRP_Guo_small_O100_alpha0.2_v10.txt,ABC,GREEDY,CLARKE_WRIGHT,0.4090563,60713200,0.003306,685678,2.2037947,3741334311,658.0,10
2,SLAPRP_Guo_small_O100_alpha0.2_v10.txt,ABC,GREEDY,CLARKE_WRIGHT_HEURISTIC,0.4090563,60713200,0.0033884,686126,0.0015924,1504814,990.0,8
2,SLAPRP_Guo_small_O100_alpha0.2_v10.txt,ABC,GREEDY,NO_HEURISTIC,0.4090563,60713200,0.0040951,685646,0.0,0,2692.0,102
2,SLAPRP_Guo_small_O100_alpha0.2_v10.txt,ABC_HEURISTIC,ASTAR_HEURISTIC,CLARKE_WRIGHT,0.3822855,57199472,0.0085691,1782078,2.3890832,4087091141,868.0,10
2,SLAPRP_Guo_small_O100_alpha0.2_v10.txt,ABC_HEURISTIC,ASTAR_HEURISTIC,CLARKE_WRIGHT_HEURISTIC,0.3822855,57199472,0.0046751,1782158,0.00245,1568990,1362.0,8
2,SLAPRP_Guo_small_O100_alpha0.2_v10.txt,ABC_HEURISTIC,ASTAR_HEURISTIC,NO_HEURISTIC,0.3822855,57199472,0.004339,1782014,0.0,0,2912.0,102
2,SLAPRP_Guo_small_O100_alpha0.2_v10.txt,ABC_HEURISTIC,GREEDY,CLARKE_WRIGHT,0.3822855,57199472,0.0034545,695966,2.3637098,4010786663,878.0,10
2,SLAPRP_Guo_small_O100_alpha0.2_v10.txt,ABC_HEURISTIC,GREEDY,CLARKE_WRIGHT_HEURISTIC,0.3822855,57199472,0.0034321,696110,0.0024702,1605102,1360.0,8
2,SLAPRP_Guo_small_O100_alpha0.2_v10.txt,ABC_HEURISTIC,GREEDY,NO_HEURISTIC,0.3822855,57199472,0.0038053,695918,0.0,0,3202.0,102
2,SLAPRP_Guo_small_O100_alpha0.2_v10.txt,MESSAGE_PASSING,ASTAR_HEURISTIC,CLARKE_WRIGHT,8.5880315,137039191,0.0050197,1826910,2.7307902,4771519671,1218.0,7
2,SLAPRP_Guo_small_O100_alpha0.2_v10.txt,MESSAGE_PASSING,ASTAR_HEURISTIC,CLARKE_WRIGHT_HEURISTIC,8.5880315,137039191,0.0038491,1827070,0.0016548,1687758,1790.0,7
2,SLAPRP_Guo_small_O100_alpha0.2_v10.txt,MESSAGE_PASSING,ASTAR_HEURISTIC,NO_HEURISTIC,8.5880315,137039191,0.0056321,1826910,0.0,0,4608.0,102
2,SLAPRP_Guo_small_O100_alpha0.2_v10.txt,MESSAGE_PASSING,GREEDY,CLARKE_WRIGHT,8.5880315,137039191,0.0034192,696926,2.5722581,4485680791,1080.0,7
2,SLAPRP_Guo_small_O100_alpha0.2_v10.txt,MESSAGE_PASSING,GREEDY,CLARKE_WRIGHT_HEURISTIC,8.5880315,137039191,0.004276,697102,0.0026874,1615822,1566.0,8
2,SLAPRP_Guo_small_O100_alpha0.2_v10.txt,MESSAGE_PASSING,GREEDY,NO_HEURISTIC,8.5880315,137039191,0.0033742,696958,0.0,0,4448.0,102
3,SLAPRP_Guo_small_O100_alpha0.2_v2.txt,ALS,ASTAR_HEURISTIC,CLARKE_WRIGHT,8.5697697,134300626,0.0041465,1850046,2.2798862,4055942773,840.0,6
3,SLAPRP_Guo_small_O100_alpha0.2_v2.txt,ALS,ASTAR_HEURISTIC,CLARKE_WRIGHT_HEURISTIC,8.5697697,134300626,0.004746,1850174,0.0016888,1522542,1192.0,7
3,SLAPRP_Guo_small_O100_alpha0.2_v2.txt,ALS,ASTAR_HEURISTIC,NO_HEURISTIC,8.5697697,134300626,0.0053572,1849998,0.0,0,4390.0,101
3,SLAPRP_Guo_small_O100_alpha0.2_v2.txt,ALS,GREEDY,CLARKE_WRIGHT,8.5697697,134300626,0.0052448,693438,2.4197943,4133402581,814.0,6
3,SLAPRP_Guo_small_O100_alpha0.2_v2.txt,ALS,GREEDY,CLARKE_WRIGHT_HEURISTIC,8.5697697,134300626,0.0058434,693870,0.0026294,1544062,1296.0,7
3,SLAPRP_Guo_small_O100_alpha0.2_v2.txt,ALS,GREEDY,NO_HEURISTIC,8.5697697,134300626,0.0044451,693454,0.0,0,4134.0,101
3,SLAPRP_Guo_small_O100_alpha0.2_v2.txt,ABC,ASTAR_HEURISTIC,CLARKE_WRIGHT,0.4300118,56653511,0.0054871,1853790,2.2463859,3662598999,710.0,6
3,SLAPRP_Guo_small_O100_alpha0.2_v2.txt,ABC,ASTAR_HEURISTIC,CLARKE_WRIGHT_HEURISTIC,0.4300118,56653511,0.0039069,1853966,0.0019513,1591374,1028.0,7
3,SLAPRP_Guo_small_O100_alpha0.2_v2.txt,ABC,ASTAR_HEURISTIC,NO_HEURISTIC,0.4300118,56653511,0.0058182,1853758,0.0,0,2632.0,101
3,SLAPRP_Guo_small_O100_alpha0.2_v2.txt,ABC,GREEDY,CLARKE_WRIGHT,0.4300118,56653511,0.0034816,685134,2.0641772,3510104821,532.0,6
3,SLAPRP_Guo_small_O100_alpha0.2_v2.txt,ABC,GREEDY,CLARKE_WRIGHT_HEURISTIC,0.4300118,56653511,0.0045396,685518,0.0036479,1469902,830.0,7
3,SLAPRP_Guo_small_O100_alpha0.2_v2.txt,ABC,GREEDY,NO_HEURISTIC,0.4300118,56653511,0.0033645,685134,0.0,0,2596.0,101
3,SLAPRP_Guo_small_O100_alpha0.2_v2.txt,ABC_HEURISTIC,ASTAR_HEURISTIC,CLARKE_WRIGHT,0.4021722,57366864,0.0050657,1909726,2.3592548,3818549045,914.0,6
3,SLAPRP_Guo_small_O100_alpha0.2_v2.txt,ABC_HEURISTIC,ASTAR_HEURISTIC,CLARKE_WRIGHT_HEURISTIC,0.4021722,57366864,0.0049447,1909902,0.0025104,1636766,1356.0,7
3,SLAPRP_Guo_small_O100_alpha0.2_v2.txt,ABC_HEURISTIC,ASTAR_HEURISTIC,NO_HEURISTIC,0.4021722,57366864,0.0041319,1909710,0.0,0,2954.0,101
3,SLAPRP_Guo_small_O100_alpha0.2_v2.txt,ABC_HEURISTIC,GREEDY,CLARKE_WRIGHT,0.4021722,57366864,0.0033316,687166,2.1413947,3600717493,708.0,6
3,SLAPRP_Guo_small_O100_alpha0.2_v2.txt,ABC_HEURISTIC,GREEDY,CLARKE_WRIGHT_HEURISTIC,0.4021722,57366864,0.0038331,687262,0.001506,1457150,1192.0,8
3,SLAPRP_Guo_small_O100_alpha0.2_v2.txt,ABC_HEURISTIC,GREEDY,NO_HEURISTIC,0.4021722,57366864,0.0032721,687118,0.0,0,2950.0,101
3,SLAPRP_Guo_small_O100_alpha0.2_v2.txt,MESSAGE_PASSING,ASTAR_HEURISTIC,CLARKE_WRIGHT,8.6414177,141584655,0.0060392,1997086,2.5765683,4612097221,1004.0,6
3,SLAPRP_Guo_small_O100_alpha0.2_v2.txt,MESSAGE_PASSING,ASTAR_HEURISTIC,CLARKE_WRIGHT_HEURISTIC,8.6414177,141584655,0.0042118,1997230,0.001626,1658142,1496.0,8
3,SLAPRP_Guo_small_O100_alpha0.2_v2.txt,MESSAGE_PASSING,ASTAR_HEURISTIC,NO_HEURISTIC,8.6414177,141584655,0.0040835,1997118,0.0,0,4528.0,101
3,SLAPRP_Guo_small_O100_alpha0.2_v2.txt,MESSAGE_PASSING,GREEDY,CLARKE_WRIGHT,8.6414177,141584655,0.0032556,692974,2.4875078,4380046769,914.0,6
3,SLAPRP_Guo_small_O100_alpha0.2_v2.txt,MESSAGE_PASSING,GREEDY,CLARKE_WRIGHT_HEURISTIC,8.6414177,141584655,0.0033381,693118,0.0015234,1603470,1250.0,6
3,SLAPRP_Guo_small_O100_alpha0.2_v2.txt,MESSAGE_PASSING,GREEDY,NO_HEURISTIC,8.6414177,141584655,0.0040341,692990,0.0,0,4290.0,101
4,SLAPRP_Guo_small_O100_alpha0.2_v3.txt,ALS,ASTAR_HEURISTIC,CLARKE_WRIGHT,12.2419335,125160674,0.0041527,1970382,3.1492151,4805787351,1048.0,7
4,SLAPRP_Guo_small_O100_alpha0.2_v3.txt,ALS,ASTAR_HEURISTIC,CLARKE_WRIGHT_HEURISTIC,12.2419335,125160674,0.0050524,1970446,0.002834,1669950,1694.0,7
4,SLAPRP_Guo_small_O100_alpha0.2_v3.txt,ALS,ASTAR_HEURISTIC,NO_HEURISTIC,12.2419335,125160674,0.0048665,1970350,0.0,0,4802.0,104
4,SLAPRP_Guo_small_O100_alpha0.2_v3.txt,ALS,GREEDY,CLARKE_WRIGHT,12.2419335,125160674,0.0049897,723774,2.6794541,4467779447,1116.0,7
4,SLAPRP_Guo_small_O100_alpha0.2_v3.txt,ALS,GREEDY,CLARKE_WRIGHT_HEURISTIC,12.2419335,125160674,0.0033164,724078,0.0179124,1587726,1576.0,7
4,SLAPRP_Guo_small_O100_alpha0.2_v3.txt,ALS,GREEDY,NO_HEURISTIC,12.2419335,125160674,0.0042728,723742,0.0,0,4530.0,104
4,SLAPRP_Guo_small_O100_alpha0.2_v3.txt,ABC,ASTAR_HEURISTIC,CLARKE_WRIGHT,0.3654769,56347191,0.0086578,1944126,2.3906528,4070053383,828.0,10
4,SLAPRP_Guo_small_O100_alpha0.2_v3.txt,ABC,ASTAR_HEURISTIC,CLARKE_WRIGHT_HEURISTIC,0.3654769,56347191,0.0044727,1944254,0.0017989,1605022,1290.0,8
4,SLAPRP_Guo_small_O100_alpha0.2_v3.txt,ABC,ASTAR_HEURISTIC,NO_HEURISTIC,0.3654769,56347191,0.004201,1944142,0.0,0,2908.0,104
4,SLAPRP_Guo_small_O100_alpha0.2_v3.txt,ABC,GREEDY,CLARKE_WRIGHT,0.3654769,56347191,0.0031702,732350,2.3720443,4050419319,648.0,9
4,SLAPRP_Guo_small_O100_alpha0.2_v3.txt,ABC,GREEDY,CLARKE_WRIGHT_HEURISTIC,0.3654769,56347191,0.0047177,732798,0.0023951,1619518,1004.0,7
4,SLAPRP_Guo_small_O100_alpha0.2_v3.txt,ABC,GREEDY,NO_HEURISTIC,0.3654769,56347191,0.0034487,732446,0.0,0,2808.0,104
4,SLAPRP_Guo_small_O100_alpha0.2_v3.txt,ABC_HEURISTIC,ASTAR_HEURISTIC,CLARKE_WRIGHT,0.3851641,56701744,0.0101976,1916078,2.4292069,4149600391,920.0,9
4,SLAPRP_Guo_small_O100_alpha0.2_v3.txt,ABC_HEURISTIC,ASTAR_HEURISTIC,CLARKE_WRIGHT_HEURISTIC,0.3851641,56701744,0.0044036,1916254,0.0036041,1670750,1510.0,8
4,SLAPRP_Guo_small_O100_alpha0.2_v3.txt,ABC_HEURISTIC,ASTAR_HEURISTIC,NO_HEURISTIC,0.3851641,56701744,0.003812,1916030,0.0,0,3014.0,104
4,SLAPRP_Guo_small_O100_alpha0.2_v3.txt,ABC_HEURISTIC,GREEDY,CLARKE_WRIGHT,0.3851641,56701744,0.0037099,710286,2.2425481,3817893847,906.0,10
4,SLAPRP_Guo_small_O100_alpha0.2_v3.txt,ABC_HEURISTIC,GREEDY,CLARKE_WRIGHT_HEURISTIC,0.3851641,56701744,0.0032498,710446,0.0015806,1579358,1440.0,8
4,SLAPRP_Guo_small_O100_alpha0.2_v3.txt,ABC_HEURISTIC,GREEDY,NO_HEURISTIC,0.3851641,56701744,0.0033779,710270,0.0,0,3356.0,104
4,SLAPRP_Guo_small_O100_alpha0.2_v3.txt,MESSAGE_PASSING,ASTAR_HEURISTIC,CLARKE_WRIGHT,12.4065058,132433871,0.0087619,1830926,2.6967022,4726225703,1110.0,7
4,SLAPRP_Guo_small_O100_alpha0.2_v3.txt,MESSAGE_PASSING,ASTAR_HEURISTIC,CLARKE_WRIGHT_HEURISTIC,12.4065058,132433871,0.0060261,1831054,0.0021114,1680542,1854.0,8
4,SLAPRP_Guo_small_O100_alpha0.2_v3.txt,MESSAGE_PASSING,ASTAR_HEURISTIC,NO_HEURISTIC,12.4065058,132433871,0.004267,1830878,0.0,0,4890.0,104
4,SLAPRP_Guo_small_O100_alpha0.2_v3.txt,MESSAGE_PASSING,GREEDY,CLARKE_WRIGHT,12.4065058,132433871,0.0037151,713822,2.6038514,4551085383,1098.0,7
4,SLAPRP_Guo_small_O100_alpha0.2_v3.txt,MESSAGE_PASSING,GREEDY,CLARKE_WRIGHT_HEURISTIC,12.4065058,132433871,0.0032161,713998,0.0016814,1604654,1500.0,8
4,SLAPRP_Guo_small_O100_alpha0.2_v3.txt,MESSAGE_PASSING,GREEDY,NO_HEURISTIC,12.4065058,132433871,0.0035014,713822,0.0,0,4662.0,104
5,SLAPRP_Guo_small_O100_alpha0.2_v4.txt,ALS,ASTAR_HEURISTIC,CLARKE_WRIGHT,7.2226615,152181376,0.0060643,1762302,2.5644515,4619739637,996.0,6
5,SLAPRP_Guo_small_O100_alpha0.2_v4.txt,ALS,ASTAR_HEURISTIC,CLARKE_WRIGHT_HEURISTIC,7.2226615,152181376,0.0041815,1762462,0.0024217,1601118,1276.0,6
5,SLAPRP_Guo_small_O100_alpha0.2_v4.txt,ALS,ASTAR_HEURISTIC,NO_HEURISTIC,7.2226615,152181376,0.0047251,1762350,0.0,0,4410.0,104
5,SLAPRP_Guo_small_O100_alpha0.2_v4.txt,ALS,GREEDY,CLARKE_WRIGHT,7.2226615,152181376,0.0050088,701774,2.6449211,4634661285,936.0,6
5,SLAPRP_Guo_small_O100_alpha0.2_v4.txt,ALS,GREEDY,CLARKE_WRIGHT_HEURISTIC,7.2226615,152181376,0.0044657,702174,0.0021449,1566398,1156.0,6
5,SLAPRP_Guo_small_O100_alpha0.2_v4.txt,ALS,GREEDY,NO_HEURISTIC,7.2226615,152181376,0.003144,701790,0.0,0,4176.0,104
5,SLAPRP_Guo_small_O100_alpha0.2_v4.txt,ABC,ASTAR_HEURISTIC,CLARKE_WRIGHT,0.3820335,56666951,0.0076143,1702494,2.3561607,3969929589,684.0,6
5,SLAPRP_Guo_small_O100_alpha0.2_v4.txt,ABC,ASTAR_HEURISTIC,CLARKE_WRIGHT_HEURISTIC,0.3820335,56666951,0.0041012,1702654,0.0016421,1538414,1050.0,8
5,SLAPRP_Guo_small_O100_alpha0.2_v4.txt,ABC,ASTAR_HEURISTIC,NO_HEURISTIC,0.3820335,56666951,0.0037941,1702494,0.0,0,2640.0,104
5,SLAPRP_Guo_small_O100_alpha0.2_v4.txt,ABC,GREEDY,CLARKE_WRIGHT,0.3820335,56666951,0.0040536,678478,2.1944056,3788200437,606.0,11
5,SLAPRP_Guo_small_O100_alpha0.2_v4.txt,ABC,GREEDY,CLARKE_WRIGHT_HEURISTIC,0.3820335,56666951,0.0031716,678894,0.0018508,1453310,934.0,7
5,SLAPRP_Guo_small_O100_alpha0.2_v4.txt,ABC,GREEDY,NO_HEURISTIC,0.3820335,56666951,0.0031549,678526,0.0,0,2590.0,104
5,SLAPRP_Guo_small_O100_alpha0.2_v4.txt,ABC_HEURISTIC,ASTAR_HEURISTIC,CLARKE_WRIGHT,0.3732656,57381472,0.0088499,1799182,2.5868825,4310800711,800.0,6
5,SLAPRP_Guo_small_O100_alpha0.2_v4.txt,ABC_HEURISTIC,ASTAR_HEURISTIC,CLARKE_WRIGHT_HEURISTIC,0.3732656,57381472,0.0057092,1799310,0.0021796,1593342,1292.0,7
5,SLAPRP_Guo_small_O100_alpha0.2_v4.txt,ABC_HEURISTIC,ASTAR_HEURISTIC,NO_HEURISTIC,0.3732656,57381472,0.0044622,1799134,0.0,0,2870.0,104
5,SLAPRP_Guo_small_O100_alpha0.2_v4.txt,ABC_HEURISTIC,GREEDY,CLARKE_WRIGHT,0.3732656,57381472,0.0035459,669214,2.1694243,3637165125,634.0,6
5,SLAPRP_Guo_small_O100_alpha0.2_v4.txt,ABC_HEURISTIC,GREEDY,CLARKE_WRIGHT_HEURISTIC,0.3732656,57381472,0.003058,669310,0.0016497,1515886,1066.0,7
5,SLAPRP_Guo_small_O100_alpha0.2_v4.txt,ABC_HEURISTIC,GREEDY,NO_HEURISTIC,0.3732656,57381472,0.0035447,669182,0.0,0,2676.0,104
5,SLAPRP_Guo_small_O100_alpha0.2_v4.txt,MESSAGE_PASSING,ASTAR_HEURISTIC,CLARKE_WRIGHT,9.3145516,159529428,0.0059573,1695550,2.5322827,4477746871,842.0,6
5,SLAPRP_Guo_small_O100_alpha0.2_v4.txt,MESSAGE_PASSING,ASTAR_HEURISTIC,CLARKE_WRIGHT_HEURISTIC,9.3145516,159529428,0.0043114,1695694,0.0029641,1603486,1442.0,7
5,SLAPRP_Guo_small_O100_alpha0.2_v4.txt,MESSAGE_PASSING,ASTAR_HEURISTIC,NO_HEURISTIC,9.3145516,159529428,0.0044404,1695502,0.0,0,3776.0,104
5,SLAPRP_Guo_small_O100_alpha0.2_v4.txt,MESSAGE_PASSING,GREEDY,CLARKE_WRIGHT,9.3145516,159529428,0.0051971,678254,2.3567179,4195130919,820.0,6
5,SLAPRP_Guo_small_O100_alpha0.2_v4.txt,MESSAGE_PASSING,GREEDY,CLARKE_WRIGHT_HEURISTIC,9.3145516,159529428,0.0042452,678462,0.0018009,1565934,1252.0,7
5,SLAPRP_Guo_small_O100_alpha0.2_v4.txt,MESSAGE_PASSING,GREEDY,NO_HEURISTIC,9.3145516,159529428,0.0041551,678270,0.0,0,3694.0,104
6,SLAPRP_Guo_small_O100_alpha0.2_v5.txt,ALS,ASTAR_HEURISTIC,CLARKE_WRIGHT,7.5921946,138301500,0.0056136,1961214,2.5204673,4489375717,1020.0,7
6,SLAPRP_Guo_small_O100_alpha0.2_v5.txt,ALS,ASTAR_HEURISTIC,CLARKE_WRIGHT_HEURISTIC,7.5921946,138301500,0.0041282,1961342,0.0015019,1590974,1572.0,8
6,SLAPRP_Guo_small_O100_alpha0.2_v5.txt,ALS,ASTAR_HEURISTIC,NO_HEURISTIC,7.5921946,138301500,0.0052522,1961230,0.0,0,4884.0,100
6,SLAPRP_Guo_small_O100_alpha0.2_v5.txt,ALS,GREEDY,CLARKE_WRIGHT,7.5921946,138301500,0.0034733,717054,2.6329557,4377012021,962.0,7
6,SLAPRP_Guo_small_O100_alpha0.2_v5.txt,ALS,GREEDY,CLARKE_WRIGHT_HEURISTIC,7.5921946,138301500,0.0055265,717438,0.0018507,1561470,1356.0,7
6,SLAPRP_Guo_small_O100_alpha0.2_v5.txt,ALS,GREEDY,NO_HEURISTIC,7.5921946,138301500,0.0037932,717006,0.0,0,4586.0,100
6,SLAPRP_Guo_small_O100_alpha0.2_v5.txt,ABC,ASTAR_HEURISTIC,CLARKE_WRIGHT,0.402942,56173303,0.0070227,1889870,2.3083481,3890965077,776.0,7
6,SLAPRP_Guo_small_O100_alpha0.2_v5.txt,ABC,ASTAR_HEURISTIC,CLARKE_WRIGHT_HEURISTIC,0.402942,56173303,0.0049834,1890046,0.0019823,1553934,1104.0,7
6,SLAPRP_Guo_small_O100_alpha0.2_v5.txt,ABC,ASTAR_HEURISTIC,NO_HEURISTIC,0.402942,56173303,0.0059739,1889870,0.0,0,2720.0,100
6,SLAPRP_Guo_small_O100_alpha0.2_v5.txt,ABC,GREEDY,CLARKE_WRIGHT,0.402942,56173303,0.0033648,696206,2.1611301,3613182119,542.0,7
6,SLAPRP_Guo_small_O100_alpha0.2_v5.txt,ABC,GREEDY,CLARKE_WRIGHT_HEURISTIC,0.402942,56173303,0.0042644,696606,0.0015492,1478558,844.0,7
6,SLAPRP_Guo_small_O100_alpha0.2_v5.txt,ABC,GREEDY,NO_HEURISTIC,0.402942,56173303,0.0035825,696158,0.0,0,2604.0,100
6,SLAPRP_Guo_small_O100_alpha0.2_v5.txt,ABC_HEURISTIC,ASTAR_HEURISTIC,CLARKE_WRIGHT,0.3955008,56887840,0.0090441,1960878,3.3734379,4080708327,904.0,8
6,SLAPRP_Guo_small_O100_alpha0.2_v5.txt,ABC_HEURISTIC,ASTAR_HEURISTIC,CLARKE_WRIGHT_HEURISTIC,0.3955008,56887840,0.0058158,1961022,0.0033506,1591598,1380.0,8
6,SLAPRP_Guo_small_O100_alpha0.2_v5.txt,ABC_HEURISTIC,ASTAR_HEURISTIC,NO_HEURISTIC,0.3955008,56887840,0.0073458,1960830,0.0,0,2934.0,100
6,SLAPRP_Guo_small_O100_alpha0.2_v5.txt,ABC_HEURISTIC,GREEDY,CLARKE_WRIGHT,0.3955008,56887840,0.0059925,724638,2.6757507,3637607255,758.0,7
6,SLAPRP_Guo_small_O100_alpha0.2_v5.txt,ABC_HEURISTIC,GREEDY,CLARKE_WRIGHT_HEURISTIC,0.3955008,56887840,0.0050187,724734,0.0014533,1534926,1140.0,7
6,SLAPRP_Guo_small_O100_alpha0.2_v5.txt,ABC_HEURISTIC,GREEDY,NO_HEURISTIC,0.3955008,56887840,0.0053804,724574,0.0,0,3022.0,100
6,SLAPRP_Guo_small_O100_alpha0.2_v5.txt,MESSAGE_PASSING,ASTAR_HEURISTIC,CLARKE_WRIGHT,8.402778,144912233,0.0071208,1912318,2.9145618,4554059765,1074.0,7
6,SLAPRP_Guo_small_O100_alpha0.2_v5.txt,MESSAGE_PASSING,ASTAR_HEURISTIC,CLARKE_WRIGHT_HEURISTIC,8.402778,144912233,0.0254761,1912414,0.003416,1589486,1520.0,8
6,SLAPRP_Guo_small_O100_alpha0.2_v5.txt,MESSAGE_PASSING,ASTAR_HEURISTIC,NO_HEURISTIC,8.402778,144912233,0.0059117,1912254,0.0,0,4878.0,100
6,SLAPRP_Guo_small_O100_alpha0.2_v5.txt,MESSAGE_PASSING,GREEDY,CLARKE_WRIGHT,8.402778,144912233,0.0039634,709710,3.0105379,4231760325,1008.0,7
6,SLAPRP_Guo_small_O100_alpha0.2_v5.txt,MESSAGE_PASSING,GREEDY,CLARKE_WRIGHT_HEURISTIC,8.402778,144912233,0.0061495,709854,0.003306,1575550,1410.0,8
6,SLAPRP_Guo_small_O100_alpha0.2_v5.txt,MESSAGE_PASSING,GREEDY,NO_HEURISTIC,8.402778,144912233,0.0063852,709726,0.0,0,4580.0,100
7,SLAPRP_Guo_small_O100_alpha0.2_v6.txt,ALS,ASTAR_HEURISTIC,CLARKE_WRIGHT,12.557514,129164288,0.0074861,2019102,2.8136919,4256595095,900.0,6
7,SLAPRP_Guo_small_O100_alpha0.2_v6.txt,ALS,ASTAR_HEURISTIC,CLARKE_WRIGHT_HEURISTIC,12.557514,129164288,0.004701,2019294,0.0016604,1504366,1348.0,8
7,SLAPRP_Guo_small_O100_alpha0.2_v6.txt,ALS,ASTAR_HEURISTIC,NO_HEURISTIC,12.557514,129164288,0.0079098,2019118,0.0,0,4286.0,100
7,SLAPRP_Guo_small_O100_alpha0.2_v6.txt,ALS,GREEDY,CLARKE_WRIGHT,12.557514,129164288,0.0042056,701230,2.7528333,4132860389,858.0,6
7,SLAPRP_Guo_small_O100_alpha0.2_v6.txt,ALS,GREEDY,CLARKE_WRIGHT_HEURISTIC,12.557514,129164288,0.0036869,701662,0.0016333,1480398,1290.0,7
7,SLAPRP_Guo_small_O100_alpha0.2_v6.txt,ALS,GREEDY,NO_HEURISTIC,12.557514,129164288,0.0036848,701198,0.0,0,4206.0,100
7,SLAPRP_Guo_small_O100_alpha0.2_v6.txt,ABC,ASTAR_HEURISTIC,CLARKE_WRIGHT,0.3926466,56419767,0.0048494,1983134,2.5088298,3655995461,742.0,8
7,SLAPRP_Guo_small_O100_alpha0.2_v6.txt,ABC,ASTAR_HEURISTIC,CLARKE_WRIGHT_HEURISTIC,0.3926466,56419767,0.0044099,1983310,0.0017124,1552926,1036.0,7
7,SLAPRP_Guo_small_O100_alpha0.2_v6.txt,ABC,ASTAR_HEURISTIC,NO_HEURISTIC,0.3926466,56419767,0.0048627,1983102,0.0,0,2642.0,100
7,SLAPRP_Guo_small_O100_alpha0.2_v6.txt,ABC,GREEDY,CLARKE_WRIGHT,0.3926466,56419767,0.0045644,693790,2.1699491,3378062133,518.0,8
7,SLAPRP_Guo_small_O100_alpha0.2_v6.txt,ABC,GREEDY,CLARKE_WRIGHT_HEURISTIC,0.3926466,56419767,0.0038615,694174,0.0025307,1423918,740.0,6
7,SLAPRP_Guo_small_O100_alpha0.2_v6.txt,ABC,GREEDY,NO_HEURISTIC,0.3926466,56419767,0.004101,693742,0.0,0,2490.0,100
7,SLAPRP_Guo_small_O100_alpha0.2_v6.txt,ABC_HEURISTIC,ASTAR_HEURISTIC,CLARKE_WRIGHT,0.4408739,56771648,0.0083474,1988430,2.4011103,3919057941,868.0,6
7,SLAPRP_Guo_small_O100_alpha0.2_v6.txt,ABC_HEURISTIC,ASTAR_HEURISTIC,CLARKE_WRIGHT_HEURISTIC,0.4408739,56771648,0.0051255,1988606,0.0039987,1620798,1478.0,7
7,SLAPRP_Guo_small_O100_alpha0.2_v6.txt,ABC_HEURISTIC,ASTAR_HEURISTIC,NO_HEURISTIC,0.4408739,56771648,0.0072403,1988398,0.0,0,2840.0,100
7,SLAPRP_Guo_small_O100_alpha0.2_v6.txt,ABC_HEURISTIC,GREEDY,CLARKE_WRIGHT,0.4408739,56771648,0.0035904,714094,2.2542757,3584730549,774.0,7
7,SLAPRP_Guo_small_O100_alpha0.2_v6.txt,ABC_HEURISTIC,GREEDY,CLARKE_WRIGHT_HEURISTIC,0.4408739,56771648,0.0045291,714254,0.002307,1492670,1116.0,7
7,SLAPRP_Guo_small_O100_alpha0.2_v6.txt,ABC_HEURISTIC,GREEDY,NO_HEURISTIC,0.4408739,56771648,0.0041235,714078,0.0,0,2924.0,100
7,SLAPRP_Guo_small_O100_alpha0.2_v6.txt,MESSAGE_PASSING,ASTAR_HEURISTIC,CLARKE_WRIGHT,26.9978827,136121549,0.0085965,2059070,2.558691,3662497191,910.0,6
7,SLAPRP_Guo_small_O100_alpha0.2_v6.txt,MESSAGE_PASSING,ASTAR_HEURISTIC,CLARKE_WRIGHT_HEURISTIC,26.9978827,136121549,0.0233651,2059150,0.0066807,1481886,1432.0,8
7,SLAPRP_Guo_small_O100_alpha0.2_v6.txt,MESSAGE_PASSING,ASTAR_HEURISTIC,NO_HEURISTIC,26.9978827,136121549,0.0048071,2059022,0.0,0,4384.0,100
7,SLAPRP_Guo_small_O100_alpha0.2_v6.txt,MESSAGE_PASSING,GREEDY,CLARKE_WRIGHT,26.9978827,136121549,0.003936,709630,2.7634538,3416769461,852.0,6
7,SLAPRP_Guo_small_O100_alpha0.2_v6.txt,MESSAGE_PASSING,GREEDY,CLARKE_WRIGHT_HEURISTIC,26.9978827,136121549,0.0048454,709806,0.0026585,1512894,1220.0,7
7,SLAPRP_Guo_small_O100_alpha0.2_v6.txt,MESSAGE_PASSING,GREEDY,NO_HEURISTIC,26.9978827,136121549,0.0034193,709678,0.0,0,3924.0,100
8,SLAPRP_Guo_small_O100_alpha0.2_v7.txt,ALS,ASTAR_HEURISTIC,CLARKE_WRIGHT,8.5690727,133467234,0.0074433,1866542,2.6804381,4709744773,1012.0,6
8,SLAPRP_Guo_small_O100_alpha0.2_v7.txt,ALS,ASTAR_HEURISTIC,CLARKE_WRIGHT_HEURISTIC,8.5690727,133467234,0.003986,1866702,0.0015568,1614574,1444.0,6
8,SLAPRP_Guo_small_O100_alpha0.2_v7.txt,ALS,ASTAR_HEURISTIC,NO_HEURISTIC,8.5690727,133467234,0.0043137,1866526,0.0,0,4442.0,104
8,SLAPRP_Guo_small_O100_alpha0.2_v7.txt,ALS,GREEDY,CLARKE_WRIGHT,8.5690727,133467234,0.0040871,715758,2.7506616,4613056069,856.0,6
8,SLAPRP_Guo_small_O100_alpha0.2_v7.txt,ALS,GREEDY,CLARKE_WRIGHT_HEURISTIC,8.5690727,133467234,0.0032159,716158,0.0020876,1579374,1248.0,6
8,SLAPRP_Guo_small_O100_alpha0.2_v7.txt,ALS,GREEDY,NO_HEURISTIC,8.5690727,133467234,0.0051551,715774,0.0,0,4342.0,104
8,SLAPRP_Guo_small_O100_alpha0.2_v7.txt,ABC,ASTAR_HEURISTIC,CLARKE_WRIGHT,0.3836663,56826295,0.0079849,1875230,2.4339548,4118065685,686.0,6
8,SLAPRP_Guo_small_O100_alpha0.2_v7.txt,ABC,ASTAR_HEURISTIC,CLARKE_WRIGHT_HEURISTIC,0.3836663,56826295,0.0042301,1875358,0.001731,1599982,964.0,7
8,SLAPRP_Guo_small_O100_alpha0.2_v7.txt,ABC,ASTAR_HEURISTIC,NO_HEURISTIC,0.3836663,56826295,0.0050251,1875182,0.0,0,2632.0,104
8,SLAPRP_Guo_small_O100_alpha0.2_v7.txt,ABC,GREEDY,CLARKE_WRIGHT,0.3836663,56826295,0.0047469,695150,2.3536354,3959783061,598.0,6
8,SLAPRP_Guo_small_O100_alpha0.2_v7.txt,ABC,GREEDY,CLARKE_WRIGHT_HEURISTIC,0.3836663,56826295,0.0032183,695534,0.0021825,1532254,864.0,6
8,SLAPRP_Guo_small_O100_alpha0.2_v7.txt,ABC,GREEDY,NO_HEURISTIC,0.3836663,56826295,0.0034223,695182,0.0,0,2642.0,104
8,SLAPRP_Guo_small_O100_alpha0.2_v7.txt,ABC_HEURISTIC,ASTAR_HEURISTIC,CLARKE_WRIGHT,0.3916998,57177872,0.0080969,1902542,2.5052501,4245575189,824.0,6
8,SLAPRP_Guo_small_O100_alpha0.2_v7.txt,ABC_HEURISTIC,ASTAR_HEURISTIC,CLARKE_WRIGHT_HEURISTIC,0.3916998,57177872,0.0253475,1902686,0.0015542,1638862,1264.0,7
8,SLAPRP_Guo_small_O100_alpha0.2_v7.txt,ABC_HEURISTIC,ASTAR_HEURISTIC,NO_HEURISTIC,0.3916998,57177872,0.0067978,1902462,0.0,0,2864.0,104
8,SLAPRP_Guo_small_O100_alpha0.2_v7.txt,ABC_HEURISTIC,GREEDY,CLARKE_WRIGHT,0.3916998,57177872,0.0033048,714798,2.3865722,3984527333,734.0,6
8,SLAPRP_Guo_small_O100_alpha0.2_v7.txt,ABC_HEURISTIC,GREEDY,CLARKE_WRIGHT_HEURISTIC,0.3916998,57177872,0.0042306,714974,0.001908,1531422,1226.0,8
8,SLAPRP_Guo_small_O100_alpha0.2_v7.txt,ABC_HEURISTIC,GREEDY,NO_HEURISTIC,0.3916998,57177872,0.0035868,714814,0.0,0,2782.0,104
8,SLAPRP_Guo_small_O100_alpha0.2_v7.txt,MESSAGE_PASSING,ASTAR_HEURISTIC,CLARKE_WRIGHT,9.6072999,139396431,0.0073063,1935422,2.6039044,4714205685,1012.0,6
8,SLAPRP_Guo_small_O100_alpha0.2_v7.txt,MESSAGE_PASSING,ASTAR_HEURISTIC,CLARKE_WRIGHT_HEURISTIC,9.6072999,139396431,0.0039491,1935550,0.0015759,1637422,1460.0,7
8,SLAPRP_Guo_small_O100_alpha0.2_v7.txt,MESSAGE_PASSING,ASTAR_HEURISTIC,NO_HEURISTIC,9.6072999,139396431,0.0050614,1935406,0.0,0,4174.0,104
8,SLAPRP_Guo_small_O100_alpha0.2_v7.txt,MESSAGE_PASSING,GREEDY,CLARKE_WRIGHT,9.6072999,139396431,0.0060662,709950,2.5416074,4416611157,874.0,6
8,SLAPRP_Guo_small_O100_alpha0.2_v7.txt,MESSAGE_PASSING,GREEDY,CLARKE_WRIGHT_HEURISTIC,9.6072999,139396431,0.0038339,710126,0.0024342,1601342,1234.0,7
8,SLAPRP_Guo_small_O100_alpha0.2_v7.txt,MESSAGE_PASSING,GREEDY,NO_HEURISTIC,9.6072999,139396431,0.0031236,709918,0.0,0,4108.0,104
9,SLAPRP_Guo_small_O100_alpha0.2_v8.txt,ALS,ASTAR_HEURISTIC,CLARKE_WRIGHT,9.2507954,150389540,0.0061266,1728382,2.3017167,4136667943,842.0,6
9,SLAPRP_Guo_small_O100_alpha0.2_v8.txt,ALS,ASTAR_HEURISTIC,CLARKE_WRIGHT_HEURISTIC,9.2507954,150389540,0.0048834,1728526,0.0023753,1538078,1258.0,7
9,SLAPRP_Guo_small_O100_alpha0.2_v8.txt,ALS,ASTAR_HEURISTIC,NO_HEURISTIC,9.2507954,150389540,0.0070061,1728382,0.0,0,4138.0,101
9,SLAPRP_Guo_small_O100_alpha0.2_v8.txt,ALS,GREEDY,CLARKE_WRIGHT,9.2507954,150389540,0.00527,667422,2.3000312,4017644375,898.0,6
9,SLAPRP_Guo_small_O100_alpha0.2_v8.txt,ALS,GREEDY,CLARKE_WRIGHT_HEURISTIC,9.2507954,150389540,0.003542,667838,0.0015117,1557790,1272.0,6
9,SLAPRP_Guo_small_O100_alpha0.2_v8.txt,ALS,GREEDY,NO_HEURISTIC,9.2507954,150389540,0.0039126,667470,0.0,0,4228.0,101
9,SLAPRP_Guo_small_O100_alpha0.2_v8.txt,ABC,ASTAR_HEURISTIC,CLARKE_WRIGHT,0.3689494,56850023,0.0077673,1698078,2.2527511,3717971909,636.0,6
9,SLAPRP_Guo_small_O100_alpha0.2_v8.txt,ABC,ASTAR_HEURISTIC,CLARKE_WRIGHT_HEURISTIC,0.3689494,56850023,0.004061,1698206,0.0014356,1503070,1014.0,7
9,SLAPRP_Guo_small_O100_alpha0.2_v8.txt,ABC,ASTAR_HEURISTIC,NO_HEURISTIC,0.3689494,56850023,0.0044897,1698046,0.0,0,2520.0,101
9,SLAPRP_Guo_small_O100_alpha0.2_v8.txt,ABC,GREEDY,CLARKE_WRIGHT,0.3689494,56850023,0.0038627,660158,2.0259241,3514745861,544.0,6
9,SLAPRP_Guo_small_O100_alpha0.2_v8.txt,ABC,GREEDY,CLARKE_WRIGHT_HEURISTIC,0.3689494,56850023,0.0040626,660542,0.0023611,1473022,868.0,7
9,SLAPRP_Guo_small_O100_alpha0.2_v8.txt,ABC,GREEDY,NO_HEURISTIC,0.3689494,56850023,0.0033707,660190,0.0,0,2472.0,101
9,SLAPRP_Guo_small_O100_alpha0.2_v8.txt,ABC_HEURISTIC,ASTAR_HEURISTIC,CLARKE_WRIGHT,0.3747001,57204080,0.0064351,1738814,2.5465587,3769314855,652.0,6
9,SLAPRP_Guo_small_O100_alpha0.2_v8.txt,ABC_HEURISTIC,ASTAR_HEURISTIC,CLARKE_WRIGHT_HEURISTIC,0.3747001,57204080,0.0066751,1738958,0.0178836,1518046,1094.0,6
9,SLAPRP_Guo_small_O100_alpha0.2_v8.txt,ABC_HEURISTIC,ASTAR_HEURISTIC,NO_HEURISTIC,0.3747001,57204080,0.0067815,1738766,0.0,0,2510.0,101
9,SLAPRP_Guo_small_O100_alpha0.2_v8.txt,ABC_HEURISTIC,GREEDY,CLARKE_WRIGHT,0.3747001,57204080,0.0034247,672190,2.1133513,3587220405,528.0,7
9,SLAPRP_Guo_small_O100_alpha0.2_v8.txt,ABC_HEURISTIC,GREEDY,CLARKE_WRIGHT_HEURISTIC,0.3747001,57204080,0.0038318,672270,0.0031677,1482302,974.0,6
9,SLAPRP_Guo_small_O100_alpha0.2_v8.txt,ABC_HEURISTIC,GREEDY,NO_HEURISTIC,0.3747001,57204080,0.0046707,672174,0.0,0,2504.0,101
9,SLAPRP_Guo_small_O100_alpha0.2_v8.txt,MESSAGE_PASSING,ASTAR_HEURISTIC,CLARKE_WRIGHT,10.3531437,157404328,0.0064083,1774254,2.4300168,4198068741,896.0,6
9,SLAPRP_Guo_small_O100_alpha0.2_v8.txt,MESSAGE_PASSING,ASTAR_HEURISTIC,CLARKE_WRIGHT_HEURISTIC,10.3531437,157404328,0.0040896,1774382,0.0015049,1586542,1338.0,7
9,SLAPRP_Guo_small_O100_alpha0.2_v8.txt,MESSAGE_PASSING,ASTAR_HEURISTIC,NO_HEURISTIC,10.3531437,157404328,0.003782,1774222,0.0,0,3946.0,101
9,SLAPRP_Guo_small_O100_alpha0.2_v8.txt,MESSAGE_PASSING,GREEDY,CLARKE_WRIGHT,10.3531437,157404328,0.0038972,678478,2.4168671,4218800565,942.0,6
9,SLAPRP_Guo_small_O100_alpha0.2_v8.txt,MESSAGE_PASSING,GREEDY,CLARKE_WRIGHT_HEURISTIC,10.3531437,157404328,0.003376,678590,0.0014065,1558302,1368.0,7
9,SLAPRP_Guo_small_O100_alpha0.2_v8.txt,MESSAGE_PASSING,GREEDY,NO_HEURISTIC,10.3531437,157404328,0.0211413,678414,0.0,0,3864.0,101
10,SLAPRP_Guo_small_O100_alpha0.2_v9.txt,ALS,ASTAR_HEURISTIC,CLARKE_WRIGHT,5.510566,133771794,0.0053108,1840510,2.6030588,4533377943,1108.0,6
10,SLAPRP_Guo_small_O100_alpha0.2_v9.txt,ALS,ASTAR_HEURISTIC,CLARKE_WRIGHT_HEURISTIC,5.510566,133771794,0.0051521,1840622,0.0032103,1686094,1738.0,8
10,SLAPRP_Guo_small_O100_alpha0.2_v9.txt,ALS,ASTAR_HEURISTIC,NO_HEURISTIC,5.510566,133771794,0.0064004,1840446,0.0,0,4916.0,101
10,SLAPRP_Guo_small_O100_alpha0.2_v9.txt,ALS,GREEDY,CLARKE_WRIGHT,5.510566,133771794,0.0033897,708206,2.4739901,4275357255,930.0,7
10,SLAPRP_Guo_small_O100_alpha0.2_v9.txt,ALS,GREEDY,CLARKE_WRIGHT_HEURISTIC,5.510566,133771794,0.0041216,708574,0.0015676,1608366,1442.0,7
10,SLAPRP_Guo_small_O100_alpha0.2_v9.txt,ALS,GREEDY,NO_HEURISTIC,5.510566,133771794,0.0041226,708158,0.0,0,4722.0,101
10,SLAPRP_Guo_small_O100_alpha0.2_v9.txt,ABC,ASTAR_HEURISTIC,CLARKE_WRIGHT,0.3612918,56471815,0.0085826,1886750,2.094291,3557049063,724.0,6
10,SLAPRP_Guo_small_O100_alpha0.2_v9.txt,ABC,ASTAR_HEURISTIC,CLARKE_WRIGHT_HEURISTIC,0.3612918,56471815,0.0043238,1886878,0.0023683,1528126,1152.0,7
10,SLAPRP_Guo_small_O100_alpha0.2_v9.txt,ABC,ASTAR_HEURISTIC,NO_HEURISTIC,0.3612918,56471815,0.00709,1886766,0.0,0,2702.0,101
10,SLAPRP_Guo_small_O100_alpha0.2_v9.txt,ABC,GREEDY,CLARKE_WRIGHT,0.3612918,56471815,0.0031761,687470,2.0777524,3527916103,560.0,7
10,SLAPRP_Guo_small_O100_alpha0.2_v9.txt,ABC,GREEDY,CLARKE_WRIGHT_HEURISTIC,0.3612918,56471815,0.0056694,687822,0.003229,1487214,870.0,7
10,SLAPRP_Guo_small_O100_alpha0.2_v9.txt,ABC,GREEDY,NO_HEURISTIC,0.3612918,56471815,0.004614,687486,0.0,0,2660.0,101
10,SLAPRP_Guo_small_O100_alpha0.2_v9.txt,ABC_HEURISTIC,ASTAR_HEURISTIC,CLARKE_WRIGHT,0.4708671,56821632,0.0068226,1885470,2.2924683,3754068999,774.0,8
10,SLAPRP_Guo_small_O100_alpha0.2_v9.txt,ABC_HEURISTIC,ASTAR_HEURISTIC,CLARKE_WRIGHT_HEURISTIC,0.4708671,56821632,0.0054559,1885614,0.002136,1609358,1370.0,7
10,SLAPRP_Guo_small_O100_alpha0.2_v9.txt,ABC_HEURISTIC,ASTAR_HEURISTIC,NO_HEURISTIC,0.4708671,56821632,0.0042493,1885422,0.0,0,2850.0,101
10,SLAPRP_Guo_small_O100_alpha0.2_v9.txt,ABC_HEURISTIC,GREEDY,CLARKE_WRIGHT,0.4708671,56821632,0.0033836,699438,2.0238347,3395551719,846.0,9
10,SLAPRP_Guo_small_O100_alpha0.2_v9.txt,ABC_HEURISTIC,GREEDY,CLARKE_WRIGHT_HEURISTIC,0.4708671,56821632,0.0037013,699582,0.0018147,1442062,1220.0,7
10,SLAPRP_Guo_small_O100_alpha0.2_v9.txt,ABC_HEURISTIC,GREEDY,NO_HEURISTIC,0.4708671,56821632,0.003418,699374,0.0,0,3028.0,101
10,SLAPRP_Guo_small_O100_alpha0.2_v9.txt,MESSAGE_PASSING,ASTAR_HEURISTIC,CLARKE_WRIGHT,11.9918779,140733919,0.0057612,1852254,2.3296005,4055176791,920.0,7
10,SLAPRP_Guo_small_O100_alpha0.2_v9.txt,MESSAGE_PASSING,ASTAR_HEURISTIC,CLARKE_WRIGHT_HEURISTIC,11.9918779,140733919,0.0043817,1852302,0.001638,1556622,1354.0,7
10,SLAPRP_Guo_small_O100_alpha0.2_v9.txt,MESSAGE_PASSING,ASTAR_HEURISTIC,NO_HEURISTIC,11.9918779,140733919,0.0047382,1852238,0.0,0,4302.0,101
10,SLAPRP_Guo_small_O100_alpha0.2_v9.txt,MESSAGE_PASSING,GREEDY,CLARKE_WRIGHT,11.9918779,140733919,0.0035189,701550,2.9493349,3965507845,934.0,7
10,SLAPRP_Guo_small_O100_alpha0.2_v9.txt,MESSAGE_PASSING,GREEDY,CLARKE_WRIGHT_HEURISTIC,11.9918779,140733919,0.0049047,701710,0.0021376,1562894,1446.0,8
10,SLAPRP_Guo_small_O100_alpha0.2_v9.txt,MESSAGE_PASSING,GREEDY,NO_HEURISTIC,11.9918779,140733919,0.0032846,701550,0.0,0,4114.0,101
11,SLAPRP_Guo_small_O100_alpha0.3_v1.txt,ALS,ASTAR_HEURISTIC,CLARKE_WRIGHT,17.1346515,136694920,0.0061843,1608558,2.4398289,4424989479,988.0,6
11,SLAPRP_Guo_small_O100_alpha0.3_v1.txt,ALS,ASTAR_HEURISTIC,CLARKE_WRIGHT_HEURISTIC,17.1346515,136694920,0.003792,1608638,0.0016256,1565342,1358.0,7
11,SLAPRP_Guo_small_O100_alpha0.3_v1.txt,ALS,ASTAR_HEURISTIC,NO_HEURISTIC,17.1346515,136694920,0.0045322,1608478,0.0,0,4364.0,105
11,SLAPRP_Guo_small_O100_alpha0.3_v1.txt,ALS,GREEDY,CLARKE_WRIGHT,17.1346515,136694920,0.0040624,668622,2.5743446,4355395109,936.0,6
11,SLAPRP_Guo_small_O100_alpha0.3_v1.txt,ALS,GREEDY,CLARKE_WRIGHT_HEURISTIC,17.1346515,136694920,0.0035374,668990,0.0016882,1599438,1406.0,6
11,SLAPRP_Guo_small_O100_alpha0.3_v1.txt,ALS,GREEDY,NO_HEURISTIC,17.1346515,136694920,0.0042176,668622,0.0,0,4396.0,105
11,SLAPRP_Guo_small_O100_alpha0.3_v1.txt,ABC,ASTAR_HEURISTIC,CLARKE_WRIGHT,0.3719202,56798910,0.006785,1649198,2.4193871,4192719893,704.0,6
11,SLAPRP_Guo_small_O100_alpha0.3_v1.txt,ABC,ASTAR_HEURISTIC,CLARKE_WRIGHT_HEURISTIC,0.3719202,56798910,0.0060589,1649278,0.002733,1556478,1046.0,6
11,SLAPRP_Guo_small_O100_alpha0.3_v1.txt,ABC,ASTAR_HEURISTIC,NO_HEURISTIC,0.3719202,56798910,0.0041846,1649102,0.0,0,2578.0,105
11,SLAPRP_Guo_small_O100_alpha0.3_v1.txt,ABC,GREEDY,CLARKE_WRIGHT,0.3719202,56798910,0.0044514,662702,2.2365282,3917339493,566.0,6
11,SLAPRP_Guo_small_O100_alpha0.3_v1.txt,ABC,GREEDY,CLARKE_WRIGHT_HEURISTIC,0.3719202,56798910,0.0033299,663054,0.0188987,1532846,946.0,7
11,SLAPRP_Guo_small_O100_alpha0.3_v1.txt,ABC,GREEDY,NO_HEURISTIC,0.3719202,56798910,0.0034928,662606,0.0,0,2622.0,105
11,SLAPRP_Guo_small_O100_alpha0.3_v1.txt,ABC_HEURISTIC,ASTAR_HEURISTIC,CLARKE_WRIGHT,0.3673059,57133584,0.0078661,1694926,2.5267321,4229233687,722.0,6
11,SLAPRP_Guo_small_O100_alpha0.3_v1.txt,ABC_HEURISTIC,ASTAR_HEURISTIC,CLARKE_WRIGHT_HEURISTIC,0.3673059,57133584,0.0049013,1695102,0.0148878,1611262,1144.0,6
11,SLAPRP_Guo_small_O100_alpha0.3_v1.txt,ABC_HEURISTIC,ASTAR_HEURISTIC,NO_HEURISTIC,0.3673059,57133584,0.0039822,1694910,0.0,0,2654.0,105
11,SLAPRP_Guo_small_O100_alpha0.3_v1.txt,ABC_HEURISTIC,GREEDY,CLARKE_WRIGHT,0.3673059,57133584,0.004383,669534,2.3613287,4110252965,564.0,6
11,SLAPRP_Guo_small_O100_alpha0.3_v1.txt,ABC_HEURISTIC,GREEDY,CLARKE_WRIGHT_HEURISTIC,0.3673059,57133584,0.0036368,669630,0.0016518,1468046,1122.0,7
11,SLAPRP_Guo_small_O100_alpha0.3_v1.txt,ABC_HEURISTIC,GREEDY,NO_HEURISTIC,0.3673059,57133584,0.0038347,669566,0.0,0,2734.0,105
11,SLAPRP_Guo_small_O100_alpha0.3_v1.txt,MESSAGE_PASSING,ASTAR_HEURISTIC,CLARKE_WRIGHT,24.5138115,145370885,0.0066576,1649326,2.6230984,4645360693,928.0,6
11,SLAPRP_Guo_small_O100_alpha0.3_v1.txt,MESSAGE_PASSING,ASTAR_HEURISTIC,CLARKE_WRIGHT_HEURISTIC,24.5138115,145370885,0.0043741,1649454,0.0017352,1613662,1328.0,6
11,SLAPRP_Guo_small_O100_alpha0.3_v1.txt,MESSAGE_PASSING,ASTAR_HEURISTIC,NO_HEURISTIC,24.5138115,145370885,0.0052976,1649310,0.0,0,4016.0,105
11,SLAPRP_Guo_small_O100_alpha0.3_v1.txt,MESSAGE_PASSING,GREEDY,CLARKE_WRIGHT,24.5138115,145370885,0.0044414,676766,2.6867635,4499737271,982.0,6
11,SLAPRP_Guo_small_O100_alpha0.3_v1.txt,MESSAGE_PASSING,GREEDY,CLARKE_WRIGHT_HEURISTIC,24.5138115,145370885,0.0036859,676942,0.0028566,1642718,1408.0,6
11,SLAPRP_Guo_small_O100_alpha0.3_v1.txt,MESSAGE_PASSING,GREEDY,NO_HEURISTIC,24.5138115,145370885,0.0029732,676782,0.0,0,4220.0,105
12,SLAPRP_Guo_small_O100_alpha0.3_v10.txt,ALS,ASTAR_HEURISTIC,CLARKE_WRIGHT,10.0122883,133564720,0.0048451,1664622,2.7136289,4872053893,1060.0,6
12,SLAPRP_Guo_small_O100_alpha0.3_v10.txt,ALS,ASTAR_HEURISTIC,CLARKE_WRIGHT_HEURISTIC,10.0122883,133564720,0.0039028,1664750,0.001506,1621278,1546.0,8
12,SLAPRP_Guo_small_O100_alpha0.3_v10.txt,ALS,ASTAR_HEURISTIC,NO_HEURISTIC,10.0122883,133564720,0.0041886,1664606,0.0,0,4780.0,106
12,SLAPRP_Guo_small_O100_alpha0.3_v10.txt,ALS,GREEDY,CLARKE_WRIGHT,10.0122883,133564720,0.0037185,686750,2.7373172,4711454279,962.0,6
12,SLAPRP_Guo_small_O100_alpha0.3_v10.txt,ALS,GREEDY,CLARKE_WRIGHT_HEURISTIC,10.0122883,133564720,0.0033314,687166,0.00166,1630686,1322.0,6
12,SLAPRP_Guo_small_O100_alpha0.3_v10.txt,ALS,GREEDY,NO_HEURISTIC,10.0122883,133564720,0.0036993,686766,0.0,0,4696.0,106
12,SLAPRP_Guo_small_O100_alpha0.3_v10.txt,ABC,ASTAR_HEURISTIC,CLARKE_WRIGHT,0.3669154,56831399,0.0092256,1744878,2.6046984,4478477623,746.0,7
12,SLAPRP_Guo_small_O100_alpha0.3_v10.txt,ABC,ASTAR_HEURISTIC,CLARKE_WRIGHT_HEURISTIC,0.3669154,56831399,0.0050261,1745006,0.0026472,1677262,1004.0,7
12,SLAPRP_Guo_small_O100_alpha0.3_v10.txt,ABC,ASTAR_HEURISTIC,NO_HEURISTIC,0.3669154,56831399,0.003972,1744814,0.0,0,2730.0,106
12,SLAPRP_Guo_small_O100_alpha0.3_v10.txt,ABC,GREEDY,CLARKE_WRIGHT,0.3669154,56831399,0.003605,704190,2.5160648,4372119573,662.0,6
12,SLAPRP_Guo_small_O100_alpha0.3_v10.txt,ABC,GREEDY,CLARKE_WRIGHT_HEURISTIC,0.3669154,56831399,0.0033326,704558,0.001658,1630302,936.0,6
12,SLAPRP_Guo_small_O100_alpha0.3_v10.txt,ABC,GREEDY,NO_HEURISTIC,0.3669154,56831399,0.0048101,704142,0.0,0,2698.0,106
12,SLAPRP_Guo_small_O100_alpha0.3_v10.txt,ABC_HEURISTIC,ASTAR_HEURISTIC,CLARKE_WRIGHT,0.3926492,57182704,0.0059526,1724046,2.9469264,5058307157,876.0,6
12,SLAPRP_Guo_small_O100_alpha0.3_v10.txt,ABC_HEURISTIC,ASTAR_HEURISTIC,CLARKE_WRIGHT_HEURISTIC,0.3926492,57182704,0.0049903,1724190,0.0025141,1675502,1410.0,7
12,SLAPRP_Guo_small_O100_alpha0.3_v10.txt,ABC_HEURISTIC,ASTAR_HEURISTIC,NO_HEURISTIC,0.3926492,57182704,0.0046601,1724046,0.0,0,3158.0,106
12,SLAPRP_Guo_small_O100_alpha0.3_v10.txt,ABC_HEURISTIC,GREEDY,CLARKE_WRIGHT,0.3926492,57182704,0.003186,697342,2.7755158,4633573495,724.0,6
12,SLAPRP_Guo_small_O100_alpha0.3_v10.txt,ABC_HEURISTIC,GREEDY,CLARKE_WRIGHT_HEURISTIC,0.3926492,57182704,0.0037279,697486,0.0015726,1583150,1318.0,7
12,SLAPRP_Guo_small_O100_alpha0.3_v10.txt,ABC_HEURISTIC,GREEDY,NO_HEURISTIC,0.3926492,57182704,0.0055288,697326,0.0,0,2930.0,106
12,SLAPRP_Guo_small_O100_alpha0.3_v10.txt,MESSAGE_PASSING,ASTAR_HEURISTIC,CLARKE_WRIGHT,10.3833291,138855741,0.0040534,1641486,2.830767,4962453383,960.0,6
12,SLAPRP_Guo_small_O100_alpha0.3_v10.txt,MESSAGE_PASSING,ASTAR_HEURISTIC,CLARKE_WRIGHT_HEURISTIC,10.3833291,138855741,0.0043206,1641550,0.001866,1610622,1402.0,7
12,SLAPRP_Guo_small_O100_alpha0.3_v10.txt,MESSAGE_PASSING,ASTAR_HEURISTIC,NO_HEURISTIC,10.3833291,138855741,0.0054615,1641470,0.0,0,4650.0,106
12,SLAPRP_Guo_small_O100_alpha0.3_v10.txt,MESSAGE_PASSING,GREEDY,CLARKE_WRIGHT,10.3833291,138855741,0.0038663,687166,2.7141299,4896083463,1074.0,6
12,SLAPRP_Guo_small_O100_alpha0.3_v10.txt,MESSAGE_PASSING,GREEDY,CLARKE_WRIGHT_HEURISTIC,10.3833291,138855741,0.0063207,687294,0.0027309,1603022,1520.0,7
12,SLAPRP_Guo_small_O100_alpha0.3_v10.txt,MESSAGE_PASSING,GREEDY,NO_HEURISTIC,10.3833291,138855741,0.0035382,687086,0.0,0,4658.0,106
13,SLAPRP_Guo_small_O100_alpha0.3_v2.txt,ALS,ASTAR_HEURISTIC,CLARKE_WRIGHT,16.4137812,155326022,0.0066078,1901870,2.8021151,4724108469,886.0,6
13,SLAPRP_Guo_small_O100_alpha0.3_v2.txt,ALS,ASTAR_HEURISTIC,CLARKE_WRIGHT_HEURISTIC,16.4137812,155326022,0.0056813,1902030,0.0017438,1592286,1544.0,7
13,SLAPRP_Guo_small_O100_alpha0.3_v2.txt,ALS,ASTAR_HEURISTIC,NO_HEURISTIC,16.4137812,155326022,0.0039686,1901870,0.0,0,4460.0,106
13,SLAPRP_Guo_small_O100_alpha0.3_v2.txt,ALS,GREEDY,CLARKE_WRIGHT,16.4137812,155326022,0.0044696,700574,2.5866267,4641323413,848.0,6
13,SLAPRP_Guo_small_O100_alpha0.3_v2.txt,ALS,GREEDY,CLARKE_WRIGHT_HEURISTIC,16.4137812,155326022,0.00325,700958,0.0017281,1592046,1110.0,6
13,SLAPRP_Guo_small_O100_alpha0.3_v2.txt,ALS,GREEDY,NO_HEURISTIC,16.4137812,155326022,0.0036725,700542,0.0,0,4202.0,106
13,SLAPRP_Guo_small_O100_alpha0.3_v2.txt,ABC,ASTAR_HEURISTIC,CLARKE_WRIGHT,0.337182,56643127,0.0064393,1830190,2.2863853,4228376501,624.0,7
13,SLAPRP_Guo_small_O100_alpha0.3_v2.txt,ABC,ASTAR_HEURISTIC,CLARKE_WRIGHT_HEURISTIC,0.337182,56643127,0.0038453,1830286,0.0016118,1550590,930.0,6
13,SLAPRP_Guo_small_O100_alpha0.3_v2.txt,ABC,ASTAR_HEURISTIC,NO_HEURISTIC,0.337182,56643127,0.0048125,1830142,0.0,0,2470.0,106
13,SLAPRP_Guo_small_O100_alpha0.3_v2.txt,ABC,GREEDY,CLARKE_WRIGHT,0.337182,56643127,0.0033518,680350,2.0829144,3931178805,482.0,6
13,SLAPRP_Guo_small_O100_alpha0.3_v2.txt,ABC,GREEDY,CLARKE_WRIGHT_HEURISTIC,0.337182,56643127,0.0049893,680718,0.0017496,1452510,742.0,7
13,SLAPRP_Guo_small_O100_alpha0.3_v2.txt,ABC,GREEDY,NO_HEURISTIC,0.337182,56643127,0.0032112,680350,0.0,0,2458.0,106
13,SLAPRP_Guo_small_O100_alpha0.3_v2.txt,ABC_HEURISTIC,ASTAR_HEURISTIC,CLARKE_WRIGHT,0.3577871,57359632,0.0061107,1887438,2.4345886,4515327957,700.0,6
13,SLAPRP_Guo_small_O100_alpha0.3_v2.txt,ABC_HEURISTIC,ASTAR_HEURISTIC,CLARKE_WRIGHT_HEURISTIC,0.3577871,57359632,0.0049436,1887550,0.0019826,1636990,1134.0,6
13,SLAPRP_Guo_small_O100_alpha0.3_v2.txt,ABC_HEURISTIC,ASTAR_HEURISTIC,NO_HEURISTIC,0.3577871,57359632,0.0040693,1887470,0.0,0,2628.0,106
13,SLAPRP_Guo_small_O100_alpha0.3_v2.txt,ABC_HEURISTIC,GREEDY,CLARKE_WRIGHT,0.3577871,57359632,0.0035925,697742,2.1338072,4045501143,646.0,8
13,SLAPRP_Guo_small_O100_alpha0.3_v2.txt,ABC_HEURISTIC,GREEDY,CLARKE_WRIGHT_HEURISTIC,0.3577871,57359632,0.0047974,697870,0.0023928,1504446,1140.0,8
13,SLAPRP_Guo_small_O100_alpha0.3_v2.txt,ABC_HEURISTIC,GREEDY,NO_HEURISTIC,0.3577871,57359632,0.0034206,697790,0.0,0,2760.0,106
13,SLAPRP_Guo_small_O100_alpha0.3_v2.txt,MESSAGE_PASSING,ASTAR_HEURISTIC,CLARKE_WRIGHT,5.6819877,161753987,0.0046678,1905230,2.516096,4665966007,916.0,6
13,SLAPRP_Guo_small_O100_alpha0.3_v2.txt,MESSAGE_PASSING,ASTAR_HEURISTIC,CLARKE_WRIGHT_HEURISTIC,5.6819877,161753987,0.0039612,1905262,0.0019111,1669502,1314.0,6
13,SLAPRP_Guo_small_O100_alpha0.3_v2.txt,MESSAGE_PASSING,ASTAR_HEURISTIC,NO_HEURISTIC,5.6819877,161753987,0.0078187,1905182,0.0,0,3596.0,106
13,SLAPRP_Guo_small_O100_alpha0.3_v2.txt,MESSAGE_PASSING,GREEDY,CLARKE_WRIGHT,5.6819877,161753987,0.0035213,712014,2.3523226,4466339207,888.0,6
13,SLAPRP_Guo_small_O100_alpha0.3_v2.txt,MESSAGE_PASSING,GREEDY,CLARKE_WRIGHT_HEURISTIC,5.6819877,161753987,0.0041299,712222,0.0017435,1569886,1216.0,6
13,SLAPRP_Guo_small_O100_alpha0.3_v2.txt,MESSAGE_PASSING,GREEDY,NO_HEURISTIC,5.6819877,161753987,0.0042782,711982,0.0,0,3620.0,106
14,SLAPRP_Guo_small_O100_alpha0.3_v3.txt,ALS,ASTAR_HEURISTIC,CLARKE_WRIGHT,7.6402338,167263041,0.0066267,1577310,2.8289006,4290887285,986.0,6
14,SLAPRP_Guo_small_O100_alpha0.3_v3.txt,ALS,ASTAR_HEURISTIC,CLARKE_WRIGHT_HEURISTIC,7.6402338,167263041,0.0049294,1577454,0.0025908,1611870,1448.0,7
14,SLAPRP_Guo_small_O100_alpha0.3_v3.txt,ALS,ASTAR_HEURISTIC,NO_HEURISTIC,7.6402338,167263041,0.0043178,1577326,0.0,0,4200.0,101
14,SLAPRP_Guo_small_O100_alpha0.3_v3.txt,ALS,GREEDY,CLARKE_WRIGHT,7.6402338,167263041,0.0030675,656046,2.2012287,4166316981,850.0,6
14,SLAPRP_Guo_small_O100_alpha0.3_v3.txt,ALS,GREEDY,CLARKE_WRIGHT_HEURISTIC,7.6402338,167263041,0.0030524,656398,0.0024669,1505374,1248.0,6
14,SLAPRP_Guo_small_O100_alpha0.3_v3.txt,ALS,GREEDY,NO_HEURISTIC,7.6402338,167263041,0.0035265,655998,0.0,0,4020.0,101
14,SLAPRP_Guo_small_O100_alpha0.3_v3.txt,ABC,ASTAR_HEURISTIC,CLARKE_WRIGHT,0.4224926,56276480,0.0065162,1585294,2.0320161,3765670101,662.0,6
14,SLAPRP_Guo_small_O100_alpha0.3_v3.txt,ABC,ASTAR_HEURISTIC,CLARKE_WRIGHT_HEURISTIC,0.4224926,56276480,0.0047827,1585358,0.0016139,1595230,948.0,6
14,SLAPRP_Guo_small_O100_alpha0.3_v3.txt,ABC,ASTAR_HEURISTIC,NO_HEURISTIC,0.4224926,56276480,0.0034991,1585230,0.0,0,2504.0,101
14,SLAPRP_Guo_small_O100_alpha0.3_v3.txt,ABC,GREEDY,CLARKE_WRIGHT,0.4224926,56276480,0.0032924,656894,2.0733378,3731756149,510.0,6
14,SLAPRP_Guo_small_O100_alpha0.3_v3.txt,ABC,GREEDY,CLARKE_WRIGHT_HEURISTIC,0.4224926,56276480,0.0035529,657262,0.0016212,1464526,774.0,6
14,SLAPRP_Guo_small_O100_alpha0.3_v3.txt,ABC,GREEDY,NO_HEURISTIC,0.4224926,56276480,0.0041643,656894,0.0,0,2468.0,101
14,SLAPRP_Guo_small_O100_alpha0.3_v3.txt,ABC_HEURISTIC,ASTAR_HEURISTIC,CLARKE_WRIGHT,0.3762038,56628281,0.0058986,1549918,2.0788128,3912945829,690.0,6
14,SLAPRP_Guo_small_O100_alpha0.3_v3.txt,ABC_HEURISTIC,ASTAR_HEURISTIC,CLARKE_WRIGHT_HEURISTIC,0.3762038,56628281,0.0036818,1550014,0.0016503,1542478,1034.0,6
14,SLAPRP_Guo_small_O100_alpha0.3_v3.txt,ABC_HEURISTIC,ASTAR_HEURISTIC,NO_HEURISTIC,0.3762038,56628281,0.0039608,1549950,0.0,0,2602.0,101
14,SLAPRP_Guo_small_O100_alpha0.3_v3.txt,ABC_HEURISTIC,GREEDY,CLARKE_WRIGHT,0.3762038,56628281,0.0033185,647646,1.9286102,3609241479,628.0,6
14,SLAPRP_Guo_small_O100_alpha0.3_v3.txt,ABC_HEURISTIC,GREEDY,CLARKE_WRIGHT_HEURISTIC,0.3762038,56628281,0.0039347,647806,0.0020444,1406862,1030.0,7
14,SLAPRP_Guo_small_O100_alpha0.3_v3.txt,ABC_HEURISTIC,GREEDY,NO_HEURISTIC,0.3762038,56628281,0.0032844,647710,0.0,0,2670.0,101
14,SLAPRP_Guo_small_O100_alpha0.3_v3.txt,MESSAGE_PASSING,ASTAR_HEURISTIC,CLARKE_WRIGHT,12.1085835,174223054,0.0069513,1573358,2.2469281,4320318567,950.0,6
14,SLAPRP_Guo_small_O100_alpha0.3_v3.txt,MESSAGE_PASSING,ASTAR_HEURISTIC,CLARKE_WRIGHT_HEURISTIC,12.1085835,174223054,0.0040279,1573406,0.0019203,1607694,1428.0,6
14,SLAPRP_Guo_small_O100_alpha0.3_v3.txt,MESSAGE_PASSING,ASTAR_HEURISTIC,NO_HEURISTIC,12.1085835,174223054,0.0050137,1573262,0.0,0,3848.0,101
14,SLAPRP_Guo_small_O100_alpha0.3_v3.txt,MESSAGE_PASSING,GREEDY,CLARKE_WRIGHT,12.1085835,174223054,0.0031276,641566,1.9858465,3748627111,734.0,6
14,SLAPRP_Guo_small_O100_alpha0.3_v3.txt,MESSAGE_PASSING,GREEDY,CLARKE_WRIGHT_HEURISTIC,12.1085835,174223054,0.0047911,641758,0.00222,1452286,1102.0,7
14,SLAPRP_Guo_small_O100_alpha0.3_v3.txt,MESSAGE_PASSING,GREEDY,NO_HEURISTIC,12.1085835,174223054,0.0044442,641566,0.0,0,3648.0,101
15,SLAPRP_Guo_small_O100_alpha0.3_v4.txt,ALS,ASTAR_HEURISTIC,CLARKE_WRIGHT,8.8283978,91970351,0.005057,1658494,2.3054468,4383307749,918.0,7
15,SLAPRP_Guo_small_O100_alpha0.3_v4.txt,ALS,ASTAR_HEURISTIC,CLARKE_WRIGHT_HEURISTIC,8.8283978,91970351,0.0037575,1658558,0.0016928,1595374,1602.0,6
15,SLAPRP_Guo_small_O100_alpha0.3_v4.txt,ALS,ASTAR_HEURISTIC,NO_HEURISTIC,8.8283978,91970351,0.0038321,1658446,0.0,0,4640.0,100
15,SLAPRP_Guo_small_O100_alpha0.3_v4.txt,ALS,GREEDY,CLARKE_WRIGHT,8.8283978,91970351,0.0039673,672782,2.307857,4262251431,1018.0,6
15,SLAPRP_Guo_small_O100_alpha0.3_v4.txt,ALS,GREEDY,CLARKE_WRIGHT_HEURISTIC,8.8283978,91970351,0.0039125,673182,0.0016384,1613438,1510.0,6
15,SLAPRP_Guo_small_O100_alpha0.3_v4.txt,ALS,GREEDY,NO_HEURISTIC,8.8283978,91970351,0.0035726,672798,0.0,0,4718.0,100
15,SLAPRP_Guo_small_O100_alpha0.3_v4.txt,ABC,ASTAR_HEURISTIC,CLARKE_WRIGHT,0.4159756,56889408,0.0063166,1760958,1.9386979,3644700279,738.0,9
15,SLAPRP_Guo_small_O100_alpha0.3_v4.txt,ABC,ASTAR_HEURISTIC,CLARKE_WRIGHT_HEURISTIC,0.4159756,56889408,0.0039476,1761086,0.0028998,1555950,1032.0,6
15,SLAPRP_Guo_small_O100_alpha0.3_v4.txt,ABC,ASTAR_HEURISTIC,NO_HEURISTIC,0.4159756,56889408,0.0055471,1760958,0.0,0,2588.0,100
15,SLAPRP_Guo_small_O100_alpha0.3_v4.txt,ABC,GREEDY,CLARKE_WRIGHT,0.4159756,56889408,0.0048822,683214,1.9415316,3539040069,542.0,7
15,SLAPRP_Guo_small_O100_alpha0.3_v4.txt,ABC,GREEDY,CLARKE_WRIGHT_HEURISTIC,0.4159756,56889408,0.0033263,683630,0.0018605,1521390,830.0,6
15,SLAPRP_Guo_small_O100_alpha0.3_v4.txt,ABC,GREEDY,NO_HEURISTIC,0.4159756,56889408,0.0030687,683182,0.0,0,2516.0,100
15,SLAPRP_Guo_small_O100_alpha0.3_v4.txt,ABC_HEURISTIC,ASTAR_HEURISTIC,CLARKE_WRIGHT,0.3432607,57238985,0.0041355,1766750,1.9433958,3610256501,860.0,6
15,SLAPRP_Guo_small_O100_alpha0.3_v4.txt,ABC_HEURISTIC,ASTAR_HEURISTIC,CLARKE_WRIGHT_HEURISTIC,0.3432607,57238985,0.004044,1766910,0.0016594,1645726,1326.0,7
15,SLAPRP_Guo_small_O100_alpha0.3_v4.txt,ABC_HEURISTIC,ASTAR_HEURISTIC,NO_HEURISTIC,0.3432607,57238985,0.0047879,1766734,0.0,0,2734.0,100
15,SLAPRP_Guo_small_O100_alpha0.3_v4.txt,ABC_HEURISTIC,GREEDY,CLARKE_WRIGHT,0.3432607,57238985,0.0049699,689950,1.9334552,3512204021,768.0,6
15,SLAPRP_Guo_small_O100_alpha0.3_v4.txt,ABC_HEURISTIC,GREEDY,CLARKE_WRIGHT_HEURISTIC,0.3432607,57238985,0.0046288,690046,0.0019477,1528622,1152.0,6
15,SLAPRP_Guo_small_O100_alpha0.3_v4.txt,ABC_HEURISTIC,GREEDY,NO_HEURISTIC,0.3432607,57238985,0.0032623,689886,0.0,0,2736.0,100
15,SLAPRP_Guo_small_O100_alpha0.3_v4.txt,MESSAGE_PASSING,ASTAR_HEURISTIC,CLARKE_WRIGHT,8.1388432,98235996,0.0053449,1778286,2.2615782,4211158981,982.0,6
15,SLAPRP_Guo_small_O100_alpha0.3_v4.txt,MESSAGE_PASSING,ASTAR_HEURISTIC,CLARKE_WRIGHT_HEURISTIC,8.1388432,98235996,0.0052502,1778414,0.0020103,1603118,1448.0,6
15,SLAPRP_Guo_small_O100_alpha0.3_v4.txt,MESSAGE_PASSING,ASTAR_HEURISTIC,NO_HEURISTIC,8.1388432,98235996,0.004208,1778302,0.0,0,4254.0,100
15,SLAPRP_Guo_small_O100_alpha0.3_v4.txt,MESSAGE_PASSING,GREEDY,CLARKE_WRIGHT,8.1388432,98235996,0.0054729,685134,2.1819458,4130744565,968.0,6
15,SLAPRP_Guo_small_O100_alpha0.3_v4.txt,MESSAGE_PASSING,GREEDY,CLARKE_WRIGHT_HEURISTIC,8.1388432,98235996,0.0045747,685326,0.0021866,1616254,1276.0,6
15,SLAPRP_Guo_small_O100_alpha0.3_v4.txt,MESSAGE_PASSING,GREEDY,NO_HEURISTIC,8.1388432,98235996,0.0033319,685070,0.0,0,4166.0,100
16,SLAPRP_Guo_small_O100_alpha0.3_v5.txt,ALS,ASTAR_HEURISTIC,CLARKE_WRIGHT,8.9467771,147014846,0.0051777,1880558,2.6276747,4724082727,992.0,6
16,SLAPRP_Guo_small_O100_alpha0.3_v5.txt,ALS,ASTAR_HEURISTIC,CLARKE_WRIGHT_HEURISTIC,8.9467771,147014846,0.0052805,1880718,0.0019802,1645550,1354.0,6
16,SLAPRP_Guo_small_O100_alpha0.3_v5.txt,ALS,ASTAR_HEURISTIC,NO_HEURISTIC,8.9467771,147014846,0.0041048,1880510,0.0,0,4406.0,105
16,SLAPRP_Guo_small_O100_alpha0.3_v5.txt,ALS,GREEDY,CLARKE_WRIGHT,8.9467771,147014846,0.0037809,711022,2.3891507,4501303639,876.0,6
16,SLAPRP_Guo_small_O100_alpha0.3_v5.txt,ALS,GREEDY,CLARKE_WRIGHT_HEURISTIC,8.9467771,147014846,0.0033361,711422,0.0034044,1608174,1216.0,6
16,SLAPRP_Guo_small_O100_alpha0.3_v5.txt,ALS,GREEDY,NO_HEURISTIC,8.9467771,147014846,0.0033066,711006,0.0,0,4364.0,105
16,SLAPRP_Guo_small_O100_alpha0.3_v5.txt,ABC,ASTAR_HEURISTIC,CLARKE_WRIGHT,0.3649662,55896999,0.0047329,1779726,2.2801551,4254434709,662.0,6
16,SLAPRP_Guo_small_O100_alpha0.3_v5.txt,ABC,ASTAR_HEURISTIC,CLARKE_WRIGHT_HEURISTIC,0.3649662,55896999,0.0040222,1779870,0.001739,1486494,944.0,8
16,SLAPRP_Guo_small_O100_alpha0.3_v5.txt,ABC,ASTAR_HEURISTIC,NO_HEURISTIC,0.3649662,55896999,0.0046244,1779742,0.0,0,2574.0,105
16,SLAPRP_Guo_small_O100_alpha0.3_v5.txt,ABC,GREEDY,CLARKE_WRIGHT,0.3649662,55896999,0.0046655,688430,2.0845941,3874114341,472.0,6
16,SLAPRP_Guo_small_O100_alpha0.3_v5.txt,ABC,GREEDY,CLARKE_WRIGHT_HEURISTIC,0.3649662,55896999,0.0035829,688830,0.0015792,1434286,762.0,7
16,SLAPRP_Guo_small_O100_alpha0.3_v5.txt,ABC,GREEDY,NO_HEURISTIC,0.3649662,55896999,0.0036884,688430,0.0,0,2566.0,105
16,SLAPRP_Guo_small_O100_alpha0.3_v5.txt,ABC_HEURISTIC,ASTAR_HEURISTIC,CLARKE_WRIGHT,0.3770061,56613472,0.0069715,1869006,3.1757812,3963918215,780.0,6
16,SLAPRP_Guo_small_O100_alpha0.3_v5.txt,ABC_HEURISTIC,ASTAR_HEURISTIC,CLARKE_WRIGHT_HEURISTIC,0.3770061,56613472,0.0048596,1869102,0.0020501,1542814,1232.0,8
16,SLAPRP_Guo_small_O100_alpha0.3_v5.txt,ABC_HEURISTIC,ASTAR_HEURISTIC,NO_HEURISTIC,0.3770061,56613472,0.0049315,1868942,0.0,0,2766.0,105
16,SLAPRP_Guo_small_O100_alpha0.3_v5.txt,ABC_HEURISTIC,GREEDY,CLARKE_WRIGHT,0.3770061,56613472,0.0042989,690638,2.3516459,4086142613,710.0,6
16,SLAPRP_Guo_small_O100_alpha0.3_v5.txt,ABC_HEURISTIC,GREEDY,CLARKE_WRIGHT_HEURISTIC,0.3770061,56613472,0.0042964,690830,0.0020174,1545470,1042.0,7
16,SLAPRP_Guo_small_O100_alpha0.3_v5.txt,ABC_HEURISTIC,GREEDY,NO_HEURISTIC,0.3770061,56613472,0.0032906,690670,0.0,0,2932.0,105
16,SLAPRP_Guo_small_O100_alpha0.3_v5.txt,MESSAGE_PASSING,ASTAR_HEURISTIC,CLARKE_WRIGHT,13.8388796,156148331,0.0044856,1677454,2.7678611,4530636471,870.0,6
16,SLAPRP_Guo_small_O100_alpha0.3_v5.txt,MESSAGE_PASSING,ASTAR_HEURISTIC,CLARKE_WRIGHT_HEURISTIC,13.8388796,156148331,0.0063611,1677534,0.0018195,1644398,1364.0,6
16,SLAPRP_Guo_small_O100_alpha0.3_v5.txt,MESSAGE_PASSING,ASTAR_HEURISTIC,NO_HEURISTIC,13.8388796,156148331,0.0049538,1677406,0.0,0,3982.0,105
16,SLAPRP_Guo_small_O100_alpha0.3_v5.txt,MESSAGE_PASSING,GREEDY,CLARKE_WRIGHT,13.8388796,156148331,0.0044799,669710,2.5617425,3928158823,788.0,6
16,SLAPRP_Guo_small_O100_alpha0.3_v5.txt,MESSAGE_PASSING,GREEDY,CLARKE_WRIGHT_HEURISTIC,13.8388796,156148331,0.0032245,669886,0.0015364,1461214,1328.0,8
16,SLAPRP_Guo_small_O100_alpha0.3_v5.txt,MESSAGE_PASSING,GREEDY,NO_HEURISTIC,13.8388796,156148331,0.0043727,669678,0.0,0,3710.0,105
17,SLAPRP_Guo_small_O100_alpha0.3_v6.txt,ALS,ASTAR_HEURISTIC,CLARKE_WRIGHT,10.8376525,136905654,0.0072431,1916590,2.8170419,4733845349,998.0,7
17,SLAPRP_Guo_small_O100_alpha0.3_v6.txt,ALS,ASTAR_HEURISTIC,CLARKE_WRIGHT_HEURISTIC,10.8376525,136905654,0.0049887,1916718,0.002119,1616142,1436.0,7
17,SLAPRP_Guo_small_O100_alpha0.3_v6.txt,ALS,ASTAR_HEURISTIC,NO_HEURISTIC,10.8376525,136905654,0.0044901,1916622,0.0,0,4830.0,103
17,SLAPRP_Guo_small_O100_alpha0.3_v6.txt,ALS,GREEDY,CLARKE_WRIGHT,10.8376525,136905654,0.0043096,719342,2.909401,4747807415,972.0,7
17,SLAPRP_Guo_small_O100_alpha0.3_v6.txt,ALS,GREEDY,CLARKE_WRIGHT_HEURISTIC,10.8376525,136905654,0.0037189,719726,0.0022298,1599566,1324.0,7
17,SLAPRP_Guo_small_O100_alpha0.3_v6.txt,ALS,GREEDY,NO_HEURISTIC,10.8376525,136905654,0.005418,719374,0.0,0,4604.0,103
17,SLAPRP_Guo_small_O100_alpha0.3_v6.txt,ABC,ASTAR_HEURISTIC,CLARKE_WRIGHT,0.3958634,56746599,0.0084345,1900334,3.0055351,4082741319,784.0,7
17,SLAPRP_Guo_small_O100_alpha0.3_v6.txt,ABC,ASTAR_HEURISTIC,CLARKE_WRIGHT_HEURISTIC,0.3958634,56746599,0.005013,1900478,0.0017332,1623886,1188.0,8
17,SLAPRP_Guo_small_O100_alpha0.3_v6.txt,ABC,ASTAR_HEURISTIC,NO_HEURISTIC,0.3958634,56746599,0.0052767,1900286,0.0,0,2858.0,103
17,SLAPRP_Guo_small_O100_alpha0.3_v6.txt,ABC,GREEDY,CLARKE_WRIGHT,0.3958634,56746599,0.0035223,717982,2.3838146,4038905045,618.0,7
17,SLAPRP_Guo_small_O100_alpha0.3_v6.txt,ABC,GREEDY,CLARKE_WRIGHT_HEURISTIC,0.3958634,56746599,0.0052489,718350,0.0018258,1522142,880.0,7
17,SLAPRP_Guo_small_O100_alpha0.3_v6.txt,ABC,GREEDY,NO_HEURISTIC,0.3958634,56746599,0.0045976,717886,0.0,0,2700.0,103
17,SLAPRP_Guo_small_O100_alpha0.3_v6.txt,ABC_HEURISTIC,ASTAR_HEURISTIC,CLARKE_WRIGHT,0.36697,57113127,0.008736,1831166,2.5581689,4271778357,864.0,7
17,SLAPRP_Guo_small_O100_alpha0.3_v6.txt,ABC_HEURISTIC,ASTAR_HEURISTIC,CLARKE_WRIGHT_HEURISTIC,0.36697,57113127,0.0049843,1831294,0.0018989,1693550,1412.0,7
17,SLAPRP_Guo_small_O100_alpha0.3_v6.txt,ABC_HEURISTIC,ASTAR_HEURISTIC,NO_HEURISTIC,0.36697,57113127,0.004962,1831182,0.0,0,2974.0,103
17,SLAPRP_Guo_small_O100_alpha0.3_v6.txt,ABC_HEURISTIC,GREEDY,CLARKE_WRIGHT,0.36697,57113127,0.0047414,692702,2.3711632,3929988005,798.0,7
17,SLAPRP_Guo_small_O100_alpha0.3_v6.txt,ABC_HEURISTIC,GREEDY,CLARKE_WRIGHT_HEURISTIC,0.36697,57113127,0.0031974,692862,0.0017025,1535246,1350.0,8
17,SLAPRP_Guo_small_O100_alpha0.3_v6.txt,ABC_HEURISTIC,GREEDY,NO_HEURISTIC,0.36697,57113127,0.0038396,692702,0.0,0,3140.0,103
17,SLAPRP_Guo_small_O100_alpha0.3_v6.txt,MESSAGE_PASSING,ASTAR_HEURISTIC,CLARKE_WRIGHT,15.5059788,143876323,0.0081958,1897438,2.8380445,4636757479,998.0,7
17,SLAPRP_Guo_small_O100_alpha0.3_v6.txt,MESSAGE_PASSING,ASTAR_HEURISTIC,CLARKE_WRIGHT_HEURISTIC,15.5059788,143876323,0.0055996,1897518,0.002356,1631022,1444.0,7
17,SLAPRP_Guo_small_O100_alpha0.3_v6.txt,MESSAGE_PASSING,ASTAR_HEURISTIC,NO_HEURISTIC,15.5059788,143876323,0.0046974,1897390,0.0,0,4290.0,103
17,SLAPRP_Guo_small_O100_alpha0.3_v6.txt,MESSAGE_PASSING,GREEDY,CLARKE_WRIGHT,15.5059788,143876323,0.0063498,710462,2.6579522,4195534471,912.0,7
17,SLAPRP_Guo_small_O100_alpha0.3_v6.txt,MESSAGE_PASSING,GREEDY,CLARKE_WRIGHT_HEURISTIC,15.5059788,143876323,0.0036684,710638,0.002177,1570686,1294.0,7
17,SLAPRP_Guo_small_O100_alpha0.3_v6.txt,MESSAGE_PASSING,GREEDY,NO_HEURISTIC,15.5059788,143876323,0.0038917,710510,0.0,0,4144.0,103
18,SLAPRP_Guo_small_O100_alpha0.3_v7.txt,ALS,ASTAR_HEURISTIC,CLARKE_WRIGHT,8.7439872,141322678,0.007231,1926206,2.7458457,4644133605,950.0,6
18,SLAPRP_Guo_small_O100_alpha0.3_v7.txt,ALS,ASTAR_HEURISTIC,CLARKE_WRIGHT_HEURISTIC,8.7439872,141322678,0.0063409,1926270,0.0020288,1653358,1548.0,7
18,SLAPRP_Guo_small_O100_alpha0.3_v7.txt,ALS,ASTAR_HEURISTIC,NO_HEURISTIC,8.7439872,141322678,0.0053673,1926126,0.0,0,4576.0,104
18,SLAPRP_Guo_small_O100_alpha0.3_v7.txt,ALS,GREEDY,CLARKE_WRIGHT,8.7439872,141322678,0.003461,709262,2.6422316,4437404135,1052.0,6
18,SLAPRP_Guo_small_O100_alpha0.3_v7.txt,ALS,GREEDY,CLARKE_WRIGHT_HEURISTIC,8.7439872,141322678,0.0036267,709582,0.0165151,1642622,1504.0,7
18,SLAPRP_Guo_small_O100_alpha0.3_v7.txt,ALS,GREEDY,NO_HEURISTIC,8.7439872,141322678,0.0033947,709214,0.0,0,4636.0,104
18,SLAPRP_Guo_small_O100_alpha0.3_v7.txt,ABC,ASTAR_HEURISTIC,CLARKE_WRIGHT,0.4048422,56923543,0.0076281,1929150,2.5891917,4343894807,632.0,6
18,SLAPRP_Guo_small_O100_alpha0.3_v7.txt,ABC,ASTAR_HEURISTIC,CLARKE_WRIGHT_HEURISTIC,0.4048422,56923543,0.0062111,1929278,0.0028608,1606910,1018.0,8
18,SLAPRP_Guo_small_O100_alpha0.3_v7.txt,ABC,ASTAR_HEURISTIC,NO_HEURISTIC,0.4048422,56923543,0.0067093,1929134,0.0,0,2778.0,104
18,SLAPRP_Guo_small_O100_alpha0.3_v7.txt,ABC,GREEDY,CLARKE_WRIGHT,0.4048422,56923543,0.0040922,701198,2.3612975,3874541319,494.0,6
18,SLAPRP_Guo_small_O100_alpha0.3_v7.txt,ABC,GREEDY,CLARKE_WRIGHT_HEURISTIC,0.4048422,56923543,0.0044642,701566,0.0017114,1563358,758.0,7
18,SLAPRP_Guo_small_O100_alpha0.3_v7.txt,ABC,GREEDY,NO_HEURISTIC,0.4048422,56923543,0.0035309,701166,0.0,0,2682.0,104
18,SLAPRP_Guo_small_O100_alpha0.3_v7.txt,ABC_HEURISTIC,ASTAR_HEURISTIC,CLARKE_WRIGHT,0.3947994,57275632,0.0083246,2004238,2.8511889,4466111749,788.0,7
18,SLAPRP_Guo_small_O100_alpha0.3_v7.txt,ABC_HEURISTIC,ASTAR_HEURISTIC,CLARKE_WRIGHT_HEURISTIC,0.3947994,57275632,0.004738,2004382,0.0031886,1663694,1398.0,8
18,SLAPRP_Guo_small_O100_alpha0.3_v7.txt,ABC_HEURISTIC,ASTAR_HEURISTIC,NO_HEURISTIC,0.3947994,57275632,0.0045575,2004302,0.0,0,2920.0,104
18,SLAPRP_Guo_small_O100_alpha0.3_v7.txt,ABC_HEURISTIC,GREEDY,CLARKE_WRIGHT,0.3947994,57275632,0.0037115,727566,2.4956279,4092141063,696.0,7
18,SLAPRP_Guo_small_O100_alpha0.3_v7.txt,ABC_HEURISTIC,GREEDY,CLARKE_WRIGHT_HEURISTIC,0.3947994,57275632,0.0035438,727694,0.0027993,1579854,1112.0,8
18,SLAPRP_Guo_small_O100_alpha0.3_v7.txt,ABC_HEURISTIC,GREEDY,NO_HEURISTIC,0.3947994,57275632,0.003963,727646,0.0,0,2780.0,104
18,SLAPRP_Guo_small_O100_alpha0.3_v7.txt,MESSAGE_PASSING,ASTAR_HEURISTIC,CLARKE_WRIGHT,113.918955,151001683,0.0055543,1925806,2.8537252,4736799047,986.0,6
18,SLAPRP_Guo_small_O100_alpha0.3_v7.txt,MESSAGE_PASSING,ASTAR_HEURISTIC,CLARKE_WRIGHT_HEURISTIC,113.918955,151001683,0.0046726,1925982,0.0016235,1624718,1534.0,7
18,SLAPRP_Guo_small_O100_alpha0.3_v7.txt,MESSAGE_PASSING,ASTAR_HEURISTIC,NO_HEURISTIC,113.918955,151001683,0.0044064,1925822,0.0,0,4222.0,104
18,SLAPRP_Guo_small_O100_alpha0.3_v7.txt,MESSAGE_PASSING,GREEDY,CLARKE_WRIGHT,113.918955,151001683,0.0042447,704750,2.5857278,4397720599,894.0,6
18,SLAPRP_Guo_small_O100_alpha0.3_v7.txt,MESSAGE_PASSING,GREEDY,CLARKE_WRIGHT_HEURISTIC,113.918955,151001683,0.0041452,704894,0.0015438,1554702,1356.0,7
18,SLAPRP_Guo_small_O100_alpha0.3_v7.txt,MESSAGE_PASSING,GREEDY,NO_HEURISTIC,113.918955,151001683,0.0040183,704750,0.0,0,4060.0,104
19,SLAPRP_Guo_small_O100_alpha0.3_v8.txt,ALS,ASTAR_HEURISTIC,CLARKE_WRIGHT,12.5821642,147676484,0.0069243,1820510,2.9380317,4860471605,1016.0,7
19,SLAPRP_Guo_small_O100_alpha0.3_v8.txt,ALS,ASTAR_HEURISTIC,CLARKE_WRIGHT_HEURISTIC,12.5821642,147676484,0.0041675,1820622,0.0182671,1556814,1454.0,8
19,SLAPRP_Guo_small_O100_alpha0.3_v8.txt,ALS,ASTAR_HEURISTIC,NO_HEURISTIC,12.5821642,147676484,0.0042537,1820446,0.0,0,4930.0,103
19,SLAPRP_Guo_small_O100_alpha0.3_v8.txt,ALS,GREEDY,CLARKE_WRIGHT,12.5821642,147676484,0.0042634,714942,2.7818922,4545235317,954.0,7
19,SLAPRP_Guo_small_O100_alpha0.3_v8.txt,ALS,GREEDY,CLARKE_WRIGHT_HEURISTIC,12.5821642,147676484,0.0038819,715374,0.0015641,1545502,1504.0,7
19,SLAPRP_Guo_small_O100_alpha0.3_v8.txt,ALS,GREEDY,NO_HEURISTIC,12.5821642,147676484,0.0034764,714974,0.0,0,4778.0,103
19,SLAPRP_Guo_small_O100_alpha0.3_v8.txt,ABC,ASTAR_HEURISTIC,CLARKE_WRIGHT,0.384549,55494183,0.0075924,1956206,2.8221677,4601250597,1000.0,7
19,SLAPRP_Guo_small_O100_alpha0.3_v8.txt,ABC,ASTAR_HEURISTIC,CLARKE_WRIGHT_HEURISTIC,0.384549,55494183,0.0052159,1956286,0.0017927,1686350,1350.0,8
19,SLAPRP_Guo_small_O100_alpha0.3_v8.txt,ABC,ASTAR_HEURISTIC,NO_HEURISTIC,0.384549,55494183,0.0045122,1956174,0.0,0,3062.0,103
19,SLAPRP_Guo_small_O100_alpha0.3_v8.txt,ABC,GREEDY,CLARKE_WRIGHT,0.384549,55494183,0.0039525,717134,2.6513977,4208827637,672.0,7
19,SLAPRP_Guo_small_O100_alpha0.3_v8.txt,ABC,GREEDY,CLARKE_WRIGHT_HEURISTIC,0.384549,55494183,0.0057755,717470,0.0027231,1518814,1054.0,8
19,SLAPRP_Guo_small_O100_alpha0.3_v8.txt,ABC,GREEDY,NO_HEURISTIC,0.384549,55494183,0.0060477,717102,0.0,0,2872.0,103
19,SLAPRP_Guo_small_O100_alpha0.3_v8.txt,ABC_HEURISTIC,ASTAR_HEURISTIC,CLARKE_WRIGHT,0.4190284,56209904,0.0091101,1867806,2.7361811,4300665893,890.0,7
19,SLAPRP_Guo_small_O100_alpha0.3_v8.txt,ABC_HEURISTIC,ASTAR_HEURISTIC,CLARKE_WRIGHT_HEURISTIC,0.4190284,56209904,0.0041734,1867966,0.0017509,1548974,1460.0,9
19,SLAPRP_Guo_small_O100_alpha0.3_v8.txt,ABC_HEURISTIC,ASTAR_HEURISTIC,NO_HEURISTIC,0.4190284,56209904,0.0043491,1867854,0.0,0,2922.0,103
19,SLAPRP_Guo_small_O100_alpha0.3_v8.txt,ABC_HEURISTIC,GREEDY,CLARKE_WRIGHT,0.4190284,56209904,0.0040041,696414,2.4998738,4061525191,716.0,7
19,SLAPRP_Guo_small_O100_alpha0.3_v8.txt,ABC_HEURISTIC,GREEDY,CLARKE_WRIGHT_HEURISTIC,0.4190284,56209904,0.003519,696542,0.0027141,1458638,1236.0,8
19,SLAPRP_Guo_small_O100_alpha0.3_v8.txt,ABC_HEURISTIC,GREEDY,NO_HEURISTIC,0.4190284,56209904,0.0046247,696446,0.0,0,2922.0,103
19,SLAPRP_Guo_small_O100_alpha0.3_v8.txt,MESSAGE_PASSING,ASTAR_HEURISTIC,CLARKE_WRIGHT,14.8370423,154324097,0.0058936,1822366,2.8691539,4990442533,1118.0,7
19,SLAPRP_Guo_small_O100_alpha0.3_v8.txt,MESSAGE_PASSING,ASTAR_HEURISTIC,CLARKE_WRIGHT_HEURISTIC,14.8370423,154324097,0.0054109,1822494,0.0017002,1618462,1670.0,8
19,SLAPRP_Guo_small_O100_alpha0.3_v8.txt,MESSAGE_PASSING,ASTAR_HEURISTIC,NO_HEURISTIC,14.8370423,154324097,0.0044157,1822366,0.0,0,4836.0,103
19,SLAPRP_Guo_small_O100_alpha0.3_v8.txt,MESSAGE_PASSING,GREEDY,CLARKE_WRIGHT,14.8370423,154324097,0.0035792,712526,2.9859967,4936961093,1022.0,7
19,SLAPRP_Guo_small_O100_alpha0.3_v8.txt,MESSAGE_PASSING,GREEDY,CLARKE_WRIGHT_HEURISTIC,14.8370423,154324097,0.0040054,712718,0.0022636,1625422,1706.0,8
19,SLAPRP_Guo_small_O100_alpha0.3_v8.txt,MESSAGE_PASSING,GREEDY,NO_HEURISTIC,14.8370423,154324097,0.0043773,712574,0.0,0,4962.0,103
20,SLAPRP_Guo_small_O100_alpha0.3_v9.txt,ALS,ASTAR_HEURISTIC,CLARKE_WRIGHT,12.7990034,127511794,0.0078748,1807902,2.6283602,4397136071,896.0,6
20,SLAPRP_Guo_small_O100_alpha0.3_v9.txt,ALS,ASTAR_HEURISTIC,CLARKE_WRIGHT_HEURISTIC,12.7990034,127511794,0.0061829,1808030,0.0025736,1516766,1472.0,8
20,SLAPRP_Guo_small_O100_alpha0.3_v9.txt,ALS,ASTAR_HEURISTIC,NO_HEURISTIC,12.7990034,127511794,0.0042939,1807886,0.0,0,4454.0,102
20,SLAPRP_Guo_small_O100_alpha0.3_v9.txt,ALS,GREEDY,CLARKE_WRIGHT,12.7990034,127511794,0.0037297,682046,2.5985291,4073104103,886.0,7
20,SLAPRP_Guo_small_O100_alpha0.3_v9.txt,ALS,GREEDY,CLARKE_WRIGHT_HEURISTIC,12.7990034,127511794,0.0047152,682350,0.0024722,1535262,1410.0,6
20,SLAPRP_Guo_small_O100_alpha0.3_v9.txt,ALS,GREEDY,NO_HEURISTIC,12.7990034,127511794,0.0057127,681998,0.0,0,4338.0,102
20,SLAPRP_Guo_small_O100_alpha0.3_v9.txt,ABC,ASTAR_HEURISTIC,CLARKE_WRIGHT,0.3852609,57002807,0.0080154,1849422,2.3864116,3774199205,700.0,8
20,SLAPRP_Guo_small_O100_alpha0.3_v9.txt,ABC,ASTAR_HEURISTIC,CLARKE_WRIGHT_HEURISTIC,0.3852609,57002807,0.0042144,1849582,0.0022479,1556750,1012.0,8
20,SLAPRP_Guo_small_O100_alpha0.3_v9.txt,ABC,ASTAR_HEURISTIC,NO_HEURISTIC,0.3852609,57002807,0.0041538,1849422,0.0,0,2594.0,102
20,SLAPRP_Guo_small_O100_alpha0.3_v9.txt,ABC,GREEDY,CLARKE_WRIGHT,0.3852609,57002807,0.0037816,681422,2.9822111,3637158135,500.0,6
20,SLAPRP_Guo_small_O100_alpha0.3_v9.txt,ABC,GREEDY,CLARKE_WRIGHT_HEURISTIC,0.3852609,57002807,0.0037139,681854,0.0017495,1468958,770.0,6
20,SLAPRP_Guo_small_O100_alpha0.3_v9.txt,ABC,GREEDY,NO_HEURISTIC,0.3852609,57002807,0.0039314,681374,0.0,0,2570.0,102
20,SLAPRP_Guo_small_O100_alpha0.3_v9.txt,ABC_HEURISTIC,ASTAR_HEURISTIC,CLARKE_WRIGHT,0.5160401,57354208,0.0067883,1807918,2.5747525,4180640599,830.0,6
20,SLAPRP_Guo_small_O100_alpha0.3_v9.txt,ABC_HEURISTIC,ASTAR_HEURISTIC,CLARKE_WRIGHT_HEURISTIC,0.5160401,57354208,0.0052583,1808078,0.0019062,1685310,1396.0,6
20,SLAPRP_Guo_small_O100_alpha0.3_v9.txt,ABC_HEURISTIC,ASTAR_HEURISTIC,NO_HEURISTIC,0.5160401,57354208,0.0044275,1807966,0.0,0,2936.0,102
20,SLAPRP_Guo_small_O100_alpha0.3_v9.txt,ABC_HEURISTIC,GREEDY,CLARKE_WRIGHT,0.5160401,57354208,0.0046038,695438,2.5723332,3987707783,782.0,6
20,SLAPRP_Guo_small_O100_alpha0.3_v9.txt,ABC_HEURISTIC,GREEDY,CLARKE_WRIGHT_HEURISTIC,0.5160401,57354208,0.0037777,695614,0.0017012,1520974,1326.0,8
20,SLAPRP_Guo_small_O100_alpha0.3_v9.txt,ABC_HEURISTIC,GREEDY,NO_HEURISTIC,0.5160401,57354208,0.0063631,695486,0.0,0,2972.0,102
20,SLAPRP_Guo_small_O100_alpha0.3_v9.txt,MESSAGE_PASSING,ASTAR_HEURISTIC,CLARKE_WRIGHT,6.9999843,134474694,0.0050882,1720238,2.5775308,4366979445,1064.0,6
20,SLAPRP_Guo_small_O100_alpha0.3_v9.txt,MESSAGE_PASSING,ASTAR_HEURISTIC,CLARKE_WRIGHT_HEURISTIC,6.9999843,134474694,0.0054143,1720286,0.00198,1611486,1486.0,7
20,SLAPRP_Guo_small_O100_alpha0.3_v9.txt,MESSAGE_PASSING,ASTAR_HEURISTIC,NO_HEURISTIC,6.9999843,134474694,0.004707,1720142,0.0,0,4470.0,102
20,SLAPRP_Guo_small_O100_alpha0.3_v9.txt,MESSAGE_PASSING,GREEDY,CLARKE_WRIGHT,6.9999843,134474694,0.0039589,687806,2.5600894,4090433159,980.0,6
20,SLAPRP_Guo_small_O100_alpha0.3_v9.txt,MESSAGE_PASSING,GREEDY,CLARKE_WRIGHT_HEURISTIC,6.9999843,134474694,0.0045026,687982,0.0015454,1552878,1314.0,6
20,SLAPRP_Guo_small_O100_alpha0.3_v9.txt,MESSAGE_PASSING,GREEDY,NO_HEURISTIC,6.9999843,134474694,0.0030667,687774,0.0,0,4324.0,102
21,SLAPRP_Guo_small_O100_alpha0.4_v1.txt,ALS,ASTAR_HEURISTIC,CLARKE_WRIGHT,14.7672891,143315815,0.0091403,1698046,2.7520384,4729776117,940.0,6
21,SLAPRP_Guo_small_O100_alpha0.4_v1.txt,ALS,ASTAR_HEURISTIC,CLARKE_WRIGHT_HEURISTIC,14.7672891,143315815,0.004609,1698238,0.0247197,1665038,1578.0,7
21,SLAPRP_Guo_small_O100_alpha0.4_v1.txt,ALS,ASTAR_HEURISTIC,NO_HEURISTIC,14.7672891,143315815,0.0042705,1698046,0.0,0,4730.0,105
21,SLAPRP_Guo_small_O100_alpha0.4_v1.txt,ALS,GREEDY,CLARKE_WRIGHT,14.7672891,143315815,0.0039262,685774,2.7120257,4532515957,984.0,6
21,SLAPRP_Guo_small_O100_alpha0.4_v1.txt,ALS,GREEDY,CLARKE_WRIGHT_HEURISTIC,14.7672891,143315815,0.0034759,686174,0.002098,1598350,1482.0,6
21,SLAPRP_Guo_small_O100_alpha0.4_v1.txt,ALS,GREEDY,NO_HEURISTIC,14.7672891,143315815,0.004095,685790,0.0,0,4646.0,105
21,SLAPRP_Guo_small_O100_alpha0.4_v1.txt,ABC,ASTAR_HEURISTIC,CLARKE_WRIGHT,0.4074993,56778880,0.0083505,1670990,2.6092133,4145745733,674.0,6
21,SLAPRP_Guo_small_O100_alpha0.4_v1.txt,ABC,ASTAR_HEURISTIC,CLARKE_WRIGHT_HEURISTIC,0.4074993,56778880,0.0037541,1671118,0.0015376,1554878,970.0,7
21,SLAPRP_Guo_small_O100_alpha0.4_v1.txt,ABC,ASTAR_HEURISTIC,NO_HEURISTIC,0.4074993,56778880,0.0046816,1670942,0.0,0,2504.0,105
21,SLAPRP_Guo_small_O100_alpha0.4_v1.txt,ABC,GREEDY,CLARKE_WRIGHT,0.4074993,56778880,0.0032114,678190,2.354344,3890795237,498.0,6
21,SLAPRP_Guo_small_O100_alpha0.4_v1.txt,ABC,GREEDY,CLARKE_WRIGHT_HEURISTIC,0.4074993,56778880,0.0043339,678574,0.0019325,1473054,760.0,6
21,SLAPRP_Guo_small_O100_alpha0.4_v1.txt,ABC,GREEDY,NO_HEURISTIC,0.4074993,56778880,0.0049712,678158,0.0,0,2562.0,105
21,SLAPRP_Guo_small_O100_alpha0.4_v1.txt,ABC_HEURISTIC,ASTAR_HEURISTIC,CLARKE_WRIGHT,0.4111054,57130153,0.0049157,1722510,2.6690369,4219484789,696.0,6
21,SLAPRP_Guo_small_O100_alpha0.4_v1.txt,ABC_HEURISTIC,ASTAR_HEURISTIC,CLARKE_WRIGHT_HEURISTIC,0.4111054,57130153,0.0051329,1722670,0.0037314,1612222,1220.0,7
21,SLAPRP_Guo_small_O100_alpha0.4_v1.txt,ABC_HEURISTIC,ASTAR_HEURISTIC,NO_HEURISTIC,0.4111054,57130153,0.0048216,1722574,0.0,0,2648.0,105
21,SLAPRP_Guo_small_O100_alpha0.4_v1.txt,ABC_HEURISTIC,GREEDY,CLARKE_WRIGHT,0.4111054,57130153,0.0037315,684014,2.5755575,4071033493,764.0,6
21,SLAPRP_Guo_small_O100_alpha0.4_v1.txt,ABC_HEURISTIC,GREEDY,CLARKE_WRIGHT_HEURISTIC,0.4111054,57130153,0.0035036,684174,0.001525,1549022,1010.0,6
21,SLAPRP_Guo_small_O100_alpha0.4_v1.txt,ABC_HEURISTIC,GREEDY,NO_HEURISTIC,0.4111054,57130153,0.0049065,684062,0.0,0,2974.0,105
21,SLAPRP_Guo_small_O100_alpha0.4_v1.txt,MESSAGE_PASSING,ASTAR_HEURISTIC,CLARKE_WRIGHT,8.5109667,149902372,0.0079223,1623758,2.7225582,4367554791,882.0,6
21,SLAPRP_Guo_small_O100_alpha0.4_v1.txt,MESSAGE_PASSING,ASTAR_HEURISTIC,CLARKE_WRIGHT_HEURISTIC,8.5109667,149902372,0.0056754,1623838,0.0029097,1573102,1352.0,7
21,SLAPRP_Guo_small_O100_alpha0.4_v1.txt,MESSAGE_PASSING,ASTAR_HEURISTIC,NO_HEURISTIC,8.5109667,149902372,0.0044093,1623710,0.0,0,4108.0,105
21,SLAPRP_Guo_small_O100_alpha0.4_v1.txt,MESSAGE_PASSING,GREEDY,CLARKE_WRIGHT,8.5109667,149902372,0.0042388,681278,2.7605059,4524674551,930.0,6
21,SLAPRP_Guo_small_O100_alpha0.4_v1.txt,MESSAGE_PASSING,GREEDY,CLARKE_WRIGHT_HEURISTIC,8.5109667,149902372,0.0038504,681470,0.0040647,1632062,1210.0,6
21,SLAPRP_Guo_small_O100_alpha0.4_v1.txt,MESSAGE_PASSING,GREEDY,NO_HEURISTIC,8.5109667,149902372,0.0035215,681342,0.0,0,4202.0,105
22,SLAPRP_Guo_small_O100_alpha0.4_v10.txt,ALS,ASTAR_HEURISTIC,CLARKE_WRIGHT,15.9050289,135580573,0.0070302,1487502,2.2309642,3836061365,838.0,5
22,SLAPRP_Guo_small_O100_alpha0.4_v10.txt,ALS,ASTAR_HEURISTIC,CLARKE_WRIGHT_HEURISTIC,15.9050289,135580573,0.0054105,1487582,0.0018712,1442126,1268.0,7
22,SLAPRP_Guo_small_O100_alpha0.4_v10.txt,ALS,ASTAR_HEURISTIC,NO_HEURISTIC,15.9050289,135580573,0.0034632,1487486,0.0,0,3894.0,100
22,SLAPRP_Guo_small_O100_alpha0.4_v10.txt,ALS,GREEDY,CLARKE_WRIGHT,15.9050289,135580573,0.0039347,620398,2.2661654,3803948005,802.0,6
22,SLAPRP_Guo_small_O100_alpha0.4_v10.txt,ALS,GREEDY,CLARKE_WRIGHT_HEURISTIC,15.9050289,135580573,0.0042111,620830,0.0020269,1492334,1258.0,7
22,SLAPRP_Guo_small_O100_alpha0.4_v10.txt,ALS,GREEDY,NO_HEURISTIC,15.9050289,135580573,0.0038523,620430,0.0,0,3862.0,100
22,SLAPRP_Guo_small_O100_alpha0.4_v10.txt,ABC,ASTAR_HEURISTIC,CLARKE_WRIGHT,0.4115331,56924896,0.0067605,1518126,2.0551311,3360269943,642.0,5
22,SLAPRP_Guo_small_O100_alpha0.4_v10.txt,ABC,ASTAR_HEURISTIC,CLARKE_WRIGHT_HEURISTIC,0.4115331,56924896,0.0039107,1518222,0.0014818,1465918,740.0,5
22,SLAPRP_Guo_small_O100_alpha0.4_v10.txt,ABC,ASTAR_HEURISTIC,NO_HEURISTIC,0.4115331,56924896,0.006083,1518142,0.0,0,2326.0,100
22,SLAPRP_Guo_small_O100_alpha0.4_v10.txt,ABC,GREEDY,CLARKE_WRIGHT,0.4115331,56924896,0.0032226,614014,2.1146576,3331662773,460.0,6
22,SLAPRP_Guo_small_O100_alpha0.4_v10.txt,ABC,GREEDY,CLARKE_WRIGHT_HEURISTIC,0.4115331,56924896,0.0045796,614398,0.0020131,1386078,704.0,5
22,SLAPRP_Guo_small_O100_alpha0.4_v10.txt,ABC,GREEDY,NO_HEURISTIC,0.4115331,56924896,0.0034176,613998,0.0,0,2274.0,100
22,SLAPRP_Guo_small_O100_alpha0.4_v10.txt,ABC_HEURISTIC,ASTAR_HEURISTIC,CLARKE_WRIGHT,0.4316595,57276793,0.0043496,1454382,2.1560997,3480404279,658.0,5
22,SLAPRP_Guo_small_O100_alpha0.4_v10.txt,ABC_HEURISTIC,ASTAR_HEURISTIC,CLARKE_WRIGHT_HEURISTIC,0.4316595,57276793,0.0043404,1454542,0.0018694,1537310,1040.0,6
22,SLAPRP_Guo_small_O100_alpha0.4_v10.txt,ABC_HEURISTIC,ASTAR_HEURISTIC,NO_HEURISTIC,0.4316595,57276793,0.0047771,1454398,0.0,0,2344.0,100
22,SLAPRP_Guo_small_O100_alpha0.4_v10.txt,ABC_HEURISTIC,GREEDY,CLARKE_WRIGHT,0.4316595,57276793,0.0044249,627406,2.1052678,3488687655,548.0,5
22,SLAPRP_Guo_small_O100_alpha0.4_v10.txt,ABC_HEURISTIC,GREEDY,CLARKE_WRIGHT_HEURISTIC,0.4316595,57276793,0.0032931,627534,0.0013636,1406718,1006.0,7
22,SLAPRP_Guo_small_O100_alpha0.4_v10.txt,ABC_HEURISTIC,GREEDY,NO_HEURISTIC,0.4316595,57276793,0.0414843,627342,0.0,0,2372.0,100
22,SLAPRP_Guo_small_O100_alpha0.4_v10.txt,MESSAGE_PASSING,ASTAR_HEURISTIC,CLARKE_WRIGHT,15.4551669,142532042,0.0065619,1425454,2.2774083,3689161413,882.0,5
22,SLAPRP_Guo_small_O100_alpha0.4_v10.txt,MESSAGE_PASSING,ASTAR_HEURISTIC,CLARKE_WRIGHT_HEURISTIC,15.4551669,142532042,0.0054033,1425534,0.0020464,1466302,1324.0,7
22,SLAPRP_Guo_small_O100_alpha0.4_v10.txt,MESSAGE_PASSING,ASTAR_HEURISTIC,NO_HEURISTIC,15.4551669,142532042,0.0053077,1425358,0.0,0,3718.0,100
22,SLAPRP_Guo_small_O100_alpha0.4_v10.txt,MESSAGE_PASSING,GREEDY,CLARKE_WRIGHT,15.4551669,142532042,0.0031732,621070,2.1567224,3594593079,962.0,5
22,SLAPRP_Guo_small_O100_alpha0.4_v10.txt,MESSAGE_PASSING,GREEDY,CLARKE_WRIGHT_HEURISTIC,15.4551669,142532042,0.0028797,621262,0.0017246,1568062,1302.0,5
22,SLAPRP_Guo_small_O100_alpha0.4_v10.txt,MESSAGE_PASSING,GREEDY,NO_HEURISTIC,15.4551669,142532042,0.0033299,621086,0.0,0,3814.0,100
23,SLAPRP_Guo_small_O100_alpha0.4_v2.txt,ALS,ASTAR_HEURISTIC,CLARKE_WRIGHT,9.3188125,94945103,0.0080255,1979902,2.7783911,4734300997,866.0,6
23,SLAPRP_Guo_small_O100_alpha0.4_v2.txt,ALS,ASTAR_HEURISTIC,CLARKE_WRIGHT_HEURISTIC,9.3188125,94945103,0.0046496,1980062,0.0020672,1590814,1360.0,7
23,SLAPRP_Guo_small_O100_alpha0.4_v2.txt,ALS,ASTAR_HEURISTIC,NO_HEURISTIC,9.3188125,94945103,0.004767,1979934,0.0,0,4378.0,104
23,SLAPRP_Guo_small_O100_alpha0.4_v2.txt,ALS,GREEDY,CLARKE_WRIGHT,9.3188125,94945103,0.0038015,710046,2.7804639,4615709767,808.0,6
23,SLAPRP_Guo_small_O100_alpha0.4_v2.txt,ALS,GREEDY,CLARKE_WRIGHT_HEURISTIC,9.3188125,94945103,0.0035921,710382,0.0017011,1531246,1180.0,7
23,SLAPRP_Guo_small_O100_alpha0.4_v2.txt,ALS,GREEDY,NO_HEURISTIC,9.3188125,94945103,0.0034123,709998,0.0,0,4150.0,104
23,SLAPRP_Guo_small_O100_alpha0.4_v2.txt,ABC,ASTAR_HEURISTIC,CLARKE_WRIGHT,0.4232844,56949056,0.0060694,1850030,2.5798923,4169726487,660.0,6
23,SLAPRP_Guo_small_O100_alpha0.4_v2.txt,ABC,ASTAR_HEURISTIC,CLARKE_WRIGHT_HEURISTIC,0.4232844,56949056,0.0042194,1850126,0.0015315,1514590,922.0,7
23,SLAPRP_Guo_small_O100_alpha0.4_v2.txt,ABC,ASTAR_HEURISTIC,NO_HEURISTIC,0.4232844,56949056,0.0060816,1850030,0.0,0,2620.0,104
23,SLAPRP_Guo_small_O100_alpha0.4_v2.txt,ABC,GREEDY,CLARKE_WRIGHT,0.4232844,56949056,0.0066875,691790,2.4586574,3834881111,508.0,6
23,SLAPRP_Guo_small_O100_alpha0.4_v2.txt,ABC,GREEDY,CLARKE_WRIGHT_HEURISTIC,0.4232844,56949056,0.0048005,692174,0.0027964,1481406,832.0,7
23,SLAPRP_Guo_small_O100_alpha0.4_v2.txt,ABC,GREEDY,NO_HEURISTIC,0.4232844,56949056,0.0034438,691790,0.0,0,2544.0,104
23,SLAPRP_Guo_small_O100_alpha0.4_v2.txt,ABC_HEURISTIC,ASTAR_HEURISTIC,CLARKE_WRIGHT,0.4015229,57303081,0.0058771,1856046,2.7232788,4475048309,812.0,6
23,SLAPRP_Guo_small_O100_alpha0.4_v2.txt,ABC_HEURISTIC,ASTAR_HEURISTIC,CLARKE_WRIGHT_HEURISTIC,0.4015229,57303081,0.0040778,1856206,0.0021442,1574766,1522.0,8
23,SLAPRP_Guo_small_O100_alpha0.4_v2.txt,ABC_HEURISTIC,ASTAR_HEURISTIC,NO_HEURISTIC,0.4015229,57303081,0.0040781,1856094,0.0,0,2982.0,104
23,SLAPRP_Guo_small_O100_alpha0.4_v2.txt,ABC_HEURISTIC,GREEDY,CLARKE_WRIGHT,0.4015229,57303081,0.0034089,689790,2.3795331,3847184967,686.0,6
23,SLAPRP_Guo_small_O100_alpha0.4_v2.txt,ABC_HEURISTIC,GREEDY,CLARKE_WRIGHT_HEURISTIC,0.4015229,57303081,0.003501,689902,0.0017325,1413070,1128.0,8
23,SLAPRP_Guo_small_O100_alpha0.4_v2.txt,ABC_HEURISTIC,GREEDY,NO_HEURISTIC,0.4015229,57303081,0.003095,689774,0.0,0,2940.0,104
23,SLAPRP_Guo_small_O100_alpha0.4_v2.txt,MESSAGE_PASSING,ASTAR_HEURISTIC,CLARKE_WRIGHT,18.3308607,102628380,0.0073684,1951646,2.8441856,4940609669,996.0,6
23,SLAPRP_Guo_small_O100_alpha0.4_v2.txt,MESSAGE_PASSING,ASTAR_HEURISTIC,CLARKE_WRIGHT_HEURISTIC,18.3308607,102628380,0.004645,1951678,0.0023469,1708542,1380.0,7
23,SLAPRP_Guo_small_O100_alpha0.4_v2.txt,MESSAGE_PASSING,ASTAR_HEURISTIC,NO_HEURISTIC,18.3308607,102628380,0.0066069,1951550,0.0,0,3584.0,104
23,SLAPRP_Guo_small_O100_alpha0.4_v2.txt,MESSAGE_PASSING,GREEDY,CLARKE_WRIGHT,18.3308607,102628380,0.0039163,720174,3.317788,4300228535,732.0,6
23,SLAPRP_Guo_small_O100_alpha0.4_v2.txt,MESSAGE_PASSING,GREEDY,CLARKE_WRIGHT_HEURISTIC,18.3308607,102628380,0.0032434,720350,0.0016543,1533790,1080.0,7
23,SLAPRP_Guo_small_O100_alpha0.4_v2.txt,MESSAGE_PASSING,GREEDY,NO_HEURISTIC,18.3308607,102628380,0.0047833,720174,0.0,0,3502.0,104
24,SLAPRP_Guo_small_O100_alpha0.4_v3.txt,ALS,ASTAR_HEURISTIC,CLARKE_WRIGHT,20.7514621,131262389,0.0041431,1631710,2.560627,4244147575,960.0,6
24,SLAPRP_Guo_small_O100_alpha0.4_v3.txt,ALS,ASTAR_HEURISTIC,CLARKE_WRIGHT_HEURISTIC,20.7514621,131262389,0.0043524,1631886,0.0016456,1561278,1360.0,6
24,SLAPRP_Guo_small_O100_alpha0.4_v3.txt,ALS,ASTAR_HEURISTIC,NO_HEURISTIC,20.7514621,131262389,0.003816,1631710,0.0,0,4344.0,101
24,SLAPRP_Guo_small_O100_alpha0.4_v3.txt,ALS,GREEDY,CLARKE_WRIGHT,20.7514621,131262389,0.0048439,659038,2.4281885,4011863029,1024.0,7
24,SLAPRP_Guo_small_O100_alpha0.4_v3.txt,ALS,GREEDY,CLARKE_WRIGHT_HEURISTIC,20.7514621,131262389,0.0036194,659470,0.0016432,1552446,1330.0,7
24,SLAPRP_Guo_small_O100_alpha0.4_v3.txt,ALS,GREEDY,NO_HEURISTIC,20.7514621,131262389,0.0041824,659006,0.0,0,4424.0,101
24,SLAPRP_Guo_small_O100_alpha0.4_v3.txt,ABC,ASTAR_HEURISTIC,CLARKE_WRIGHT,0.4054358,56773216,0.0062489,1659198,2.4295513,3814213605,754.0,6
24,SLAPRP_Guo_small_O100_alpha0.4_v3.txt,ABC,ASTAR_HEURISTIC,CLARKE_WRIGHT_HEURISTIC,0.4054358,56773216,0.0046234,1659278,0.0024741,1588350,998.0,6
24,SLAPRP_Guo_small_O100_alpha0.4_v3.txt,ABC,ASTAR_HEURISTIC,NO_HEURISTIC,0.4054358,56773216,0.0041641,1659134,0.0,0,2578.0,101
24,SLAPRP_Guo_small_O100_alpha0.4_v3.txt,ABC,GREEDY,CLARKE_WRIGHT,0.4054358,56773216,0.0040049,670046,2.3304992,3781112677,536.0,6
24,SLAPRP_Guo_small_O100_alpha0.4_v3.txt,ABC,GREEDY,CLARKE_WRIGHT_HEURISTIC,0.4054358,56773216,0.0044418,670446,0.0018119,1568494,838.0,7
24,SLAPRP_Guo_small_O100_alpha0.4_v3.txt,ABC,GREEDY,NO_HEURISTIC,0.4054358,56773216,0.0056416,670062,0.0,0,2520.0,101
24,SLAPRP_Guo_small_O100_alpha0.4_v3.txt,ABC_HEURISTIC,ASTAR_HEURISTIC,CLARKE_WRIGHT,0.4462927,57126425,0.0062542,1621198,2.4722969,4105165719,810.0,6
24,SLAPRP_Guo_small_O100_alpha0.4_v3.txt,ABC_HEURISTIC,ASTAR_HEURISTIC,CLARKE_WRIGHT_HEURISTIC,0.4462927,57126425,0.0040443,1621374,0.001978,1589838,1290.0,6
24,SLAPRP_Guo_small_O100_alpha0.4_v3.txt,ABC_HEURISTIC,ASTAR_HEURISTIC,NO_HEURISTIC,0.4462927,57126425,0.0042058,1621182,0.0,0,2740.0,101
24,SLAPRP_Guo_small_O100_alpha0.4_v3.txt,ABC_HEURISTIC,GREEDY,CLARKE_WRIGHT,0.4462927,57126425,0.0038092,667006,2.3708109,3764187461,694.0,6
24,SLAPRP_Guo_small_O100_alpha0.4_v3.txt,ABC_HEURISTIC,GREEDY,CLARKE_WRIGHT_HEURISTIC,0.4462927,57126425,0.004109,667118,0.0017723,1521278,1134.0,7
24,SLAPRP_Guo_small_O100_alpha0.4_v3.txt,ABC_HEURISTIC,GREEDY,NO_HEURISTIC,0.4462927,57126425,0.0037953,667006,0.0,0,2704.0,101
24,SLAPRP_Guo_small_O100_alpha0.4_v3.txt,MESSAGE_PASSING,ASTAR_HEURISTIC,CLARKE_WRIGHT,10.443024,138912969,0.0060028,1573182,3.2628087,4302835607,1138.0,7
24,SLAPRP_Guo_small_O100_alpha0.4_v3.txt,MESSAGE_PASSING,ASTAR_HEURISTIC,CLARKE_WRIGHT_HEURISTIC,10.443024,138912969,0.0051353,1573230,0.0026912,1581438,1594.0,6
24,SLAPRP_Guo_small_O100_alpha0.4_v3.txt,MESSAGE_PASSING,ASTAR_HEURISTIC,NO_HEURISTIC,10.443024,138912969,0.0043193,1573086,0.0,0,4798.0,101
24,SLAPRP_Guo_small_O100_alpha0.4_v3.txt,MESSAGE_PASSING,GREEDY,CLARKE_WRIGHT,10.443024,138912969,0.0039526,668318,2.9464927,4378738231,1106.0,6
24,SLAPRP_Guo_small_O100_alpha0.4_v3.txt,MESSAGE_PASSING,GREEDY,CLARKE_WRIGHT_HEURISTIC,10.443024,138912969,0.0041793,668526,0.0017259,1616382,1528.0,6
24,SLAPRP_Guo_small_O100_alpha0.4_v3.txt,MESSAGE_PASSING,GREEDY,NO_HEURISTIC,10.443024,138912969,0.003829,668270,0.0,0,4670.0,101
25,SLAPRP_Guo_small_O100_alpha0.4_v4.txt,ALS,ASTAR_HEURISTIC,CLARKE_WRIGHT,9.761087,120402091,0.0055701,1679726,3.4179978,4888217701,1012.0,6
25,SLAPRP_Guo_small_O100_alpha0.4_v4.txt,ALS,ASTAR_HEURISTIC,CLARKE_WRIGHT_HEURISTIC,9.761087,120402091,0.0053273,1679870,0.0036235,1641934,1434.0,6
25,SLAPRP_Guo_small_O100_alpha0.4_v4.txt,ALS,ASTAR_HEURISTIC,NO_HEURISTIC,9.761087,120402091,0.0085992,1679726,0.0,0,4816.0,105
25,SLAPRP_Guo_small_O100_alpha0.4_v4.txt,ALS,GREEDY,CLARKE_WRIGHT,9.761087,120402091,0.0046934,691118,3.8091964,4769485031,912.0,6
25,SLAPRP_Guo_small_O100_alpha0.4_v4.txt,ALS,GREEDY,CLARKE_WRIGHT_HEURISTIC,9.761087,120402091,0.0043326,691438,0.0031024,1614462,1570.0,7
25,SLAPRP_Guo_small_O100_alpha0.4_v4.txt,ALS,GREEDY,NO_HEURISTIC,9.761087,120402091,0.0049253,691070,0.0,0,4728.0,105
25,SLAPRP_Guo_small_O100_alpha0.4_v4.txt,ABC,ASTAR_HEURISTIC,CLARKE_WRIGHT,0.5349677,57044944,0.0052299,1720222,2.931761,4465811351,760.0,7
25,SLAPRP_Guo_small_O100_alpha0.4_v4.txt,ABC,ASTAR_HEURISTIC,CLARKE_WRIGHT_HEURISTIC,0.5349677,57044944,0.0055277,1720302,0.0017519,1651358,1074.0,7
25,SLAPRP_Guo_small_O100_alpha0.4_v4.txt,ABC,ASTAR_HEURISTIC,NO_HEURISTIC,0.5349677,57044944,0.005993,1720206,0.0,0,2714.0,105
25,SLAPRP_Guo_small_O100_alpha0.4_v4.txt,ABC,GREEDY,CLARKE_WRIGHT,0.5349677,57044944,0.0044381,690526,2.9325584,4286881061,616.0,6
25,SLAPRP_Guo_small_O100_alpha0.4_v4.txt,ABC,GREEDY,CLARKE_WRIGHT_HEURISTIC,0.5349677,57044944,0.0042608,690942,0.0018884,1571214,902.0,8
25,SLAPRP_Guo_small_O100_alpha0.4_v4.txt,ABC,GREEDY,NO_HEURISTIC,0.5349677,57044944,0.0039058,690526,0.0,0,2718.0,105
25,SLAPRP_Guo_small_O100_alpha0.4_v4.txt,ABC_HEURISTIC,ASTAR_HEURISTIC,CLARKE_WRIGHT,0.5273789,57755065,0.0071634,1672030,3.3871832,4672035591,876.0,6
25,SLAPRP_Guo_small_O100_alpha0.4_v4.txt,ABC_HEURISTIC,ASTAR_HEURISTIC,CLARKE_WRIGHT_HEURISTIC,0.5273789,57755065,0.0062367,1672206,0.001815,1676062,1292.0,7
25,SLAPRP_Guo_small_O100_alpha0.4_v4.txt,ABC_HEURISTIC,ASTAR_HEURISTIC,NO_HEURISTIC,0.5273789,57755065,0.0049048,1671998,0.0,0,2842.0,105
25,SLAPRP_Guo_small_O100_alpha0.4_v4.txt,ABC_HEURISTIC,GREEDY,CLARKE_WRIGHT,0.5273789,57755065,0.0044468,686830,3.1253737,4495882657,864.0,6
25,SLAPRP_Guo_small_O100_alpha0.4_v4.txt,ABC_HEURISTIC,GREEDY,CLARKE_WRIGHT_HEURISTIC,0.5273789,57755065,0.0036323,686974,0.0183519,1632414,1240.0,6
25,SLAPRP_Guo_small_O100_alpha0.4_v4.txt,ABC_HEURISTIC,GREEDY,NO_HEURISTIC,0.5273789,57755065,0.0050422,686846,0.0,0,3040.0,105
25,SLAPRP_Guo_small_O100_alpha0.4_v4.txt,MESSAGE_PASSING,ASTAR_HEURISTIC,CLARKE_WRIGHT,19.4060929,126697544,0.0067735,1673166,3.265305,4934812919,982.0,7
25,SLAPRP_Guo_small_O100_alpha0.4_v4.txt,MESSAGE_PASSING,ASTAR_HEURISTIC,CLARKE_WRIGHT_HEURISTIC,19.4060929,126697544,0.0060785,1673262,0.0024322,1585758,1552.0,8
25,SLAPRP_Guo_small_O100_alpha0.4_v4.txt,MESSAGE_PASSING,ASTAR_HEURISTIC,NO_HEURISTIC,19.4060929,126697544,0.0044182,1673118,0.0,0,4512.0,105
25,SLAPRP_Guo_small_O100_alpha0.4_v4.txt,MESSAGE_PASSING,GREEDY,CLARKE_WRIGHT,19.4060929,126697544,0.0039653,692814,3.3214845,4933929031,900.0,6
25,SLAPRP_Guo_small_O100_alpha0.4_v4.txt,MESSAGE_PASSING,GREEDY,CLARKE_WRIGHT_HEURISTIC,19.4060929,126697544,0.0036821,692926,0.0032359,1601678,1404.0,7
25,SLAPRP_Guo_small_O100_alpha0.4_v4.txt,MESSAGE_PASSING,GREEDY,NO_HEURISTIC,19.4060929,126697544,0.0045148,692798,0.0,0,4530.0,105
26,SLAPRP_Guo_small_O100_alpha0.4_v5.txt,ALS,ASTAR_HEURISTIC,CLARKE_WRIGHT,9.6082059,136456753,0.0057268,1563854,2.7088518,4033688711,798.0,6
26,SLAPRP_Guo_small_O100_alpha0.4_v5.txt,ALS,ASTAR_HEURISTIC,CLARKE_WRIGHT_HEURISTIC,9.6082059,136456753,0.0049971,1563950,0.0027501,1499950,1278.0,7
26,SLAPRP_Guo_small_O100_alpha0.4_v5.txt,ALS,ASTAR_HEURISTIC,NO_HEURISTIC,9.6082059,136456753,0.0041228,1563870,0.0,0,4052.0,102
26,SLAPRP_Guo_small_O100_alpha0.4_v5.txt,ALS,GREEDY,CLARKE_WRIGHT,9.6082059,136456753,0.0034574,646478,2.8664115,3691133991,800.0,6
26,SLAPRP_Guo_small_O100_alpha0.4_v5.txt,ALS,GREEDY,CLARKE_WRIGHT_HEURISTIC,9.6082059,136456753,0.0033573,646830,0.0021916,1512718,1194.0,8
26,SLAPRP_Guo_small_O100_alpha0.4_v5.txt,ALS,GREEDY,NO_HEURISTIC,9.6082059,136456753,0.0045377,646462,0.0,0,4034.0,102
26,SLAPRP_Guo_small_O100_alpha0.4_v5.txt,ABC,ASTAR_HEURISTIC,CLARKE_WRIGHT,0.421334,56251792,0.0053788,1607086,3.4187668,3767718919,534.0,6
26,SLAPRP_Guo_small_O100_alpha0.4_v5.txt,ABC,ASTAR_HEURISTIC,CLARKE_WRIGHT_HEURISTIC,0.421334,56251792,0.0055613,1607166,0.0028723,1466286,828.0,6
26,SLAPRP_Guo_small_O100_alpha0.4_v5.txt,ABC,ASTAR_HEURISTIC,NO_HEURISTIC,0.421334,56251792,0.0056847,1607022,0.0,0,2296.0,102
26,SLAPRP_Guo_small_O100_alpha0.4_v5.txt,ABC,GREEDY,CLARKE_WRIGHT,0.421334,56251792,0.0039216,636750,3.1804711,3525763175,458.0,7
26,SLAPRP_Guo_small_O100_alpha0.4_v5.txt,ABC,GREEDY,CLARKE_WRIGHT_HEURISTIC,0.421334,56251792,0.0058171,637118,0.0020042,1391662,722.0,7
26,SLAPRP_Guo_small_O100_alpha0.4_v5.txt,ABC,GREEDY,NO_HEURISTIC,0.421334,56251792,0.0061122,636782,0.0,0,2314.0,102
26,SLAPRP_Guo_small_O100_alpha0.4_v5.txt,ABC_HEURISTIC,ASTAR_HEURISTIC,CLARKE_WRIGHT,0.5529852,56602617,0.0082364,1636046,2.872913,4005660709,700.0,6
26,SLAPRP_Guo_small_O100_alpha0.4_v5.txt,ABC_HEURISTIC,ASTAR_HEURISTIC,CLARKE_WRIGHT_HEURISTIC,0.5529852,56602617,0.006122,1636190,0.002592,1636670,1332.0,6
26,SLAPRP_Guo_small_O100_alpha0.4_v5.txt,ABC_HEURISTIC,ASTAR_HEURISTIC,NO_HEURISTIC,0.5529852,56602617,0.0051219,1636030,0.0,0,2706.0,102
26,SLAPRP_Guo_small_O100_alpha0.4_v5.txt,ABC_HEURISTIC,GREEDY,CLARKE_WRIGHT,0.5529852,56602617,0.003752,657246,2.5179503,3558013189,658.0,6
26,SLAPRP_Guo_small_O100_alpha0.4_v5.txt,ABC_HEURISTIC,GREEDY,CLARKE_WRIGHT_HEURISTIC,0.5529852,56602617,0.0032216,657326,0.0016933,1452286,998.0,7
26,SLAPRP_Guo_small_O100_alpha0.4_v5.txt,ABC_HEURISTIC,GREEDY,NO_HEURISTIC,0.5529852,56602617,0.0034586,657262,0.0,0,2778.0,102
26,SLAPRP_Guo_small_O100_alpha0.4_v5.txt,MESSAGE_PASSING,ASTAR_HEURISTIC,CLARKE_WRIGHT,7.7055956,142751614,0.0057768,1525566,2.1798288,3654990229,870.0,7
26,SLAPRP_Guo_small_O100_alpha0.4_v5.txt,MESSAGE_PASSING,ASTAR_HEURISTIC,CLARKE_WRIGHT_HEURISTIC,7.7055956,142751614,0.0039557,1525614,0.0014144,1457662,1336.0,7
26,SLAPRP_Guo_small_O100_alpha0.4_v5.txt,MESSAGE_PASSING,ASTAR_HEURISTIC,NO_HEURISTIC,7.7055956,142751614,0.0050268,1525486,0.0,0,3900.0,102
26,SLAPRP_Guo_small_O100_alpha0.4_v5.txt,MESSAGE_PASSING,GREEDY,CLARKE_WRIGHT,7.7055956,142751614,0.0034005,637518,2.2194169,3459399463,858.0,8
26,SLAPRP_Guo_small_O100_alpha0.4_v5.txt,MESSAGE_PASSING,GREEDY,CLARKE_WRIGHT_HEURISTIC,7.7055956,142751614,0.0040756,637710,0.0023622,1452622,1178.0,6
26,SLAPRP_Guo_small_O100_alpha0.4_v5.txt,MESSAGE_PASSING,GREEDY,NO_HEURISTIC,7.7055956,142751614,0.0051594,637566,0.0,0,4042.0,102
27,SLAPRP_Guo_small_O100_alpha0.4_v6.txt,ALS,ASTAR_HEURISTIC,CLARKE_WRIGHT,11.6991943,136963297,0.0074696,1718990,3.3704775,4201774549,986.0,6
27,SLAPRP_Guo_small_O100_alpha0.4_v6.txt,ALS,ASTAR_HEURISTIC,CLARKE_WRIGHT_HEURISTIC,11.6991943,136963297,0.0065973,1719102,0.0040349,1553246,1348.0,7
27,SLAPRP_Guo_small_O100_alpha0.4_v6.txt,ALS,ASTAR_HEURISTIC,NO_HEURISTIC,11.6991943,136963297,0.004818,1719006,0.0,0,4462.0,100
27,SLAPRP_Guo_small_O100_alpha0.4_v6.txt,ALS,GREEDY,CLARKE_WRIGHT,11.6991943,136963297,0.0057499,670046,2.8225607,3943394149,916.0,6
27,SLAPRP_Guo_small_O100_alpha0.4_v6.txt,ALS,GREEDY,CLARKE_WRIGHT_HEURISTIC,11.6991943,136963297,0.0056427,670398,0.0028949,1540190,1172.0,6
27,SLAPRP_Guo_small_O100_alpha0.4_v6.txt,ALS,GREEDY,NO_HEURISTIC,11.6991943,136963297,0.0036717,670046,0.0,0,4378.0,100
27,SLAPRP_Guo_small_O100_alpha0.4_v6.txt,ABC,ASTAR_HEURISTIC,CLARKE_WRIGHT,0.4489494,57079056,0.0064276,1686894,2.4935077,3787481765,672.0,6
27,SLAPRP_Guo_small_O100_alpha0.4_v6.txt,ABC,ASTAR_HEURISTIC,CLARKE_WRIGHT_HEURISTIC,0.4489494,57079056,0.0044475,1687054,0.0019276,1513214,970.0,6
27,SLAPRP_Guo_small_O100_alpha0.4_v6.txt,ABC,ASTAR_HEURISTIC,NO_HEURISTIC,0.4489494,57079056,0.0046954,1686862,0.0,0,2614.0,100
27,SLAPRP_Guo_small_O100_alpha0.4_v6.txt,ABC,GREEDY,CLARKE_WRIGHT,0.4489494,57079056,0.003581,656174,2.2805935,3407893077,494.0,7
27,SLAPRP_Guo_small_O100_alpha0.4_v6.txt,ABC,GREEDY,CLARKE_WRIGHT_HEURISTIC,0.4489494,57079056,0.0055532,656574,0.0016277,1458398,788.0,6
27,SLAPRP_Guo_small_O100_alpha0.4_v6.txt,ABC,GREEDY,NO_HEURISTIC,0.4489494,57079056,0.0058697,656174,0.0,0,2484.0,100
27,SLAPRP_Guo_small_O100_alpha0.4_v6.txt,ABC_HEURISTIC,ASTAR_HEURISTIC,CLARKE_WRIGHT,0.4174951,57794633,0.0075563,1774670,2.6539173,3883325445,878.0,6
27,SLAPRP_Guo_small_O100_alpha0.4_v6.txt,ABC_HEURISTIC,ASTAR_HEURISTIC,CLARKE_WRIGHT_HEURISTIC,0.4174951,57794633,0.0045326,1774814,0.0027614,1595950,1248.0,8
27,SLAPRP_Guo_small_O100_alpha0.4_v6.txt,ABC_HEURISTIC,ASTAR_HEURISTIC,NO_HEURISTIC,0.4174951,57794633,0.0063939,1774702,0.0,0,2930.0,100
27,SLAPRP_Guo_small_O100_alpha0.4_v6.txt,ABC_HEURISTIC,GREEDY,CLARKE_WRIGHT,0.4174951,57794633,0.0044097,662526,2.5615523,3561144117,708.0,6
27,SLAPRP_Guo_small_O100_alpha0.4_v6.txt,ABC_HEURISTIC,GREEDY,CLARKE_WRIGHT_HEURISTIC,0.4174951,57794633,0.0043482,662670,0.0021036,1432254,1062.0,7
27,SLAPRP_Guo_small_O100_alpha0.4_v6.txt,ABC_HEURISTIC,GREEDY,NO_HEURISTIC,0.4174951,57794633,0.0034686,662510,0.0,0,2784.0,100
27,SLAPRP_Guo_small_O100_alpha0.4_v6.txt,MESSAGE_PASSING,ASTAR_HEURISTIC,CLARKE_WRIGHT,11.6072869,143916702,0.004704,1629854,2.4636675,3855407045,840.0,6
27,SLAPRP_Guo_small_O100_alpha0.4_v6.txt,MESSAGE_PASSING,ASTAR_HEURISTIC,CLARKE_WRIGHT_HEURISTIC,11.6072869,143916702,0.0044164,1629982,0.0019414,1542958,1190.0,6
27,SLAPRP_Guo_small_O100_alpha0.4_v6.txt,MESSAGE_PASSING,ASTAR_HEURISTIC,NO_HEURISTIC,11.6072869,143916702,0.0053977,1629854,0.0,0,3730.0,100
27,SLAPRP_Guo_small_O100_alpha0.4_v6.txt,MESSAGE_PASSING,GREEDY,CLARKE_WRIGHT,11.6072869,143916702,0.0070771,654862,2.588204,3783891477,648.0,6
27,SLAPRP_Guo_small_O100_alpha0.4_v6.txt,MESSAGE_PASSING,GREEDY,CLARKE_WRIGHT_HEURISTIC,11.6072869,143916702,0.0039192,655038,0.0017178,1464590,1078.0,8
27,SLAPRP_Guo_small_O100_alpha0.4_v6.txt,MESSAGE_PASSING,GREEDY,NO_HEURISTIC,11.6072869,143916702,0.0046002,654894,0.0,0,3380.0,100
28,SLAPRP_Guo_small_O100_alpha0.4_v7.txt,ALS,ASTAR_HEURISTIC,CLARKE_WRIGHT,20.8024861,136660269,0.0054676,1853918,2.8854219,4371742805,940.0,6
28,SLAPRP_Guo_small_O100_alpha0.4_v7.txt,ALS,ASTAR_HEURISTIC,CLARKE_WRIGHT_HEURISTIC,20.8024861,136660269,0.0044186,1853982,0.0017758,1536302,1434.0,7
28,SLAPRP_Guo_small_O100_alpha0.4_v7.txt,ALS,ASTAR_HEURISTIC,NO_HEURISTIC,20.8024861,136660269,0.0045837,1853870,0.0,0,4542.0,100
28,SLAPRP_Guo_small_O100_alpha0.4_v7.txt,ALS,GREEDY,CLARKE_WRIGHT,20.8024861,136660269,0.0037593,685198,2.6281608,3908196791,812.0,6
28,SLAPRP_Guo_small_O100_alpha0.4_v7.txt,ALS,GREEDY,CLARKE_WRIGHT_HEURISTIC,20.8024861,136660269,0.0042313,685566,0.00291,1499358,1346.0,7
28,SLAPRP_Guo_small_O100_alpha0.4_v7.txt,ALS,GREEDY,NO_HEURISTIC,20.8024861,136660269,0.0049289,685198,0.0,0,4472.0,100
28,SLAPRP_Guo_small_O100_alpha0.4_v7.txt,ABC,ASTAR_HEURISTIC,CLARKE_WRIGHT,0.4585656,56791488,0.0075559,1802030,2.5832264,3749071349,666.0,6
28,SLAPRP_Guo_small_O100_alpha0.4_v7.txt,ABC,ASTAR_HEURISTIC,CLARKE_WRIGHT_HEURISTIC,0.4585656,56791488,0.0047735,1802190,0.0021359,1545502,974.0,7
28,SLAPRP_Guo_small_O100_alpha0.4_v7.txt,ABC,ASTAR_HEURISTIC,NO_HEURISTIC,0.4585656,56791488,0.0047387,1801998,0.0,0,2586.0,100
28,SLAPRP_Guo_small_O100_alpha0.4_v7.txt,ABC,GREEDY,CLARKE_WRIGHT,0.4585656,56791488,0.0036041,675278,2.4702911,3500956821,480.0,7
28,SLAPRP_Guo_small_O100_alpha0.4_v7.txt,ABC,GREEDY,CLARKE_WRIGHT_HEURISTIC,0.4585656,56791488,0.0039469,675646,0.0017887,1361886,836.0,7
28,SLAPRP_Guo_small_O100_alpha0.4_v7.txt,ABC,GREEDY,NO_HEURISTIC,0.4585656,56791488,0.0046558,675214,0.0,0,2524.0,100
28,SLAPRP_Guo_small_O100_alpha0.4_v7.txt,ABC_HEURISTIC,ASTAR_HEURISTIC,CLARKE_WRIGHT,0.4625,57142505,0.0097681,1770174,2.5048186,3623686775,678.0,6
28,SLAPRP_Guo_small_O100_alpha0.4_v7.txt,ABC_HEURISTIC,ASTAR_HEURISTIC,CLARKE_WRIGHT_HEURISTIC,0.4625,57142505,0.0045864,1770270,0.0024983,1496990,1166.0,8
28,SLAPRP_Guo_small_O100_alpha0.4_v7.txt,ABC_HEURISTIC,ASTAR_HEURISTIC,NO_HEURISTIC,0.4625,57142505,0.0055702,1770158,0.0,0,2554.0,100
28,SLAPRP_Guo_small_O100_alpha0.4_v7.txt,ABC_HEURISTIC,GREEDY,CLARKE_WRIGHT,0.4625,57142505,0.0042453,665662,2.4806458,3560671189,650.0,6
28,SLAPRP_Guo_small_O100_alpha0.4_v7.txt,ABC_HEURISTIC,GREEDY,CLARKE_WRIGHT_HEURISTIC,0.4625,57142505,0.0052468,665838,0.0024172,1470494,1114.0,6
28,SLAPRP_Guo_small_O100_alpha0.4_v7.txt,ABC_HEURISTIC,GREEDY,NO_HEURISTIC,0.4625,57142505,0.0048409,665678,0.0,0,2646.0,100
28,SLAPRP_Guo_small_O100_alpha0.4_v7.txt,MESSAGE_PASSING,ASTAR_HEURISTIC,CLARKE_WRIGHT,14.6718042,142398161,0.00675,1881326,2.666708,3941938567,988.0,7
28,SLAPRP_Guo_small_O100_alpha0.4_v7.txt,MESSAGE_PASSING,ASTAR_HEURISTIC,CLARKE_WRIGHT_HEURISTIC,14.6718042,142398161,0.0046673,1881438,0.0020832,1573982,1558.0,7
28,SLAPRP_Guo_small_O100_alpha0.4_v7.txt,MESSAGE_PASSING,ASTAR_HEURISTIC,NO_HEURISTIC,14.6718042,142398161,0.0074165,1881262,0.0,0,4292.0,100
28,SLAPRP_Guo_small_O100_alpha0.4_v7.txt,MESSAGE_PASSING,GREEDY,CLARKE_WRIGHT,14.6718042,142398161,0.0055863,693598,3.02129,3897830103,994.0,6
28,SLAPRP_Guo_small_O100_alpha0.4_v7.txt,MESSAGE_PASSING,GREEDY,CLARKE_WRIGHT_HEURISTIC,14.6718042,142398161,0.0055294,693774,0.001814,1562638,1168.0,7
28,SLAPRP_Guo_small_O100_alpha0.4_v7.txt,MESSAGE_PASSING,GREEDY,NO_HEURISTIC,14.6718042,142398161,0.005103,693630,0.0,0,4216.0,100
29,SLAPRP_Guo_small_O100_alpha0.4_v8.txt,ALS,ASTAR_HEURISTIC,CLARKE_WRIGHT,13.4763259,132897561,0.0075466,1641790,2.7330704,4004934341,874.0,6
29,SLAPRP_Guo_small_O100_alpha0.4_v8.txt,ALS,ASTAR_HEURISTIC,CLARKE_WRIGHT_HEURISTIC,13.4763259,132897561,0.006241,1641886,0.0019519,1527502,1340.0,7
29,SLAPRP_Guo_small_O100_alpha0.4_v8.txt,ALS,ASTAR_HEURISTIC,NO_HEURISTIC,13.4763259,132897561,0.0043152,1641758,0.0,0,4520.0,101
29,SLAPRP_Guo_small_O100_alpha0.4_v8.txt,ALS,GREEDY,CLARKE_WRIGHT,13.4763259,132897561,0.0039752,657326,2.6408635,3806697367,778.0,6
29,SLAPRP_Guo_small_O100_alpha0.4_v8.txt,ALS,GREEDY,CLARKE_WRIGHT_HEURISTIC,13.4763259,132897561,0.0036601,657742,0.0017061,1522638,1192.0,7
29,SLAPRP_Guo_small_O100_alpha0.4_v8.txt,ALS,GREEDY,NO_HEURISTIC,13.4763259,132897561,0.0049357,657342,0.0,0,4304.0,101
29,SLAPRP_Guo_small_O100_alpha0.4_v8.txt,ABC,ASTAR_HEURISTIC,CLARKE_WRIGHT,0.4208598,56506192,0.005298,1611278,2.5252777,3748864741,628.0,8
29,SLAPRP_Guo_small_O100_alpha0.4_v8.txt,ABC,ASTAR_HEURISTIC,CLARKE_WRIGHT_HEURISTIC,0.4208598,56506192,0.0057052,1611422,0.0026603,1550478,894.0,6
29,SLAPRP_Guo_small_O100_alpha0.4_v8.txt,ABC,ASTAR_HEURISTIC,NO_HEURISTIC,0.4208598,56506192,0.0050025,1611246,0.0,0,2492.0,101
29,SLAPRP_Guo_small_O100_alpha0.4_v8.txt,ABC,GREEDY,CLARKE_WRIGHT,0.4208598,56506192,0.0035842,664318,2.4885447,3614798357,498.0,6
29,SLAPRP_Guo_small_O100_alpha0.4_v8.txt,ABC,GREEDY,CLARKE_WRIGHT_HEURISTIC,0.4208598,56506192,0.0041202,664670,0.0017182,1489646,824.0,6
29,SLAPRP_Guo_small_O100_alpha0.4_v8.txt,ABC,GREEDY,NO_HEURISTIC,0.4208598,56506192,0.0064122,664238,0.0,0,2484.0,101
29,SLAPRP_Guo_small_O100_alpha0.4_v8.txt,ABC_HEURISTIC,ASTAR_HEURISTIC,CLARKE_WRIGHT,0.4674534,57221001,0.0061821,1568366,3.112873,4060174117,734.0,6
29,SLAPRP_Guo_small_O100_alpha0.4_v8.txt,ABC_HEURISTIC,ASTAR_HEURISTIC,CLARKE_WRIGHT_HEURISTIC,0.4674534,57221001,0.0059797,1568558,0.0035309,1525502,1116.0,6
29,SLAPRP_Guo_small_O100_alpha0.4_v8.txt,ABC_HEURISTIC,ASTAR_HEURISTIC,NO_HEURISTIC,0.4674534,57221001,0.0052048,1568382,0.0,0,2606.0,101
29,SLAPRP_Guo_small_O100_alpha0.4_v8.txt,ABC_HEURISTIC,GREEDY,CLARKE_WRIGHT,0.4674534,57221001,0.0041626,638366,2.5757578,3529728007,546.0,7
29,SLAPRP_Guo_small_O100_alpha0.4_v8.txt,ABC_HEURISTIC,GREEDY,CLARKE_WRIGHT_HEURISTIC,0.4674534,57221001,0.0044233,638542,0.0016811,1339198,834.0,6
29,SLAPRP_Guo_small_O100_alpha0.4_v8.txt,ABC_HEURISTIC,GREEDY,NO_HEURISTIC,0.4674534,57221001,0.0038518,638382,0.0,0,2608.0,101
29,SLAPRP_Guo_small_O100_alpha0.4_v8.txt,MESSAGE_PASSING,ASTAR_HEURISTIC,CLARKE_WRIGHT,10.1429524,139507286,0.0042929,1683118,2.863872,4280669911,938.0,6
29,SLAPRP_Guo_small_O100_alpha0.4_v8.txt,MESSAGE_PASSING,ASTAR_HEURISTIC,CLARKE_WRIGHT_HEURISTIC,10.1429524,139507286,0.0047392,1683214,0.0030841,1533742,1326.0,7
29,SLAPRP_Guo_small_O100_alpha0.4_v8.txt,MESSAGE_PASSING,ASTAR_HEURISTIC,NO_HEURISTIC,10.1429524,139507286,0.0051331,1683102,0.0,0,4250.0,101
29,SLAPRP_Guo_small_O100_alpha0.4_v8.txt,MESSAGE_PASSING,GREEDY,CLARKE_WRIGHT,10.1429524,139507286,0.0061389,654206,2.898905,4187434837,1034.0,6
29,SLAPRP_Guo_small_O100_alpha0.4_v8.txt,MESSAGE_PASSING,GREEDY,CLARKE_WRIGHT_HEURISTIC,10.1429524,139507286,0.0041829,654350,0.0029398,1490542,1438.0,7
29,SLAPRP_Guo_small_O100_alpha0.4_v8.txt,MESSAGE_PASSING,GREEDY,NO_HEURISTIC,10.1429524,139507286,0.0038202,654142,0.0,0,4386.0,101
30,SLAPRP_Guo_small_O100_alpha0.4_v9.txt,ALS,ASTAR_HEURISTIC,CLARKE_WRIGHT,21.111641,113328623,0.0065379,1564702,3.0797727,3968404279,922.0,6
30,SLAPRP_Guo_small_O100_alpha0.4_v9.txt,ALS,ASTAR_HEURISTIC,CLARKE_WRIGHT_HEURISTIC,21.111641,113328623,0.0041936,1564782,0.0017745,1499278,1344.0,6
30,SLAPRP_Guo_small_O100_alpha0.4_v9.txt,ALS,ASTAR_HEURISTIC,NO_HEURISTIC,21.111641,113328623,0.0041174,1564702,0.0,0,4160.0,100
30,SLAPRP_Guo_small_O100_alpha0.4_v9.txt,ALS,GREEDY,CLARKE_WRIGHT,21.111641,113328623,0.0039891,626430,2.5679896,3590257975,796.0,6
30,SLAPRP_Guo_small_O100_alpha0.4_v9.txt,ALS,GREEDY,CLARKE_WRIGHT_HEURISTIC,21.111641,113328623,0.0035415,626862,0.0019306,1454558,1250.0,6
30,SLAPRP_Guo_small_O100_alpha0.4_v9.txt,ALS,GREEDY,NO_HEURISTIC,21.111641,113328623,0.0046876,626446,0.0,0,4060.0,100
30,SLAPRP_Guo_small_O100_alpha0.4_v9.txt,ABC,ASTAR_HEURISTIC,CLARKE_WRIGHT,0.4556138,56770384,0.0044869,1570862,2.4520828,3602666247,638.0,6
30,SLAPRP_Guo_small_O100_alpha0.4_v9.txt,ABC,ASTAR_HEURISTIC,CLARKE_WRIGHT_HEURISTIC,0.4556138,56770384,0.0042583,1570958,0.0018308,1490990,976.0,6
30,SLAPRP_Guo_small_O100_alpha0.4_v9.txt,ABC,ASTAR_HEURISTIC,NO_HEURISTIC,0.4556138,56770384,0.0043473,1570814,0.0,0,2416.0,100
30,SLAPRP_Guo_small_O100_alpha0.4_v9.txt,ABC,GREEDY,CLARKE_WRIGHT,0.4556138,56770384,0.0040841,647438,2.333298,3376456487,536.0,8
30,SLAPRP_Guo_small_O100_alpha0.4_v9.txt,ABC,GREEDY,CLARKE_WRIGHT_HEURISTIC,0.4556138,56770384,0.003578,647806,0.0031656,1466062,762.0,6
30,SLAPRP_Guo_small_O100_alpha0.4_v9.txt,ABC,GREEDY,NO_HEURISTIC,0.4556138,56770384,0.003652,647438,0.0,0,2394.0,100
30,SLAPRP_Guo_small_O100_alpha0.4_v9.txt,ABC_HEURISTIC,ASTAR_HEURISTIC,CLARKE_WRIGHT,0.4777802,57120553,0.0061667,1496286,2.484758,3475539973,630.0,10
30,SLAPRP_Guo_small_O100_alpha0.4_v9.txt,ABC_HEURISTIC,ASTAR_HEURISTIC,CLARKE_WRIGHT_HEURISTIC,0.4777802,57120553,0.0072583,1496462,0.0032834,1477406,978.0,6
30,SLAPRP_Guo_small_O100_alpha0.4_v9.txt,ABC_HEURISTIC,ASTAR_HEURISTIC,NO_HEURISTIC,0.4777802,57120553,0.0044537,1496254,0.0,0,2338.0,100
30,SLAPRP_Guo_small_O100_alpha0.4_v9.txt,ABC_HEURISTIC,GREEDY,CLARKE_WRIGHT,0.4777802,57120553,0.0043644,618894,2.2470933,3239374455,518.0,8
30,SLAPRP_Guo_small_O100_alpha0.4_v9.txt,ABC_HEURISTIC,GREEDY,CLARKE_WRIGHT_HEURISTIC,0.4777802,57120553,0.0059401,619070,0.0027048,1347374,902.0,7
30,SLAPRP_Guo_small_O100_alpha0.4_v9.txt,ABC_HEURISTIC,GREEDY,NO_HEURISTIC,0.4777802,57120553,0.0045458,618894,0.0,0,2446.0,100
30,SLAPRP_Guo_small_O100_alpha0.4_v9.txt,MESSAGE_PASSING,ASTAR_HEURISTIC,CLARKE_WRIGHT,9.2979004,119928348,0.0070847,1582542,3.416062,4018859863,984.0,6
30,SLAPRP_Guo_small_O100_alpha0.4_v9.txt,MESSAGE_PASSING,ASTAR_HEURISTIC,CLARKE_WRIGHT_HEURISTIC,9.2979004,119928348,0.0052468,1582702,0.0030231,1526190,1390.0,6
30,SLAPRP_Guo_small_O100_alpha0.4_v9.txt,MESSAGE_PASSING,ASTAR_HEURISTIC,NO_HEURISTIC,9.2979004,119928348,0.0042256,1582526,0.0,0,4286.0,100
30,SLAPRP_Guo_small_O100_alpha0.4_v9.txt,MESSAGE_PASSING,GREEDY,CLARKE_WRIGHT,9.2979004,119928348,0.0058695,635870,2.6780675,3904702295,1120.0,7
30,SLAPRP_Guo_small_O100_alpha0.4_v9.txt,MESSAGE_PASSING,GREEDY,CLARKE_WRIGHT_HEURISTIC,9.2979004,119928348,0.0048856,636046,0.0021756,1576574,1430.0,6
30,SLAPRP_Guo_small_O100_alpha0.4_v9.txt,MESSAGE_PASSING,GREEDY,NO_HEURISTIC,9.2979004,119928348,0.0035923,635918,0.0,0,4614.0,100
31,SLAPRP_Guo_small_O200_alpha0.2_v1.txt,ALS,ASTAR_HEURISTIC,CLARKE_WRIGHT,20.6618803,95132996,0.0090678,3789022,23.3774663,34471510167,1532.0,12
31,SLAPRP_Guo_small_O200_alpha0.2_v1.txt,ALS,ASTAR_HEURISTIC,CLARKE_WRIGHT_HEURISTIC,20.6618803,95132996,0.0091352,3789150,0.018444,3941489,2586.0,13
31,SLAPRP_Guo_small_O200_alpha0.2_v1.txt,ALS,ASTAR_HEURISTIC,NO_HEURISTIC,20.6618803,95132996,0.0089757,3788974,0.0,0,8444.0,203
31,SLAPRP_Guo_small_O200_alpha0.2_v1.txt,ALS,GREEDY,CLARKE_WRIGHT,20.6618803,95132996,0.007205,1353822,22.6047007,34129689191,1586.0,12
31,SLAPRP_Guo_small_O200_alpha0.2_v1.txt,ALS,GREEDY,CLARKE_WRIGHT_HEURISTIC,20.6618803,95132996,0.0064522,1354222,0.0147484,3979297,2524.0,13
31,SLAPRP_Guo_small_O200_alpha0.2_v1.txt,ALS,GREEDY,NO_HEURISTIC,20.6618803,95132996,0.0058533,1353806,0.0,0,8360.0,203
31,SLAPRP_Guo_small_O200_alpha0.2_v1.txt,ABC,ASTAR_HEURISTIC,CLARKE_WRIGHT,0.456591,55587461,0.0104894,3682110,19.4593372,29427267269,1190.0,12
31,SLAPRP_Guo_small_O200_alpha0.2_v1.txt,ABC,ASTAR_HEURISTIC,CLARKE_WRIGHT_HEURISTIC,0.456591,55587461,0.0098244,3682206,0.0199083,4034257,1978.0,13
31,SLAPRP_Guo_small_O200_alpha0.2_v1.txt,ABC,ASTAR_HEURISTIC,NO_HEURISTIC,0.456591,55587461,0.0078857,3682126,0.0,0,5296.0,203
31,SLAPRP_Guo_small_O200_alpha0.2_v1.txt,ABC,GREEDY,CLARKE_WRIGHT,0.456591,55587461,0.0080123,1374990,19.5320997,28694361527,966.0,13
31,SLAPRP_Guo_small_O200_alpha0.2_v1.txt,ABC,GREEDY,CLARKE_WRIGHT_HEURISTIC,0.456591,55587461,0.0066755,1375406,0.0217773,3988961,1642.0,12
31,SLAPRP_Guo_small_O200_alpha0.2_v1.txt,ABC,GREEDY,NO_HEURISTIC,0.456591,55587461,0.0091558,1375022,0.0,0,5258.0,203
31,SLAPRP_Guo_small_O200_alpha0.2_v1.txt,ABC_HEURISTIC,ASTAR_HEURISTIC,CLARKE_WRIGHT,0.4814472,56303854,0.0110589,3511534,20.5418046,30322885109,1418.0,14
31,SLAPRP_Guo_small_O200_alpha0.2_v1.txt,ABC_HEURISTIC,ASTAR_HEURISTIC,CLARKE_WRIGHT_HEURISTIC,0.4814472,56303854,0.0088149,3511710,0.0258387,4155697,2496.0,12
31,SLAPRP_Guo_small_O200_alpha0.2_v1.txt,ABC_HEURISTIC,ASTAR_HEURISTIC,NO_HEURISTIC,0.4814472,56303854,0.0073784,3511534,0.0,0,5722.0,203
31,SLAPRP_Guo_small_O200_alpha0.2_v1.txt,ABC_HEURISTIC,GREEDY,CLARKE_WRIGHT,0.4814472,56303854,0.0056843,1321870,18.6720024,28095135431,1152.0,14
31,SLAPRP_Guo_small_O200_alpha0.2_v1.txt,ABC_HEURISTIC,GREEDY,CLARKE_WRIGHT_HEURISTIC,0.4814472,56303854,0.0060768,1322014,0.0130581,3867057,2042.0,13
31,SLAPRP_Guo_small_O200_alpha0.2_v1.txt,ABC_HEURISTIC,GREEDY,NO_HEURISTIC,0.4814472,56303854,0.00641,1321838,0.0,0,5552.0,203
31,SLAPRP_Guo_small_O200_alpha0.2_v1.txt,MESSAGE_PASSING,ASTAR_HEURISTIC,CLARKE_WRIGHT,15.0719229,101395057,0.0101462,3690622,21.9328376,33261177893,1480.0,12
31,SLAPRP_Guo_small_O200_alpha0.2_v1.txt,MESSAGE_PASSING,ASTAR_HEURISTIC,CLARKE_WRIGHT_HEURISTIC,15.0719229,101395057,0.0074236,3690718,0.0254313,4110705,2366.0,12
31,SLAPRP_Guo_small_O200_alpha0.2_v1.txt,MESSAGE_PASSING,ASTAR_HEURISTIC,NO_HEURISTIC,15.0719229,101395057,0.0102001,3690542,0.0,0,7310.0,203
31,SLAPRP_Guo_small_O200_alpha0.2_v1.txt,MESSAGE_PASSING,GREEDY,CLARKE_WRIGHT,15.0719229,101395057,0.0073712,1346638,23.0554475,33525557333,1590.0,13
31,SLAPRP_Guo_small_O200_alpha0.2_v1.txt,MESSAGE_PASSING,GREEDY,CLARKE_WRIGHT_HEURISTIC,15.0719229,101395057,0.0082173,1346846,0.0184562,4072113,2494.0,12
31,SLAPRP_Guo_small_O200_alpha0.2_v1.txt,MESSAGE_PASSING,GREEDY,NO_HEURISTIC,15.0719229,101395057,0.0076188,1346638,0.0,0,7526.0,203
32,SLAPRP_Guo_small_O200_alpha0.2_v10.txt,ALS,ASTAR_HEURISTIC,CLARKE_WRIGHT,12.5061022,186079563,0.0099506,3464942,24.5193007,34917473861,2002.0,12
32,SLAPRP_Guo_small_O200_alpha0.2_v10.txt,ALS,ASTAR_HEURISTIC,CLARKE_WRIGHT_HEURISTIC,12.5061022,186079563,0.0110495,3465070,0.0157987,4194033,3038.0,12
32,SLAPRP_Guo_small_O200_alpha0.2_v10.txt,ALS,ASTAR_HEURISTIC,NO_HEURISTIC,12.5061022,186079563,0.0112299,3464894,0.0,0,10118.0,200
32,SLAPRP_Guo_small_O200_alpha0.2_v10.txt,ALS,GREEDY,CLARKE_WRIGHT,12.5061022,186079563,0.009711,1361966,23.6893447,35015543253,1880.0,12
32,SLAPRP_Guo_small_O200_alpha0.2_v10.txt,ALS,GREEDY,CLARKE_WRIGHT_HEURISTIC,12.5061022,186079563,0.0074141,1362366,0.0127625,3997505,2778.0,14
32,SLAPRP_Guo_small_O200_alpha0.2_v10.txt,ALS,GREEDY,NO_HEURISTIC,12.5061022,186079563,0.0089551,1361934,0.0,0,9884.0,200
32,SLAPRP_Guo_small_O200_alpha0.2_v10.txt,ABC,ASTAR_HEURISTIC,CLARKE_WRIGHT,0.5027012,56097013,0.0109597,3621006,24.628062,33513569255,1412.0,12
32,SLAPRP_Guo_small_O200_alpha0.2_v10.txt,ABC,ASTAR_HEURISTIC,CLARKE_WRIGHT_HEURISTIC,0.5027012,56097013,0.0103347,3621086,0.0161556,4184913,2146.0,13
32,SLAPRP_Guo_small_O200_alpha0.2_v10.txt,ABC,ASTAR_HEURISTIC,NO_HEURISTIC,0.5027012,56097013,0.0108099,3620926,0.0,0,5968.0,200
32,SLAPRP_Guo_small_O200_alpha0.2_v10.txt,ABC,GREEDY,CLARKE_WRIGHT,0.5027012,56097013,0.0095602,1352926,21.5344847,31599217957,1010.0,12
32,SLAPRP_Guo_small_O200_alpha0.2_v10.txt,ABC,GREEDY,CLARKE_WRIGHT_HEURISTIC,0.5027012,56097013,0.0084379,1353246,0.0145479,4009329,1754.0,13
32,SLAPRP_Guo_small_O200_alpha0.2_v10.txt,ABC,GREEDY,NO_HEURISTIC,0.5027012,56097013,0.0100751,1352862,0.0,0,5552.0,200
32,SLAPRP_Guo_small_O200_alpha0.2_v10.txt,ABC_HEURISTIC,ASTAR_HEURISTIC,CLARKE_WRIGHT,0.5497607,56451822,0.0117132,3495262,23.4326998,33967108261,1660.0,13
32,SLAPRP_Guo_small_O200_alpha0.2_v10.txt,ABC_HEURISTIC,ASTAR_HEURISTIC,CLARKE_WRIGHT_HEURISTIC,0.5497607,56451822,0.0087353,3495358,0.0209493,4112529,2676.0,13
32,SLAPRP_Guo_small_O200_alpha0.2_v10.txt,ABC_HEURISTIC,ASTAR_HEURISTIC,NO_HEURISTIC,0.5497607,56451822,0.0113312,3495230,0.0,0,6212.0,200
32,SLAPRP_Guo_small_O200_alpha0.2_v10.txt,ABC_HEURISTIC,GREEDY,CLARKE_WRIGHT,0.5497607,56451822,0.0100152,1348078,21.7335224,31275973285,1398.0,12
32,SLAPRP_Guo_small_O200_alpha0.2_v10.txt,ABC_HEURISTIC,GREEDY,CLARKE_WRIGHT_HEURISTIC,0.5497607,56451822,0.0060964,1348238,0.0162573,4026801,2420.0,13
32,SLAPRP_Guo_small_O200_alpha0.2_v10.txt,ABC_HEURISTIC,GREEDY,NO_HEURISTIC,0.5497607,56451822,0.0088442,1348110,0.0,0,6426.0,200
32,SLAPRP_Guo_small_O200_alpha0.2_v10.txt,MESSAGE_PASSING,ASTAR_HEURISTIC,CLARKE_WRIGHT,8.9407413,193058168,0.0099333,3289694,24.6373779,34007997239,1700.0,12
32,SLAPRP_Guo_small_O200_alpha0.2_v10.txt,MESSAGE_PASSING,ASTAR_HEURISTIC,CLARKE_WRIGHT_HEURISTIC,8.9407413,193058168,0.0116165,3289806,0.0182553,4129073,2996.0,14
32,SLAPRP_Guo_small_O200_alpha0.2_v10.txt,MESSAGE_PASSING,ASTAR_HEURISTIC,NO_HEURISTIC,8.9407413,193058168,0.0110042,3289662,0.0,0,8370.0,200
32,SLAPRP_Guo_small_O200_alpha0.2_v10.txt,MESSAGE_PASSING,GREEDY,CLARKE_WRIGHT,8.9407413,193058168,0.0094519,1335758,23.2194072,33794149223,1510.0,12
32,SLAPRP_Guo_small_O200_alpha0.2_v10.txt,MESSAGE_PASSING,GREEDY,CLARKE_WRIGHT_HEURISTIC,8.9407413,193058168,0.0123758,1335966,0.0221008,4035505,2672.0,14
32,SLAPRP_Guo_small_O200_alpha0.2_v10.txt,MESSAGE_PASSING,GREEDY,NO_HEURISTIC,8.9407413,193058168,0.0103186,1335758,0.0,0,8160.0,200
33,SLAPRP_Guo_small_O200_alpha0.2_v2.txt,ALS,ASTAR_HEURISTIC,CLARKE_WRIGHT,12.5437738,146949564,0.0096349,3828190,24.2603412,36570325429,1836.0,12
33,SLAPRP_Guo_small_O200_alpha0.2_v2.txt,ALS,ASTAR_HEURISTIC,CLARKE_WRIGHT_HEURISTIC,12.5437738,146949564,0.0098227,3828350,0.0174533,4019937,2882.0,13
33,SLAPRP_Guo_small_O200_alpha0.2_v2.txt,ALS,ASTAR_HEURISTIC,NO_HEURISTIC,12.5437738,146949564,0.0087197,3828142,0.0,0,8772.0,201
33,SLAPRP_Guo_small_O200_alpha0.2_v2.txt,ALS,GREEDY,CLARKE_WRIGHT,12.5437738,146949564,0.009093,1371422,23.178667,34836845973,1764.0,12
33,SLAPRP_Guo_small_O200_alpha0.2_v2.txt,ALS,GREEDY,CLARKE_WRIGHT_HEURISTIC,12.5437738,146949564,0.0072174,1371774,0.0206045,4101249,2680.0,12
33,SLAPRP_Guo_small_O200_alpha0.2_v2.txt,ALS,GREEDY,NO_HEURISTIC,12.5437738,146949564,0.0068495,1371358,0.0,0,8860.0,201
33,SLAPRP_Guo_small_O200_alpha0.2_v2.txt,ABC,ASTAR_HEURISTIC,CLARKE_WRIGHT,0.4443817,55473445,0.0082157,3523854,19.7333044,28822272805,1486.0,18
33,SLAPRP_Guo_small_O200_alpha0.2_v2.txt,ABC,ASTAR_HEURISTIC,CLARKE_WRIGHT_HEURISTIC,0.4443817,55473445,0.0075397,3523998,0.0168215,4098689,2326.0,13
33,SLAPRP_Guo_small_O200_alpha0.2_v2.txt,ABC,ASTAR_HEURISTIC,NO_HEURISTIC,0.4443817,55473445,0.0090645,3523870,0.0,0,5524.0,201
33,SLAPRP_Guo_small_O200_alpha0.2_v2.txt,ABC,GREEDY,CLARKE_WRIGHT,0.4443817,55473445,0.0073394,1350670,18.7659781,27591893509,1186.0,18
33,SLAPRP_Guo_small_O200_alpha0.2_v2.txt,ABC,GREEDY,CLARKE_WRIGHT_HEURISTIC,0.4443817,55473445,0.0060088,1351038,0.0251451,3998545,1986.0,13
33,SLAPRP_Guo_small_O200_alpha0.2_v2.txt,ABC,GREEDY,NO_HEURISTIC,0.4443817,55473445,0.0063549,1350654,0.0,0,5540.0,201
33,SLAPRP_Guo_small_O200_alpha0.2_v2.txt,ABC_HEURISTIC,ASTAR_HEURISTIC,CLARKE_WRIGHT,0.4805318,55826846,0.0124034,3520638,19.4723563,28217450567,1554.0,15
33,SLAPRP_Guo_small_O200_alpha0.2_v2.txt,ABC_HEURISTIC,ASTAR_HEURISTIC,CLARKE_WRIGHT_HEURISTIC,0.4805318,55826846,0.0079465,3520846,0.0206255,4197041,2740.0,12
33,SLAPRP_Guo_small_O200_alpha0.2_v2.txt,ABC_HEURISTIC,ASTAR_HEURISTIC,NO_HEURISTIC,0.4805318,55826846,0.0363452,3520654,0.0,0,6032.0,201
33,SLAPRP_Guo_small_O200_alpha0.2_v2.txt,ABC_HEURISTIC,GREEDY,CLARKE_WRIGHT,0.4805318,55826846,0.0065124,1342350,19.2380316,28273019991,1638.0,13
33,SLAPRP_Guo_small_O200_alpha0.2_v2.txt,ABC_HEURISTIC,GREEDY,CLARKE_WRIGHT_HEURISTIC,0.4805318,55826846,0.0059458,1342462,0.0238799,4134129,2744.0,12
33,SLAPRP_Guo_small_O200_alpha0.2_v2.txt,ABC_HEURISTIC,GREEDY,NO_HEURISTIC,0.4805318,55826846,0.0095693,1342318,0.0,0,6392.0,201
33,SLAPRP_Guo_small_O200_alpha0.2_v2.txt,MESSAGE_PASSING,ASTAR_HEURISTIC,CLARKE_WRIGHT,16.8297833,154613401,0.0078147,3831774,24.5085283,35143188277,1910.0,12
33,SLAPRP_Guo_small_O200_alpha0.2_v2.txt,MESSAGE_PASSING,ASTAR_HEURISTIC,CLARKE_WRIGHT_HEURISTIC,16.8297833,154613401,0.0122822,3831854,0.0151695,4140033,2760.0,12
33,SLAPRP_Guo_small_O200_alpha0.2_v2.txt,MESSAGE_PASSING,ASTAR_HEURISTIC,NO_HEURISTIC,16.8297833,154613401,0.0108215,3831758,0.0,0,8566.0,201
33,SLAPRP_Guo_small_O200_alpha0.2_v2.txt,MESSAGE_PASSING,GREEDY,CLARKE_WRIGHT,16.8297833,154613401,0.009219,1360078,21.9953542,32820672021,1902.0,12
33,SLAPRP_Guo_small_O200_alpha0.2_v2.txt,MESSAGE_PASSING,GREEDY,CLARKE_WRIGHT_HEURISTIC,16.8297833,154613401,0.0063797,1360238,0.0369508,4090961,2806.0,12
33,SLAPRP_Guo_small_O200_alpha0.2_v2.txt,MESSAGE_PASSING,GREEDY,NO_HEURISTIC,16.8297833,154613401,0.0072407,1360126,0.0,0,9420.0,201
34,SLAPRP_Guo_small_O200_alpha0.2_v3.txt,ALS,ASTAR_HEURISTIC,CLARKE_WRIGHT,15.595943,182622367,0.0106835,3779310,25.2098738,37281157287,2100.0,13
34,SLAPRP_Guo_small_O200_alpha0.2_v3.txt,ALS,ASTAR_HEURISTIC,CLARKE_WRIGHT_HEURISTIC,15.595943,182622367,0.0322663,3779470,0.0147828,4117377,3258.0,14
34,SLAPRP_Guo_small_O200_alpha0.2_v3.txt,ALS,ASTAR_HEURISTIC,NO_HEURISTIC,15.595943,182622367,0.0105762,3779326,0.0,0,9798.0,200
34,SLAPRP_Guo_small_O200_alpha0.2_v3.txt,ALS,GREEDY,CLARKE_WRIGHT,15.595943,182622367,0.0116508,1378494,23.4939771,35290985957,1948.0,13
34,SLAPRP_Guo_small_O200_alpha0.2_v3.txt,ALS,GREEDY,CLARKE_WRIGHT_HEURISTIC,15.595943,182622367,0.0061818,1378830,0.0155537,4024305,2858.0,14
34,SLAPRP_Guo_small_O200_alpha0.2_v3.txt,ALS,GREEDY,NO_HEURISTIC,15.595943,182622367,0.0067253,1378398,0.0,0,9826.0,200
34,SLAPRP_Guo_small_O200_alpha0.2_v3.txt,ABC,ASTAR_HEURISTIC,CLARKE_WRIGHT,0.4804764,55467557,0.0126925,3703966,22.1867153,33156780117,1662.0,13
34,SLAPRP_Guo_small_O200_alpha0.2_v3.txt,ABC,ASTAR_HEURISTIC,CLARKE_WRIGHT_HEURISTIC,0.4804764,55467557,0.0104281,3704110,0.0158071,4224049,2682.0,14
34,SLAPRP_Guo_small_O200_alpha0.2_v3.txt,ABC,ASTAR_HEURISTIC,NO_HEURISTIC,0.4804764,55467557,0.0115996,3703998,0.0,0,6176.0,200
34,SLAPRP_Guo_small_O200_alpha0.2_v3.txt,ABC,GREEDY,CLARKE_WRIGHT,0.4804764,55467557,0.0086527,1364686,20.8845466,31100870997,1212.0,13
34,SLAPRP_Guo_small_O200_alpha0.2_v3.txt,ABC,GREEDY,CLARKE_WRIGHT_HEURISTIC,0.4804764,55467557,0.0063347,1365070,0.0153113,4056321,2152.0,14
34,SLAPRP_Guo_small_O200_alpha0.2_v3.txt,ABC,GREEDY,NO_HEURISTIC,0.4804764,55467557,0.0072252,1364638,0.0,0,5874.0,200
34,SLAPRP_Guo_small_O200_alpha0.2_v3.txt,ABC_HEURISTIC,ASTAR_HEURISTIC,CLARKE_WRIGHT,0.467244,55463438,0.0138584,3605390,25.6660954,36049203901,1836.0,13
34,SLAPRP_Guo_small_O200_alpha0.2_v3.txt,ABC_HEURISTIC,ASTAR_HEURISTIC,CLARKE_WRIGHT_HEURISTIC,0.467244,55463438,0.0090933,3605518,0.0203224,4412001,3238.0,13
34,SLAPRP_Guo_small_O200_alpha0.2_v3.txt,ABC_HEURISTIC,ASTAR_HEURISTIC,NO_HEURISTIC,0.467244,55463438,0.0099109,3605374,0.0,0,6830.0,200
34,SLAPRP_Guo_small_O200_alpha0.2_v3.txt,ABC_HEURISTIC,GREEDY,CLARKE_WRIGHT,0.467244,55463438,0.0078548,1393902,24.8599899,34782896389,1628.0,14
34,SLAPRP_Guo_small_O200_alpha0.2_v3.txt,ABC_HEURISTIC,GREEDY,CLARKE_WRIGHT_HEURISTIC,0.467244,55463438,0.006735,1394030,0.0210976,4239361,2854.0,13
34,SLAPRP_Guo_small_O200_alpha0.2_v3.txt,ABC_HEURISTIC,GREEDY,NO_HEURISTIC,0.467244,55463438,0.0105746,1393918,0.0,0,6672.0,200
34,SLAPRP_Guo_small_O200_alpha0.2_v3.txt,MESSAGE_PASSING,ASTAR_HEURISTIC,CLARKE_WRIGHT,18.3830949,188199276,0.0132823,3584702,25.6810772,36911093013,2000.0,13
34,SLAPRP_Guo_small_O200_alpha0.2_v3.txt,MESSAGE_PASSING,ASTAR_HEURISTIC,CLARKE_WRIGHT_HEURISTIC,18.3830949,188199276,0.0084874,3584782,0.0217597,4228865,3286.0,13
34,SLAPRP_Guo_small_O200_alpha0.2_v3.txt,MESSAGE_PASSING,ASTAR_HEURISTIC,NO_HEURISTIC,18.3830949,188199276,0.0085063,3584622,0.0,0,9104.0,200
34,SLAPRP_Guo_small_O200_alpha0.2_v3.txt,MESSAGE_PASSING,GREEDY,CLARKE_WRIGHT,18.3830949,188199276,0.0068154,1361262,23.0075016,34782916885,2054.0,13
34,SLAPRP_Guo_small_O200_alpha0.2_v3.txt,MESSAGE_PASSING,GREEDY,CLARKE_WRIGHT_HEURISTIC,18.3830949,188199276,0.008037,1361406,0.0131116,4104721,3206.0,14
34,SLAPRP_Guo_small_O200_alpha0.2_v3.txt,MESSAGE_PASSING,GREEDY,NO_HEURISTIC,18.3830949,188199276,0.0065518,1361230,0.0,0,9516.0,200
35,SLAPRP_Guo_small_O200_alpha0.2_v4.txt,ALS,ASTAR_HEURISTIC,CLARKE_WRIGHT,13.2807724,167373062,0.0100287,3553342,24.3791702,35809906933,1864.0,13
35,SLAPRP_Guo_small_O200_alpha0.2_v4.txt,ALS,ASTAR_HEURISTIC,CLARKE_WRIGHT_HEURISTIC,13.2807724,167373062,0.0077187,3553438,0.0148294,4095057,3136.0,13
35,SLAPRP_Guo_small_O200_alpha0.2_v4.txt,ALS,ASTAR_HEURISTIC,NO_HEURISTIC,13.2807724,167373062,0.0091263,3553278,0.0,0,8776.0,205
35,SLAPRP_Guo_small_O200_alpha0.2_v4.txt,ALS,GREEDY,CLARKE_WRIGHT,13.2807724,167373062,0.0064833,1321310,24.0775658,34220914965,1724.0,12
35,SLAPRP_Guo_small_O200_alpha0.2_v4.txt,ALS,GREEDY,CLARKE_WRIGHT_HEURISTIC,13.2807724,167373062,0.0054718,1321710,0.0141472,4062225,2682.0,13
35,SLAPRP_Guo_small_O200_alpha0.2_v4.txt,ALS,GREEDY,NO_HEURISTIC,13.2807724,167373062,0.0067975,1321326,0.0,0,8540.0,205
35,SLAPRP_Guo_small_O200_alpha0.2_v4.txt,ABC,ASTAR_HEURISTIC,CLARKE_WRIGHT,0.4278308,55687813,0.0107682,3516478,21.7290536,32451016293,1210.0,12
35,SLAPRP_Guo_small_O200_alpha0.2_v4.txt,ABC,ASTAR_HEURISTIC,CLARKE_WRIGHT_HEURISTIC,0.4278308,55687813,0.00801,3516638,0.012436,4179281,2042.0,13
35,SLAPRP_Guo_small_O200_alpha0.2_v4.txt,ABC,ASTAR_HEURISTIC,NO_HEURISTIC,0.4278308,55687813,0.0073811,3516478,0.0,0,5464.0,205
35,SLAPRP_Guo_small_O200_alpha0.2_v4.txt,ABC,GREEDY,CLARKE_WRIGHT,0.4278308,55687813,0.0075905,1346158,20.0415419,30418312183,1004.0,13
35,SLAPRP_Guo_small_O200_alpha0.2_v4.txt,ABC,GREEDY,CLARKE_WRIGHT_HEURISTIC,0.4278308,55687813,0.0087608,1346542,0.0040978,4080449,1884.0,13
35,SLAPRP_Guo_small_O200_alpha0.2_v4.txt,ABC,GREEDY,NO_HEURISTIC,0.4278308,55687813,0.0061415,1346094,0.0,0,5410.0,205
35,SLAPRP_Guo_small_O200_alpha0.2_v4.txt,ABC_HEURISTIC,ASTAR_HEURISTIC,CLARKE_WRIGHT,0.4738774,56044590,0.0087386,3504398,22.3959543,34035593861,1488.0,12
35,SLAPRP_Guo_small_O200_alpha0.2_v4.txt,ABC_HEURISTIC,ASTAR_HEURISTIC,CLARKE_WRIGHT_HEURISTIC,0.4738774,56044590,0.0075125,3504574,0.0167946,4213873,2824.0,14
35,SLAPRP_Guo_small_O200_alpha0.2_v4.txt,ABC_HEURISTIC,ASTAR_HEURISTIC,NO_HEURISTIC,0.4738774,56044590,0.0080569,3504430,0.0,0,6120.0,205
35,SLAPRP_Guo_small_O200_alpha0.2_v4.txt,ABC_HEURISTIC,GREEDY,CLARKE_WRIGHT,0.4738774,56044590,0.0057382,1334734,20.267849,30933818021,1412.0,12
35,SLAPRP_Guo_small_O200_alpha0.2_v4.txt,ABC_HEURISTIC,GREEDY,CLARKE_WRIGHT_HEURISTIC,0.4738774,56044590,0.0067319,1334894,0.0145544,4078897,2714.0,13
35,SLAPRP_Guo_small_O200_alpha0.2_v4.txt,ABC_HEURISTIC,GREEDY,NO_HEURISTIC,0.4738774,56044590,0.0073499,1334750,0.0,0,5938.0,205
35,SLAPRP_Guo_small_O200_alpha0.2_v4.txt,MESSAGE_PASSING,ASTAR_HEURISTIC,CLARKE_WRIGHT,15.4415351,173978323,0.0099588,3385118,28.4098158,32999234325,1748.0,12
35,SLAPRP_Guo_small_O200_alpha0.2_v4.txt,MESSAGE_PASSING,ASTAR_HEURISTIC,CLARKE_WRIGHT_HEURISTIC,15.4415351,173978323,0.0102842,3385246,0.0227798,4130833,2922.0,12
35,SLAPRP_Guo_small_O200_alpha0.2_v4.txt,MESSAGE_PASSING,ASTAR_HEURISTIC,NO_HEURISTIC,15.4415351,173978323,0.0127795,3385070,0.0,0,7566.0,205
35,SLAPRP_Guo_small_O200_alpha0.2_v4.txt,MESSAGE_PASSING,GREEDY,CLARKE_WRIGHT,15.4415351,173978323,0.0113144,1336142,26.7362212,31798253191,1738.0,12
35,SLAPRP_Guo_small_O200_alpha0.2_v4.txt,MESSAGE_PASSING,GREEDY,CLARKE_WRIGHT_HEURISTIC,15.4415351,173978323,0.0118236,1336238,0.0217168,4092081,2690.0,13
35,SLAPRP_Guo_small_O200_alpha0.2_v4.txt,MESSAGE_PASSING,GREEDY,NO_HEURISTIC,15.4415351,173978323,0.0125113,1336078,0.0,0,7524.0,205
36,SLAPRP_Guo_small_O200_alpha0.2_v5.txt,ALS,ASTAR_HEURISTIC,CLARKE_WRIGHT,12.7904743,155988134,0.008308,3311582,27.416785,31236855911,1438.0,11
36,SLAPRP_Guo_small_O200_alpha0.2_v5.txt,ALS,ASTAR_HEURISTIC,CLARKE_WRIGHT_HEURISTIC,12.7904743,155988134,0.0086686,3311646,0.0187598,3990785,2354.0,12
36,SLAPRP_Guo_small_O200_alpha0.2_v5.txt,ALS,ASTAR_HEURISTIC,NO_HEURISTIC,12.7904743,155988134,0.0118447,3311550,0.0,0,7844.0,201
36,SLAPRP_Guo_small_O200_alpha0.2_v5.txt,ALS,GREEDY,CLARKE_WRIGHT,12.7904743,155988134,0.0113962,1260142,27.2755612,30761464325,1464.0,11
36,SLAPRP_Guo_small_O200_alpha0.2_v5.txt,ALS,GREEDY,CLARKE_WRIGHT_HEURISTIC,12.7904743,155988134,0.0116464,1260542,0.0197246,4012657,2134.0,12
36,SLAPRP_Guo_small_O200_alpha0.2_v5.txt,ALS,GREEDY,NO_HEURISTIC,12.7904743,155988134,0.0101851,1260158,0.0,0,7828.0,201
36,SLAPRP_Guo_small_O200_alpha0.2_v5.txt,ABC,ASTAR_HEURISTIC,CLARKE_WRIGHT,0.6039711,56132309,0.0107543,3201246,24.0482234,26733798181,956.0,12
36,SLAPRP_Guo_small_O200_alpha0.2_v5.txt,ABC,ASTAR_HEURISTIC,CLARKE_WRIGHT_HEURISTIC,0.6039711,56132309,0.0118871,3201390,0.0209287,4011745,1542.0,11
36,SLAPRP_Guo_small_O200_alpha0.2_v5.txt,ABC,ASTAR_HEURISTIC,NO_HEURISTIC,0.6039711,56132309,0.0130302,3201230,0.0,0,4730.0,201
36,SLAPRP_Guo_small_O200_alpha0.2_v5.txt,ABC,GREEDY,CLARKE_WRIGHT,0.6039711,56132309,0.009972,1233166,22.8418985,25930704693,816.0,11
36,SLAPRP_Guo_small_O200_alpha0.2_v5.txt,ABC,GREEDY,CLARKE_WRIGHT_HEURISTIC,0.6039711,56132309,0.0054182,1233518,0.0141142,3812785,1422.0,11
36,SLAPRP_Guo_small_O200_alpha0.2_v5.txt,ABC,GREEDY,NO_HEURISTIC,0.6039711,56132309,0.0067544,1233118,0.0,0,4692.0,201
36,SLAPRP_Guo_small_O200_alpha0.2_v5.txt,ABC_HEURISTIC,ASTAR_HEURISTIC,CLARKE_WRIGHT,0.6264468,56849806,0.0128627,3164782,23.8180618,28289549221,1188.0,16
36,SLAPRP_Guo_small_O200_alpha0.2_v5.txt,ABC_HEURISTIC,ASTAR_HEURISTIC,CLARKE_WRIGHT_HEURISTIC,0.6264468,56849806,0.0093391,3164926,0.0150782,4081153,2314.0,11
36,SLAPRP_Guo_small_O200_alpha0.2_v5.txt,ABC_HEURISTIC,ASTAR_HEURISTIC,NO_HEURISTIC,0.6264468,56849806,0.0084374,3164846,0.0,0,5256.0,201
36,SLAPRP_Guo_small_O200_alpha0.2_v5.txt,ABC_HEURISTIC,GREEDY,CLARKE_WRIGHT,0.6264468,56849806,0.0098456,1254158,21.5220655,25622804917,984.0,21
36,SLAPRP_Guo_small_O200_alpha0.2_v5.txt,ABC_HEURISTIC,GREEDY,CLARKE_WRIGHT_HEURISTIC,0.6264468,56849806,0.0080622,1254350,0.0200341,3822129,1772.0,12
36,SLAPRP_Guo_small_O200_alpha0.2_v5.txt,ABC_HEURISTIC,GREEDY,NO_HEURISTIC,0.6264468,56849806,0.0077474,1254238,0.0,0,4854.0,201
36,SLAPRP_Guo_small_O200_alpha0.2_v5.txt,MESSAGE_PASSING,ASTAR_HEURISTIC,CLARKE_WRIGHT,15.4106131,162946691,0.0106862,3210398,25.525846,29063564357,1262.0,11
36,SLAPRP_Guo_small_O200_alpha0.2_v5.txt,MESSAGE_PASSING,ASTAR_HEURISTIC,CLARKE_WRIGHT_HEURISTIC,15.4106131,162946691,0.0146015,3210478,0.0116368,3603873,2050.0,12
36,SLAPRP_Guo_small_O200_alpha0.2_v5.txt,MESSAGE_PASSING,ASTAR_HEURISTIC,NO_HEURISTIC,15.4106131,162946691,0.0084972,3210398,0.0,0,7368.0,201
36,SLAPRP_Guo_small_O200_alpha0.2_v5.txt,MESSAGE_PASSING,GREEDY,CLARKE_WRIGHT,15.4106131,162946691,0.010853,1247470,26.6696603,30358385925,1242.0,11
36,SLAPRP_Guo_small_O200_alpha0.2_v5.txt,MESSAGE_PASSING,GREEDY,CLARKE_WRIGHT_HEURISTIC,15.4106131,162946691,0.009583,1247662,0.0165329,3765137,2024.0,11
36,SLAPRP_Guo_small_O200_alpha0.2_v5.txt,MESSAGE_PASSING,GREEDY,NO_HEURISTIC,15.4106131,162946691,0.0119109,1247422,0.0,0,7342.0,201
37,SLAPRP_Guo_small_O200_alpha0.2_v6.txt,ALS,ASTAR_HEURISTIC,CLARKE_WRIGHT,37.1151029,162549256,0.0127599,3777614,29.8969265,33116268645,1618.0,12
37,SLAPRP_Guo_small_O200_alpha0.2_v6.txt,ALS,ASTAR_HEURISTIC,CLARKE_WRIGHT_HEURISTIC,37.1151029,162549256,0.0146677,3777742,0.0278426,3979617,2658.0,13
37,SLAPRP_Guo_small_O200_alpha0.2_v6.txt,ALS,ASTAR_HEURISTIC,NO_HEURISTIC,37.1151029,162549256,0.0120749,3777518,0.0,0,8744.0,201
37,SLAPRP_Guo_small_O200_alpha0.2_v6.txt,ALS,GREEDY,CLARKE_WRIGHT,37.1151029,162549256,0.0100378,1347710,27.0605878,32792157047,1516.0,12
37,SLAPRP_Guo_small_O200_alpha0.2_v6.txt,ALS,GREEDY,CLARKE_WRIGHT_HEURISTIC,37.1151029,162549256,0.0109123,1348174,0.0182029,4006241,2388.0,13
37,SLAPRP_Guo_small_O200_alpha0.2_v6.txt,ALS,GREEDY,NO_HEURISTIC,37.1151029,162549256,0.0109037,1347694,0.0,0,8578.0,201
37,SLAPRP_Guo_small_O200_alpha0.2_v6.txt,ABC,ASTAR_HEURISTIC,CLARKE_WRIGHT,0.5505908,55568533,0.0144135,3405406,26.1868933,29409668935,1116.0,15
37,SLAPRP_Guo_small_O200_alpha0.2_v6.txt,ABC,ASTAR_HEURISTIC,CLARKE_WRIGHT_HEURISTIC,0.5505908,55568533,0.0115837,3405518,0.0298981,3997025,1918.0,12
37,SLAPRP_Guo_small_O200_alpha0.2_v6.txt,ABC,ASTAR_HEURISTIC,NO_HEURISTIC,0.5505908,55568533,0.0089495,3405374,0.0,0,5164.0,201
37,SLAPRP_Guo_small_O200_alpha0.2_v6.txt,ABC,GREEDY,CLARKE_WRIGHT,0.5505908,55568533,0.0111274,1312286,23.0549528,27039447973,892.0,12
37,SLAPRP_Guo_small_O200_alpha0.2_v6.txt,ABC,GREEDY,CLARKE_WRIGHT_HEURISTIC,0.5505908,55568533,0.0061134,1312638,0.0216903,3774289,1640.0,14
37,SLAPRP_Guo_small_O200_alpha0.2_v6.txt,ABC,GREEDY,NO_HEURISTIC,0.5505908,55568533,0.0077096,1312302,0.0,0,5094.0,201
37,SLAPRP_Guo_small_O200_alpha0.2_v6.txt,ABC_HEURISTIC,ASTAR_HEURISTIC,CLARKE_WRIGHT,0.5737982,55923454,0.0155804,3635950,26.746888,31977517575,1508.0,13
37,SLAPRP_Guo_small_O200_alpha0.2_v6.txt,ABC_HEURISTIC,ASTAR_HEURISTIC,CLARKE_WRIGHT_HEURISTIC,0.5737982,55923454,0.0100827,3636062,0.0166375,4241361,2840.0,13
37,SLAPRP_Guo_small_O200_alpha0.2_v6.txt,ABC_HEURISTIC,ASTAR_HEURISTIC,NO_HEURISTIC,0.5737982,55923454,0.0099507,3635934,0.0,0,5920.0,201
37,SLAPRP_Guo_small_O200_alpha0.2_v6.txt,ABC_HEURISTIC,GREEDY,CLARKE_WRIGHT,0.5737982,55923454,0.0090567,1357182,25.2418317,30351577317,1378.0,12
37,SLAPRP_Guo_small_O200_alpha0.2_v6.txt,ABC_HEURISTIC,GREEDY,CLARKE_WRIGHT_HEURISTIC,0.5737982,55923454,0.0084011,1357358,0.0161824,4052705,2622.0,12
37,SLAPRP_Guo_small_O200_alpha0.2_v6.txt,ABC_HEURISTIC,GREEDY,NO_HEURISTIC,0.5737982,55923454,0.0069519,1357214,0.0,0,5940.0,201
37,SLAPRP_Guo_small_O200_alpha0.2_v6.txt,MESSAGE_PASSING,ASTAR_HEURISTIC,CLARKE_WRIGHT,13.6710453,170021493,0.0167254,3813102,27.6799258,32236030405,1588.0,12
37,SLAPRP_Guo_small_O200_alpha0.2_v6.txt,MESSAGE_PASSING,ASTAR_HEURISTIC,CLARKE_WRIGHT_HEURISTIC,13.6710453,170021493,0.011107,3813214,0.0138754,3956977,2566.0,14
37,SLAPRP_Guo_small_O200_alpha0.2_v6.txt,MESSAGE_PASSING,ASTAR_HEURISTIC,NO_HEURISTIC,13.6710453,170021493,0.0133366,3813070,0.0,0,7610.0,201
37,SLAPRP_Guo_small_O200_alpha0.2_v6.txt,MESSAGE_PASSING,GREEDY,CLARKE_WRIGHT,13.6710453,170021493,0.0125938,1304686,22.6305643,28112850501,1388.0,12
37,SLAPRP_Guo_small_O200_alpha0.2_v6.txt,MESSAGE_PASSING,GREEDY,CLARKE_WRIGHT_HEURISTIC,13.6710453,170021493,0.0082071,1304846,0.0155687,3782785,2170.0,12
37,SLAPRP_Guo_small_O200_alpha0.2_v6.txt,MESSAGE_PASSING,GREEDY,NO_HEURISTIC,13.6710453,170021493,0.0095886,1304654,0.0,0,7064.0,201
38,SLAPRP_Guo_small_O200_alpha0.2_v7.txt,ALS,ASTAR_HEURISTIC,CLARKE_WRIGHT,34.9583442,139623764,0.0111569,3791774,28.7319746,33720349671,1716.0,12
38,SLAPRP_Guo_small_O200_alpha0.2_v7.txt,ALS,ASTAR_HEURISTIC,CLARKE_WRIGHT_HEURISTIC,34.9583442,139623764,0.008086,3791902,0.0295345,4142321,2774.0,13
38,SLAPRP_Guo_small_O200_alpha0.2_v7.txt,ALS,ASTAR_HEURISTIC,NO_HEURISTIC,34.9583442,139623764,0.0107111,3791710,0.0,0,8872.0,200
38,SLAPRP_Guo_small_O200_alpha0.2_v7.txt,ALS,GREEDY,CLARKE_WRIGHT,34.9583442,139623764,0.0053711,1378238,19.3195413,33287835173,1804.0,12
38,SLAPRP_Guo_small_O200_alpha0.2_v7.txt,ALS,GREEDY,CLARKE_WRIGHT_HEURISTIC,34.9583442,139623764,0.0076368,1378606,0.0186617,4140945,2832.0,13
38,SLAPRP_Guo_small_O200_alpha0.2_v7.txt,ALS,GREEDY,NO_HEURISTIC,34.9583442,139623764,0.007778,1378190,0.0,0,9086.0,200
38,SLAPRP_Guo_small_O200_alpha0.2_v7.txt,ABC,ASTAR_HEURISTIC,CLARKE_WRIGHT,0.3894619,55390261,0.0108316,3666990,17.3314909,29943218935,1398.0,12
38,SLAPRP_Guo_small_O200_alpha0.2_v7.txt,ABC,ASTAR_HEURISTIC,CLARKE_WRIGHT_HEURISTIC,0.3894619,55390261,0.0061857,3667086,0.0217095,4057697,2320.0,14
38,SLAPRP_Guo_small_O200_alpha0.2_v7.txt,ABC,ASTAR_HEURISTIC,NO_HEURISTIC,0.3894619,55390261,0.0101331,3666974,0.0,0,5800.0,200
38,SLAPRP_Guo_small_O200_alpha0.2_v7.txt,ABC,GREEDY,CLARKE_WRIGHT,0.3894619,55390261,0.0053174,1374990,16.8258296,28751431383,1136.0,12
38,SLAPRP_Guo_small_O200_alpha0.2_v7.txt,ABC,GREEDY,CLARKE_WRIGHT_HEURISTIC,0.3894619,55390261,0.0051108,1375422,0.0144112,4029553,2066.0,13
38,SLAPRP_Guo_small_O200_alpha0.2_v7.txt,ABC,GREEDY,NO_HEURISTIC,0.3894619,55390261,0.0062288,1375022,0.0,0,5734.0,200
38,SLAPRP_Guo_small_O200_alpha0.2_v7.txt,ABC_HEURISTIC,ASTAR_HEURISTIC,CLARKE_WRIGHT,0.353798,55742734,0.0090643,3587246,19.0365392,31271609589,1544.0,12
38,SLAPRP_Guo_small_O200_alpha0.2_v7.txt,ABC_HEURISTIC,ASTAR_HEURISTIC,CLARKE_WRIGHT_HEURISTIC,0.353798,55742734,0.0075833,3587422,0.0169019,4186321,2730.0,13
38,SLAPRP_Guo_small_O200_alpha0.2_v7.txt,ABC_HEURISTIC,ASTAR_HEURISTIC,NO_HEURISTIC,0.353798,55742734,0.0097378,3587230,0.0,0,5896.0,200
38,SLAPRP_Guo_small_O200_alpha0.2_v7.txt,ABC_HEURISTIC,GREEDY,CLARKE_WRIGHT,0.353798,55742734,0.0094473,1352254,20.2615885,28277016775,1506.0,14
38,SLAPRP_Guo_small_O200_alpha0.2_v7.txt,ABC_HEURISTIC,GREEDY,CLARKE_WRIGHT_HEURISTIC,0.353798,55742734,0.0061374,1352398,0.0132272,4009185,2556.0,14
38,SLAPRP_Guo_small_O200_alpha0.2_v7.txt,ABC_HEURISTIC,GREEDY,NO_HEURISTIC,0.353798,55742734,0.0089107,1352270,0.0,0,6070.0,200
38,SLAPRP_Guo_small_O200_alpha0.2_v7.txt,MESSAGE_PASSING,ASTAR_HEURISTIC,CLARKE_WRIGHT,13.3899483,147447985,0.0136296,3677534,25.4661266,36621410389,1930.0,13
38,SLAPRP_Guo_small_O200_alpha0.2_v7.txt,MESSAGE_PASSING,ASTAR_HEURISTIC,CLARKE_WRIGHT_HEURISTIC,13.3899483,147447985,0.0119503,3677662,0.0163756,4164161,3308.0,13
38,SLAPRP_Guo_small_O200_alpha0.2_v7.txt,MESSAGE_PASSING,ASTAR_HEURISTIC,NO_HEURISTIC,13.3899483,147447985,0.0106558,3677534,0.0,0,9108.0,200
38,SLAPRP_Guo_small_O200_alpha0.2_v7.txt,MESSAGE_PASSING,GREEDY,CLARKE_WRIGHT,13.3899483,147447985,0.0098124,1340686,24.0310548,33556925143,1750.0,12
38,SLAPRP_Guo_small_O200_alpha0.2_v7.txt,MESSAGE_PASSING,GREEDY,CLARKE_WRIGHT_HEURISTIC,13.3899483,147447985,0.0103747,1340894,0.0153089,3930225,2614.0,13
38,SLAPRP_Guo_small_O200_alpha0.2_v7.txt,MESSAGE_PASSING,GREEDY,NO_HEURISTIC,13.3899483,147447985,0.0083869,1340718,0.0,0,9224.0,200
39,SLAPRP_Guo_small_O200_alpha0.2_v8.txt,ALS,ASTAR_HEURISTIC,CLARKE_WRIGHT,13.3110838,137899578,0.0174937,4033454,28.6606008,36361629143,1730.0,13
39,SLAPRP_Guo_small_O200_alpha0.2_v8.txt,ALS,ASTAR_HEURISTIC,CLARKE_WRIGHT_HEURISTIC,13.3110838,137899578,0.0115682,4033614,0.0170512,4064145,2760.0,14
39,SLAPRP_Guo_small_O200_alpha0.2_v8.txt,ALS,ASTAR_HEURISTIC,NO_HEURISTIC,13.3110838,137899578,0.0093577,4033422,0.0,0,9364.0,200
39,SLAPRP_Guo_small_O200_alpha0.2_v8.txt,ALS,GREEDY,CLARKE_WRIGHT,13.3110838,137899578,0.0060654,1391838,20.2884538,34835648917,1620.0,13
39,SLAPRP_Guo_small_O200_alpha0.2_v8.txt,ALS,GREEDY,CLARKE_WRIGHT_HEURISTIC,13.3110838,137899578,0.0053429,1392222,0.0275486,4031601,2514.0,13
39,SLAPRP_Guo_small_O200_alpha0.2_v8.txt,ALS,GREEDY,NO_HEURISTIC,13.3110838,137899578,0.0055012,1391870,0.0,0,8786.0,200
39,SLAPRP_Guo_small_O200_alpha0.2_v8.txt,ABC,ASTAR_HEURISTIC,CLARKE_WRIGHT,0.4669399,55425109,0.0136801,3857054,17.7154904,28616811541,1356.0,12
39,SLAPRP_Guo_small_O200_alpha0.2_v8.txt,ABC,ASTAR_HEURISTIC,CLARKE_WRIGHT_HEURISTIC,0.4669399,55425109,0.0131654,3857166,0.0146687,4055297,2106.0,14
39,SLAPRP_Guo_small_O200_alpha0.2_v8.txt,ABC,ASTAR_HEURISTIC,NO_HEURISTIC,0.4669399,55425109,0.0073311,3857022,0.0,0,5564.0,200
39,SLAPRP_Guo_small_O200_alpha0.2_v8.txt,ABC,GREEDY,CLARKE_WRIGHT,0.4669399,55425109,0.0054777,1384350,17.0653161,27437668727,1066.0,12
39,SLAPRP_Guo_small_O200_alpha0.2_v8.txt,ABC,GREEDY,CLARKE_WRIGHT_HEURISTIC,0.4669399,55425109,0.0070827,1384702,0.014551,3942369,1922.0,14
39,SLAPRP_Guo_small_O200_alpha0.2_v8.txt,ABC,GREEDY,NO_HEURISTIC,0.4669399,55425109,0.005657,1384334,0.0,0,5384.0,200
39,SLAPRP_Guo_small_O200_alpha0.2_v8.txt,ABC_HEURISTIC,ASTAR_HEURISTIC,CLARKE_WRIGHT,0.4086961,55778926,0.0101336,3915262,18.7671456,30285539781,1422.0,12
39,SLAPRP_Guo_small_O200_alpha0.2_v8.txt,ABC_HEURISTIC,ASTAR_HEURISTIC,CLARKE_WRIGHT_HEURISTIC,0.4086961,55778926,0.0145211,3915390,0.0228364,4124721,2532.0,13
39,SLAPRP_Guo_small_O200_alpha0.2_v8.txt,ABC_HEURISTIC,ASTAR_HEURISTIC,NO_HEURISTIC,0.4086961,55778926,0.0089358,3915246,0.0,0,6040.0,200
39,SLAPRP_Guo_small_O200_alpha0.2_v8.txt,ABC_HEURISTIC,GREEDY,CLARKE_WRIGHT,0.4086961,55778926,0.0059327,1404302,17.1199517,28120474501,1450.0,13
39,SLAPRP_Guo_small_O200_alpha0.2_v8.txt,ABC_HEURISTIC,GREEDY,CLARKE_WRIGHT_HEURISTIC,0.4086961,55778926,0.0086294,1404382,0.0188471,4006913,2518.0,14
39,SLAPRP_Guo_small_O200_alpha0.2_v8.txt,ABC_HEURISTIC,GREEDY,NO_HEURISTIC,0.4086961,55778926,0.0103991,1404302,0.0,0,6424.0,200
39,SLAPRP_Guo_small_O200_alpha0.2_v8.txt,MESSAGE_PASSING,ASTAR_HEURISTIC,CLARKE_WRIGHT,39.0521592,145195703,0.012573,4276846,21.5681042,37116151607,1706.0,13
39,SLAPRP_Guo_small_O200_alpha0.2_v8.txt,MESSAGE_PASSING,ASTAR_HEURISTIC,CLARKE_WRIGHT_HEURISTIC,39.0521592,145195703,0.0078178,4276958,0.0158203,4140065,2694.0,14
39,SLAPRP_Guo_small_O200_alpha0.2_v8.txt,MESSAGE_PASSING,ASTAR_HEURISTIC,NO_HEURISTIC,39.0521592,145195703,0.0095858,4276862,0.0,0,7758.0,200
39,SLAPRP_Guo_small_O200_alpha0.2_v8.txt,MESSAGE_PASSING,GREEDY,CLARKE_WRIGHT,39.0521592,145195703,0.0055585,1400702,21.2642253,36609950263,1846.0,12
39,SLAPRP_Guo_small_O200_alpha0.2_v8.txt,MESSAGE_PASSING,GREEDY,CLARKE_WRIGHT_HEURISTIC,39.0521592,145195703,0.0051082,1400862,0.0166876,4128257,2780.0,14
39,SLAPRP_Guo_small_O200_alpha0.2_v8.txt,MESSAGE_PASSING,GREEDY,NO_HEURISTIC,39.0521592,145195703,0.0053528,1400734,0.0,0,7912.0,200
40,SLAPRP_Guo_small_O200_alpha0.2_v9.txt,ALS,ASTAR_HEURISTIC,CLARKE_WRIGHT,7.363623,148743620,0.0121419,3831662,20.9298471,35983371381,1750.0,12
40,SLAPRP_Guo_small_O200_alpha0.2_v9.txt,ALS,ASTAR_HEURISTIC,CLARKE_WRIGHT_HEURISTIC,7.363623,148743620,0.0096346,3831838,0.0139598,4185457,2790.0,13
40,SLAPRP_Guo_small_O200_alpha0.2_v9.txt,ALS,ASTAR_HEURISTIC,NO_HEURISTIC,7.363623,148743620,0.0072443,3831646,0.0,0,9014.0,201
40,SLAPRP_Guo_small_O200_alpha0.2_v9.txt,ALS,GREEDY,CLARKE_WRIGHT,7.363623,148743620,0.0061089,1381886,19.5814391,33891708983,1810.0,12
40,SLAPRP_Guo_small_O200_alpha0.2_v9.txt,ALS,GREEDY,CLARKE_WRIGHT_HEURISTIC,7.363623,148743620,0.007677,1382318,0.0136455,4052897,2884.0,13
40,SLAPRP_Guo_small_O200_alpha0.2_v9.txt,ALS,GREEDY,NO_HEURISTIC,7.363623,148743620,0.0056975,1381902,0.0,0,8898.0,201
40,SLAPRP_Guo_small_O200_alpha0.2_v9.txt,ABC,ASTAR_HEURISTIC,CLARKE_WRIGHT,0.3704769,55496357,0.0123121,3636174,18.3621939,29695627367,1372.0,14
40,SLAPRP_Guo_small_O200_alpha0.2_v9.txt,ABC,ASTAR_HEURISTIC,CLARKE_WRIGHT_HEURISTIC,0.3704769,55496357,0.0087917,3636286,0.0159862,4039217,2048.0,14
40,SLAPRP_Guo_small_O200_alpha0.2_v9.txt,ABC,ASTAR_HEURISTIC,NO_HEURISTIC,0.3704769,55496357,0.009778,3636158,0.0,0,5526.0,201
40,SLAPRP_Guo_small_O200_alpha0.2_v9.txt,ABC,GREEDY,CLARKE_WRIGHT,0.3704769,55496357,0.0086576,1348686,15.989314,27146863973,1058.0,12
40,SLAPRP_Guo_small_O200_alpha0.2_v9.txt,ABC,GREEDY,CLARKE_WRIGHT_HEURISTIC,0.3704769,55496357,0.0067163,1349054,0.0153529,3878785,1902.0,14
40,SLAPRP_Guo_small_O200_alpha0.2_v9.txt,ABC,GREEDY,NO_HEURISTIC,0.3704769,55496357,0.0053536,1348654,0.0,0,5448.0,201
40,SLAPRP_Guo_small_O200_alpha0.2_v9.txt,ABC_HEURISTIC,ASTAR_HEURISTIC,CLARKE_WRIGHT,0.3975847,55849166,0.0106587,3622750,18.6631456,30752782279,1558.0,12
40,SLAPRP_Guo_small_O200_alpha0.2_v9.txt,ABC_HEURISTIC,ASTAR_HEURISTIC,CLARKE_WRIGHT_HEURISTIC,0.3975847,55849166,0.0097138,3622910,0.0300349,4097921,2702.0,13
40,SLAPRP_Guo_small_O200_alpha0.2_v9.txt,ABC_HEURISTIC,ASTAR_HEURISTIC,NO_HEURISTIC,0.3975847,55849166,0.0099812,3622750,0.0,0,5928.0,201
40,SLAPRP_Guo_small_O200_alpha0.2_v9.txt,ABC_HEURISTIC,GREEDY,CLARKE_WRIGHT,0.3975847,55849166,0.0054606,1365198,17.3296668,28882743495,1268.0,14
40,SLAPRP_Guo_small_O200_alpha0.2_v9.txt,ABC_HEURISTIC,GREEDY,CLARKE_WRIGHT_HEURISTIC,0.3975847,55849166,0.0071756,1365294,0.0116713,3993969,2480.0,14
40,SLAPRP_Guo_small_O200_alpha0.2_v9.txt,ABC_HEURISTIC,GREEDY,NO_HEURISTIC,0.3975847,55849166,0.0052103,1365198,0.0,0,5804.0,201
40,SLAPRP_Guo_small_O200_alpha0.2_v9.txt,MESSAGE_PASSING,ASTAR_HEURISTIC,CLARKE_WRIGHT,8.3946998,155689153,0.0102167,3868270,17.8107215,31034366375,1752.0,13
40,SLAPRP_Guo_small_O200_alpha0.2_v9.txt,MESSAGE_PASSING,ASTAR_HEURISTIC,CLARKE_WRIGHT_HEURISTIC,8.3946998,155689153,0.0071401,3868382,0.0170063,4167617,2760.0,13
40,SLAPRP_Guo_small_O200_alpha0.2_v9.txt,MESSAGE_PASSING,ASTAR_HEURISTIC,NO_HEURISTIC,8.3946998,155689153,0.0086487,3868222,0.0,0,7484.0,201
40,SLAPRP_Guo_small_O200_alpha0.2_v9.txt,MESSAGE_PASSING,GREEDY,CLARKE_WRIGHT,8.3946998,155689153,0.0054953,1393022,16.4973792,28989865463,1656.0,12
40,SLAPRP_Guo_small_O200_alpha0.2_v9.txt,MESSAGE_PASSING,GREEDY,CLARKE_WRIGHT_HEURISTIC,8.3946998,155689153,0.0056326,1393118,0.0157473,4077857,2488.0,13
40,SLAPRP_Guo_small_O200_alpha0.2_v9.txt,MESSAGE_PASSING,GREEDY,NO_HEURISTIC,8.3946998,155689153,0.0070075,1393006,0.0,0,7460.0,201
41,SLAPRP_Guo_small_O200_alpha0.3_v1.txt,ALS,ASTAR_HEURISTIC,CLARKE_WRIGHT,11.4268999,163553352,0.0071267,3377486,19.9280536,33391521173,1596.0,12
41,SLAPRP_Guo_small_O200_alpha0.3_v1.txt,ALS,ASTAR_HEURISTIC,CLARKE_WRIGHT_HEURISTIC,11.4268999,163553352,0.0064416,3377646,0.0195581,3960113,2712.0,13
41,SLAPRP_Guo_small_O200_alpha0.3_v1.txt,ALS,ASTAR_HEURISTIC,NO_HEURISTIC,11.4268999,163553352,0.0096861,3377518,0.0,0,8158.0,203
41,SLAPRP_Guo_small_O200_alpha0.3_v1.txt,ALS,GREEDY,CLARKE_WRIGHT,11.4268999,163553352,0.0050288,1306654,18.5504235,33122477765,1596.0,11
41,SLAPRP_Guo_small_O200_alpha0.3_v1.txt,ALS,GREEDY,CLARKE_WRIGHT_HEURISTIC,11.4268999,163553352,0.0049319,1307086,0.0176202,3998737,2630.0,12
41,SLAPRP_Guo_small_O200_alpha0.3_v1.txt,ALS,GREEDY,NO_HEURISTIC,11.4268999,163553352,0.0051993,1306654,0.0,0,8326.0,203
41,SLAPRP_Guo_small_O200_alpha0.3_v1.txt,ABC,ASTAR_HEURISTIC,CLARKE_WRIGHT,0.381316,55708885,0.0123018,3308270,17.2057011,30179086597,1090.0,11
41,SLAPRP_Guo_small_O200_alpha0.3_v1.txt,ABC,ASTAR_HEURISTIC,CLARKE_WRIGHT_HEURISTIC,0.381316,55708885,0.0106499,3308366,0.0166701,4074449,1798.0,11
41,SLAPRP_Guo_small_O200_alpha0.3_v1.txt,ABC,ASTAR_HEURISTIC,NO_HEURISTIC,0.381316,55708885,0.0089151,3308222,0.0,0,5054.0,203
41,SLAPRP_Guo_small_O200_alpha0.3_v1.txt,ABC,GREEDY,CLARKE_WRIGHT,0.381316,55708885,0.0107748,1273406,15.9328693,27856834933,866.0,13
41,SLAPRP_Guo_small_O200_alpha0.3_v1.txt,ABC,GREEDY,CLARKE_WRIGHT_HEURISTIC,0.381316,55708885,0.0068898,1273790,0.0155521,3846065,1568.0,12
41,SLAPRP_Guo_small_O200_alpha0.3_v1.txt,ABC,GREEDY,NO_HEURISTIC,0.381316,55708885,0.006772,1273342,0.0,0,5048.0,203
41,SLAPRP_Guo_small_O200_alpha0.3_v1.txt,ABC_HEURISTIC,ASTAR_HEURISTIC,CLARKE_WRIGHT,0.3669715,56058718,0.0114574,3316142,19.4276928,33127223799,1338.0,11
41,SLAPRP_Guo_small_O200_alpha0.3_v1.txt,ABC_HEURISTIC,ASTAR_HEURISTIC,CLARKE_WRIGHT_HEURISTIC,0.3669715,56058718,0.0076137,3316270,0.0157097,4273313,2526.0,12
41,SLAPRP_Guo_small_O200_alpha0.3_v1.txt,ABC_HEURISTIC,ASTAR_HEURISTIC,NO_HEURISTIC,0.3669715,56058718,0.0074397,3316094,0.0,0,5930.0,203
41,SLAPRP_Guo_small_O200_alpha0.3_v1.txt,ABC_HEURISTIC,GREEDY,CLARKE_WRIGHT,0.3669715,56058718,0.0076804,1290430,16.8745979,29561639079,1130.0,11
41,SLAPRP_Guo_small_O200_alpha0.3_v1.txt,ABC_HEURISTIC,GREEDY,CLARKE_WRIGHT_HEURISTIC,0.3669715,56058718,0.0051787,1290526,0.0138427,4012769,2134.0,11
41,SLAPRP_Guo_small_O200_alpha0.3_v1.txt,ABC_HEURISTIC,GREEDY,NO_HEURISTIC,0.3669715,56058718,0.0061084,1290462,0.0,0,5520.0,203
41,SLAPRP_Guo_small_O200_alpha0.3_v1.txt,MESSAGE_PASSING,ASTAR_HEURISTIC,CLARKE_WRIGHT,7.4488635,169803813,0.0092061,2995278,17.914515,31690516263,1444.0,11
41,SLAPRP_Guo_small_O200_alpha0.3_v1.txt,MESSAGE_PASSING,ASTAR_HEURISTIC,CLARKE_WRIGHT_HEURISTIC,7.4488635,169803813,0.0062008,2995358,0.0140969,3879025,2652.0,13
41,SLAPRP_Guo_small_O200_alpha0.3_v1.txt,MESSAGE_PASSING,ASTAR_HEURISTIC,NO_HEURISTIC,7.4488635,169803813,0.0055603,2995230,0.0,0,7456.0,203
41,SLAPRP_Guo_small_O200_alpha0.3_v1.txt,MESSAGE_PASSING,GREEDY,CLARKE_WRIGHT,7.4488635,169803813,0.0059354,1217550,17.2591225,30495905895,1386.0,11
41,SLAPRP_Guo_small_O200_alpha0.3_v1.txt,MESSAGE_PASSING,GREEDY,CLARKE_WRIGHT_HEURISTIC,7.4488635,169803813,0.0048322,1217726,0.0155727,3910145,2478.0,12
41,SLAPRP_Guo_small_O200_alpha0.3_v1.txt,MESSAGE_PASSING,GREEDY,NO_HEURISTIC,7.4488635,169803813,0.0044443,1217518,0.0,0,7430.0,203
42,SLAPRP_Guo_small_O200_alpha0.3_v10.txt,ALS,ASTAR_HEURISTIC,CLARKE_WRIGHT,13.0292942,163546722,0.0096009,3637758,20.6826085,36011316215,1994.0,12
42,SLAPRP_Guo_small_O200_alpha0.3_v10.txt,ALS,ASTAR_HEURISTIC,CLARKE_WRIGHT_HEURISTIC,13.0292942,163546722,0.006964,3637790,0.0186939,4157585,3432.0,13
42,SLAPRP_Guo_small_O200_alpha0.3_v10.txt,ALS,ASTAR_HEURISTIC,NO_HEURISTIC,13.0292942,163546722,0.009487,3637678,0.0,0,9506.0,201
42,SLAPRP_Guo_small_O200_alpha0.3_v10.txt,ALS,GREEDY,CLARKE_WRIGHT,13.0292942,163546722,0.0057471,1365598,19.2964214,34361353269,1954.0,12
42,SLAPRP_Guo_small_O200_alpha0.3_v10.txt,ALS,GREEDY,CLARKE_WRIGHT_HEURISTIC,13.0292942,163546722,0.0090789,1366062,0.0175056,4132593,3068.0,13
42,SLAPRP_Guo_small_O200_alpha0.3_v10.txt,ALS,GREEDY,NO_HEURISTIC,13.0292942,163546722,0.0107226,1365662,0.0,0,8968.0,201
42,SLAPRP_Guo_small_O200_alpha0.3_v10.txt,ABC,ASTAR_HEURISTIC,CLARKE_WRIGHT,0.3589659,55314677,0.0111712,3522270,18.5796618,32277365063,1526.0,12
42,SLAPRP_Guo_small_O200_alpha0.3_v10.txt,ABC,ASTAR_HEURISTIC,CLARKE_WRIGHT_HEURISTIC,0.3589659,55314677,0.0090581,3522414,0.0110563,4134177,2464.0,14
42,SLAPRP_Guo_small_O200_alpha0.3_v10.txt,ABC,ASTAR_HEURISTIC,NO_HEURISTIC,0.3589659,55314677,0.0067738,3522270,0.0,0,5828.0,201
42,SLAPRP_Guo_small_O200_alpha0.3_v10.txt,ABC,GREEDY,CLARKE_WRIGHT,0.3589659,55314677,0.0065418,1364798,17.113534,29826219717,1204.0,12
42,SLAPRP_Guo_small_O200_alpha0.3_v10.txt,ABC,GREEDY,CLARKE_WRIGHT_HEURISTIC,0.3589659,55314677,0.0099764,1365182,0.0200906,4037441,1934.0,14
42,SLAPRP_Guo_small_O200_alpha0.3_v10.txt,ABC,GREEDY,NO_HEURISTIC,0.3589659,55314677,0.0057082,1364766,0.0,0,5714.0,201
42,SLAPRP_Guo_small_O200_alpha0.3_v10.txt,ABC_HEURISTIC,ASTAR_HEURISTIC,CLARKE_WRIGHT,0.3900717,55666430,0.0076078,3533694,19.538378,33244222421,1742.0,13
42,SLAPRP_Guo_small_O200_alpha0.3_v10.txt,ABC_HEURISTIC,ASTAR_HEURISTIC,CLARKE_WRIGHT_HEURISTIC,0.3900717,55666430,0.0075532,3533838,0.0099126,4203393,3036.0,14
42,SLAPRP_Guo_small_O200_alpha0.3_v10.txt,ABC_HEURISTIC,ASTAR_HEURISTIC,NO_HEURISTIC,0.3900717,55666430,0.0079135,3533630,0.0,0,6258.0,201
42,SLAPRP_Guo_small_O200_alpha0.3_v10.txt,ABC_HEURISTIC,GREEDY,CLARKE_WRIGHT,0.3900717,55666430,0.0057685,1367678,17.5786598,29998304087,1446.0,12
42,SLAPRP_Guo_small_O200_alpha0.3_v10.txt,ABC_HEURISTIC,GREEDY,CLARKE_WRIGHT_HEURISTIC,0.3900717,55666430,0.0059327,1367726,0.0167538,4048241,2652.0,13
42,SLAPRP_Guo_small_O200_alpha0.3_v10.txt,ABC_HEURISTIC,GREEDY,NO_HEURISTIC,0.3900717,55666430,0.0053784,1367582,0.0,0,6520.0,201
42,SLAPRP_Guo_small_O200_alpha0.3_v10.txt,MESSAGE_PASSING,ASTAR_HEURISTIC,CLARKE_WRIGHT,7.8000967,170500127,0.0114054,3516238,20.3018953,33522401975,1648.0,13
42,SLAPRP_Guo_small_O200_alpha0.3_v10.txt,MESSAGE_PASSING,ASTAR_HEURISTIC,CLARKE_WRIGHT_HEURISTIC,7.8000967,170500127,0.008139,3516302,0.0144445,4159649,2870.0,13
42,SLAPRP_Guo_small_O200_alpha0.3_v10.txt,MESSAGE_PASSING,ASTAR_HEURISTIC,NO_HEURISTIC,7.8000967,170500127,0.0100407,3516222,0.0,0,8038.0,201
42,SLAPRP_Guo_small_O200_alpha0.3_v10.txt,MESSAGE_PASSING,GREEDY,CLARKE_WRIGHT,7.8000967,170500127,0.0056094,1345118,17.9226838,31797162359,1698.0,12
42,SLAPRP_Guo_small_O200_alpha0.3_v10.txt,MESSAGE_PASSING,GREEDY,CLARKE_WRIGHT_HEURISTIC,7.8000967,170500127,0.0080437,1345278,0.0188739,4073809,2606.0,13
42,SLAPRP_Guo_small_O200_alpha0.3_v10.txt,MESSAGE_PASSING,GREEDY,NO_HEURISTIC,7.8000967,170500127,0.0074263,1345118,0.0,0,7874.0,201
43,SLAPRP_Guo_small_O200_alpha0.3_v2.txt,ALS,ASTAR_HEURISTIC,CLARKE_WRIGHT,7.560226,146602166,0.0115708,3426414,20.1235735,35237991733,1738.0,11
43,SLAPRP_Guo_small_O200_alpha0.3_v2.txt,ALS,ASTAR_HEURISTIC,CLARKE_WRIGHT_HEURISTIC,7.560226,146602166,0.0083682,3426574,0.0272885,4085649,2856.0,12
43,SLAPRP_Guo_small_O200_alpha0.3_v2.txt,ALS,ASTAR_HEURISTIC,NO_HEURISTIC,7.560226,146602166,0.007755,3426430,0.0,0,8676.0,203
43,SLAPRP_Guo_small_O200_alpha0.3_v2.txt,ALS,GREEDY,CLARKE_WRIGHT,7.560226,146602166,0.0049505,1321934,19.563027,34543494423,1726.0,12
43,SLAPRP_Guo_small_O200_alpha0.3_v2.txt,ALS,GREEDY,CLARKE_WRIGHT_HEURISTIC,7.560226,146602166,0.00481,1322382,0.0156038,4086353,2794.0,12
43,SLAPRP_Guo_small_O200_alpha0.3_v2.txt,ALS,GREEDY,NO_HEURISTIC,7.560226,146602166,0.0084263,1321934,0.0,0,8662.0,203
43,SLAPRP_Guo_small_O200_alpha0.3_v2.txt,ABC,ASTAR_HEURISTIC,CLARKE_WRIGHT,0.3823118,55755669,0.0248711,3416030,17.717589,30296856469,1258.0,13
43,SLAPRP_Guo_small_O200_alpha0.3_v2.txt,ABC,ASTAR_HEURISTIC,CLARKE_WRIGHT_HEURISTIC,0.3823118,55755669,0.0141008,3416190,0.016844,4118673,2170.0,13
43,SLAPRP_Guo_small_O200_alpha0.3_v2.txt,ABC,ASTAR_HEURISTIC,NO_HEURISTIC,0.3823118,55755669,0.01027,3416062,0.0,0,5378.0,203
43,SLAPRP_Guo_small_O200_alpha0.3_v2.txt,ABC,GREEDY,CLARKE_WRIGHT,0.3823118,55755669,0.009092,1337374,16.9960098,29323056119,938.0,12
43,SLAPRP_Guo_small_O200_alpha0.3_v2.txt,ABC,GREEDY,CLARKE_WRIGHT_HEURISTIC,0.3823118,55755669,0.005146,1337742,0.0148151,3996273,1630.0,13
43,SLAPRP_Guo_small_O200_alpha0.3_v2.txt,ABC,GREEDY,NO_HEURISTIC,0.3823118,55755669,0.006841,1337358,0.0,0,5278.0,203
43,SLAPRP_Guo_small_O200_alpha0.3_v2.txt,ABC_HEURISTIC,ASTAR_HEURISTIC,CLARKE_WRIGHT,0.3686245,56472750,0.0103421,3459214,19.6683051,34172298005,1504.0,12
43,SLAPRP_Guo_small_O200_alpha0.3_v2.txt,ABC_HEURISTIC,ASTAR_HEURISTIC,CLARKE_WRIGHT_HEURISTIC,0.3686245,56472750,0.0065169,3459358,0.0176927,4271585,2792.0,13
43,SLAPRP_Guo_small_O200_alpha0.3_v2.txt,ABC_HEURISTIC,ASTAR_HEURISTIC,NO_HEURISTIC,0.3686245,56472750,0.0066864,3459182,0.0,0,5814.0,203
43,SLAPRP_Guo_small_O200_alpha0.3_v2.txt,ABC_HEURISTIC,GREEDY,CLARKE_WRIGHT,0.3686245,56472750,0.0059212,1342926,17.2773716,29773207175,1442.0,12
43,SLAPRP_Guo_small_O200_alpha0.3_v2.txt,ABC_HEURISTIC,GREEDY,CLARKE_WRIGHT_HEURISTIC,0.3686245,56472750,0.0055987,1343006,0.0129189,4066545,2678.0,12
43,SLAPRP_Guo_small_O200_alpha0.3_v2.txt,ABC_HEURISTIC,GREEDY,NO_HEURISTIC,0.3686245,56472750,0.0065777,1342894,0.0,0,6166.0,203
43,SLAPRP_Guo_small_O200_alpha0.3_v2.txt,MESSAGE_PASSING,ASTAR_HEURISTIC,CLARKE_WRIGHT,9.9286925,153550163,0.0102494,3446366,19.844186,34225456919,1744.0,12
43,SLAPRP_Guo_small_O200_alpha0.3_v2.txt,MESSAGE_PASSING,ASTAR_HEURISTIC,CLARKE_WRIGHT_HEURISTIC,9.9286925,153550163,0.0074262,3446462,0.0207204,4120977,2706.0,13
43,SLAPRP_Guo_small_O200_alpha0.3_v2.txt,MESSAGE_PASSING,ASTAR_HEURISTIC,NO_HEURISTIC,9.9286925,153550163,0.0064775,3446302,0.0,0,8102.0,203
43,SLAPRP_Guo_small_O200_alpha0.3_v2.txt,MESSAGE_PASSING,GREEDY,CLARKE_WRIGHT,9.9286925,153550163,0.0052543,1312734,17.7579556,30181940583,1374.0,11
43,SLAPRP_Guo_small_O200_alpha0.3_v2.txt,MESSAGE_PASSING,GREEDY,CLARKE_WRIGHT_HEURISTIC,9.9286925,153550163,0.0064194,1312942,0.0115386,3900577,2066.0,12
43,SLAPRP_Guo_small_O200_alpha0.3_v2.txt,MESSAGE_PASSING,GREEDY,NO_HEURISTIC,9.9286925,153550163,0.0056016,1312766,0.0,0,7272.0,203
44,SLAPRP_Guo_small_O200_alpha0.3_v3.txt,ALS,ASTAR_HEURISTIC,CLARKE_WRIGHT,10.6853123,94654316,0.0096763,3269118,18.2032455,31955670279,1556.0,11
44,SLAPRP_Guo_small_O200_alpha0.3_v3.txt,ALS,ASTAR_HEURISTIC,CLARKE_WRIGHT_HEURISTIC,10.6853123,94654316,0.0066825,3269278,0.0138155,3922289,2584.0,12
44,SLAPRP_Guo_small_O200_alpha0.3_v3.txt,ALS,ASTAR_HEURISTIC,NO_HEURISTIC,10.6853123,94654316,0.0070114,3269118,0.0,0,7992.0,202
44,SLAPRP_Guo_small_O200_alpha0.3_v3.txt,ALS,GREEDY,CLARKE_WRIGHT,10.6853123,94654316,0.0061871,1255438,17.6970882,31504229095,1480.0,12
44,SLAPRP_Guo_small_O200_alpha0.3_v3.txt,ALS,GREEDY,CLARKE_WRIGHT_HEURISTIC,10.6853123,94654316,0.0056217,1255822,0.0176167,3886177,2142.0,11
44,SLAPRP_Guo_small_O200_alpha0.3_v3.txt,ALS,GREEDY,NO_HEURISTIC,10.6853123,94654316,0.0045675,1255390,0.0,0,7786.0,202
44,SLAPRP_Guo_small_O200_alpha0.3_v3.txt,ABC,ASTAR_HEURISTIC,CLARKE_WRIGHT,0.383812,55877989,0.0088337,3253374,16.3409239,28646294919,1006.0,12
44,SLAPRP_Guo_small_O200_alpha0.3_v3.txt,ABC,ASTAR_HEURISTIC,CLARKE_WRIGHT_HEURISTIC,0.383812,55877989,0.0074746,3253534,0.0122484,3996449,1692.0,12
44,SLAPRP_Guo_small_O200_alpha0.3_v3.txt,ABC,ASTAR_HEURISTIC,NO_HEURISTIC,0.383812,55877989,0.0077055,3253326,0.0,0,4774.0,202
44,SLAPRP_Guo_small_O200_alpha0.3_v3.txt,ABC,GREEDY,CLARKE_WRIGHT,0.383812,55877989,0.0124267,1258990,15.7526064,27943127847,736.0,10
44,SLAPRP_Guo_small_O200_alpha0.3_v3.txt,ABC,GREEDY,CLARKE_WRIGHT_HEURISTIC,0.383812,55877989,0.0065716,1259390,0.0196299,3748065,1306.0,12
44,SLAPRP_Guo_small_O200_alpha0.3_v3.txt,ABC,GREEDY,NO_HEURISTIC,0.383812,55877989,0.0068569,1258942,0.0,0,4666.0,202
44,SLAPRP_Guo_small_O200_alpha0.3_v3.txt,ABC_HEURISTIC,ASTAR_HEURISTIC,CLARKE_WRIGHT,0.3785151,56594638,0.010987,3244206,18.0863761,31294083029,1160.0,11
44,SLAPRP_Guo_small_O200_alpha0.3_v3.txt,ABC_HEURISTIC,ASTAR_HEURISTIC,CLARKE_WRIGHT_HEURISTIC,0.3785151,56594638,0.0085518,3244302,0.0166827,4025873,2386.0,11
44,SLAPRP_Guo_small_O200_alpha0.3_v3.txt,ABC_HEURISTIC,ASTAR_HEURISTIC,NO_HEURISTIC,0.3785151,56594638,0.0060707,3244238,0.0,0,5736.0,202
44,SLAPRP_Guo_small_O200_alpha0.3_v3.txt,ABC_HEURISTIC,GREEDY,CLARKE_WRIGHT,0.3785151,56594638,0.0046824,1250830,17.0490406,30108311669,1216.0,11
44,SLAPRP_Guo_small_O200_alpha0.3_v3.txt,ABC_HEURISTIC,GREEDY,CLARKE_WRIGHT_HEURISTIC,0.3785151,56594638,0.0087485,1250926,0.0119085,4143089,2394.0,11
44,SLAPRP_Guo_small_O200_alpha0.3_v3.txt,ABC_HEURISTIC,GREEDY,NO_HEURISTIC,0.3785151,56594638,0.0052642,1250862,0.0,0,5542.0,202
44,SLAPRP_Guo_small_O200_alpha0.3_v3.txt,MESSAGE_PASSING,ASTAR_HEURISTIC,CLARKE_WRIGHT,9.6298035,101255593,0.009842,3278750,18.6808128,32894573031,1494.0,12
44,SLAPRP_Guo_small_O200_alpha0.3_v3.txt,MESSAGE_PASSING,ASTAR_HEURISTIC,CLARKE_WRIGHT_HEURISTIC,9.6298035,101255593,0.0083123,3278814,0.0149165,3991153,2272.0,12
44,SLAPRP_Guo_small_O200_alpha0.3_v3.txt,MESSAGE_PASSING,ASTAR_HEURISTIC,NO_HEURISTIC,9.6298035,101255593,0.0086749,3278718,0.0,0,6698.0,202
44,SLAPRP_Guo_small_O200_alpha0.3_v3.txt,MESSAGE_PASSING,GREEDY,CLARKE_WRIGHT,9.6298035,101255593,0.0053476,1232062,16.9359221,29367904551,1392.0,11
44,SLAPRP_Guo_small_O200_alpha0.3_v3.txt,MESSAGE_PASSING,GREEDY,CLARKE_WRIGHT_HEURISTIC,9.6298035,101255593,0.0056776,1232222,0.015896,3851681,2100.0,12
44,SLAPRP_Guo_small_O200_alpha0.3_v3.txt,MESSAGE_PASSING,GREEDY,NO_HEURISTIC,9.6298035,101255593,0.025643,1232046,0.0,0,6602.0,202
45,SLAPRP_Guo_small_O200_alpha0.3_v4.txt,ALS,ASTAR_HEURISTIC,CLARKE_WRIGHT,7.9372065,136108324,0.0109993,3691934,20.6199085,35204405445,1518.0,12
45,SLAPRP_Guo_small_O200_alpha0.3_v4.txt,ALS,ASTAR_HEURISTIC,CLARKE_WRIGHT_HEURISTIC,7.9372065,136108324,0.0119637,3692062,0.0201956,4024705,2602.0,13
45,SLAPRP_Guo_small_O200_alpha0.3_v4.txt,ALS,ASTAR_HEURISTIC,NO_HEURISTIC,7.9372065,136108324,0.00675,3691902,0.0,0,8674.0,202
45,SLAPRP_Guo_small_O200_alpha0.3_v4.txt,ALS,GREEDY,CLARKE_WRIGHT,7.9372065,136108324,0.0090768,1344254,18.8323021,33212955941,1610.0,12
45,SLAPRP_Guo_small_O200_alpha0.3_v4.txt,ALS,GREEDY,CLARKE_WRIGHT_HEURISTIC,7.9372065,136108324,0.0055894,1344654,0.0251112,4048273,2374.0,12
45,SLAPRP_Guo_small_O200_alpha0.3_v4.txt,ALS,GREEDY,NO_HEURISTIC,7.9372065,136108324,0.0097972,1344286,0.0,0,8504.0,202
45,SLAPRP_Guo_small_O200_alpha0.3_v4.txt,ABC,ASTAR_HEURISTIC,CLARKE_WRIGHT,0.3719333,55947861,0.0080659,3461694,17.3777719,29882306709,1144.0,14
45,SLAPRP_Guo_small_O200_alpha0.3_v4.txt,ABC,ASTAR_HEURISTIC,CLARKE_WRIGHT_HEURISTIC,0.3719333,55947861,0.0067391,3461822,0.0147003,3950705,1934.0,13
45,SLAPRP_Guo_small_O200_alpha0.3_v4.txt,ABC,ASTAR_HEURISTIC,NO_HEURISTIC,0.3719333,55947861,0.0070326,3461662,0.0,0,5326.0,202
45,SLAPRP_Guo_small_O200_alpha0.3_v4.txt,ABC,GREEDY,CLARKE_WRIGHT,0.3719333,55947861,0.0074564,1352750,17.5438026,29155095637,1026.0,14
45,SLAPRP_Guo_small_O200_alpha0.3_v4.txt,ABC,GREEDY,CLARKE_WRIGHT_HEURISTIC,0.3719333,55947861,0.0078454,1353086,0.0174847,3969329,1656.0,13
45,SLAPRP_Guo_small_O200_alpha0.3_v4.txt,ABC,GREEDY,NO_HEURISTIC,0.3719333,55947861,0.0068698,1352686,0.0,0,5326.0,202
45,SLAPRP_Guo_small_O200_alpha0.3_v4.txt,ABC_HEURISTIC,ASTAR_HEURISTIC,CLARKE_WRIGHT,0.4392969,56300782,0.0099662,3467038,18.2572006,31502827799,1544.0,16
45,SLAPRP_Guo_small_O200_alpha0.3_v4.txt,ABC_HEURISTIC,ASTAR_HEURISTIC,CLARKE_WRIGHT_HEURISTIC,0.4392969,56300782,0.0064463,3467198,0.0181165,4152177,2560.0,14
45,SLAPRP_Guo_small_O200_alpha0.3_v4.txt,ABC_HEURISTIC,ASTAR_HEURISTIC,NO_HEURISTIC,0.4392969,56300782,0.0067854,3467038,0.0,0,5766.0,202
45,SLAPRP_Guo_small_O200_alpha0.3_v4.txt,ABC_HEURISTIC,GREEDY,CLARKE_WRIGHT,0.4392969,56300782,0.0091006,1334174,17.8558818,31470930887,1444.0,15
45,SLAPRP_Guo_small_O200_alpha0.3_v4.txt,ABC_HEURISTIC,GREEDY,CLARKE_WRIGHT_HEURISTIC,0.4392969,56300782,0.0054116,1334238,0.0247048,4100801,2492.0,13
45,SLAPRP_Guo_small_O200_alpha0.3_v4.txt,ABC_HEURISTIC,GREEDY,NO_HEURISTIC,0.4392969,56300782,0.0071678,1334126,0.0,0,6424.0,202
45,SLAPRP_Guo_small_O200_alpha0.3_v4.txt,MESSAGE_PASSING,ASTAR_HEURISTIC,CLARKE_WRIGHT,15.931597,143758673,0.0088454,3746558,19.1559388,33506851319,1766.0,12
45,SLAPRP_Guo_small_O200_alpha0.3_v4.txt,MESSAGE_PASSING,ASTAR_HEURISTIC,CLARKE_WRIGHT_HEURISTIC,15.931597,143758673,0.0095388,3746622,0.0239826,4151713,2856.0,13
45,SLAPRP_Guo_small_O200_alpha0.3_v4.txt,MESSAGE_PASSING,ASTAR_HEURISTIC,NO_HEURISTIC,15.931597,143758673,0.0102797,3746510,0.0,0,7866.0,202
45,SLAPRP_Guo_small_O200_alpha0.3_v4.txt,MESSAGE_PASSING,GREEDY,CLARKE_WRIGHT,15.931597,143758673,0.0052983,1346606,18.7739807,32628371445,1514.0,12
45,SLAPRP_Guo_small_O200_alpha0.3_v4.txt,MESSAGE_PASSING,GREEDY,CLARKE_WRIGHT_HEURISTIC,15.931597,143758673,0.0050331,1346702,0.0139108,4108785,2486.0,13
45,SLAPRP_Guo_small_O200_alpha0.3_v4.txt,MESSAGE_PASSING,GREEDY,NO_HEURISTIC,15.931597,143758673,0.0057901,1346558,0.0,0,7362.0,202
46,SLAPRP_Guo_small_O200_alpha0.3_v5.txt,ALS,ASTAR_HEURISTIC,CLARKE_WRIGHT,9.5809528,169102714,0.0064994,3379326,18.094168,31761365735,1442.0,11
46,SLAPRP_Guo_small_O200_alpha0.3_v5.txt,ALS,ASTAR_HEURISTIC,CLARKE_WRIGHT_HEURISTIC,9.5809528,169102714,0.007438,3379454,0.0152838,3902705,2234.0,11
46,SLAPRP_Guo_small_O200_alpha0.3_v5.txt,ALS,ASTAR_HEURISTIC,NO_HEURISTIC,9.5809528,169102714,0.0062105,3379294,0.0,0,8144.0,202
46,SLAPRP_Guo_small_O200_alpha0.3_v5.txt,ALS,GREEDY,CLARKE_WRIGHT,9.5809528,169102714,0.0058907,1265358,19.1217652,30725897655,1442.0,11
46,SLAPRP_Guo_small_O200_alpha0.3_v5.txt,ALS,GREEDY,CLARKE_WRIGHT_HEURISTIC,9.5809528,169102714,0.0101609,1265758,0.0187243,3891105,2388.0,12
46,SLAPRP_Guo_small_O200_alpha0.3_v5.txt,ALS,GREEDY,NO_HEURISTIC,9.5809528,169102714,0.0097089,1265326,0.0,0,8032.0,202
46,SLAPRP_Guo_small_O200_alpha0.3_v5.txt,ABC,ASTAR_HEURISTIC,CLARKE_WRIGHT,0.4259818,55348005,0.0127717,3146062,20.8421078,28748025013,1142.0,13
46,SLAPRP_Guo_small_O200_alpha0.3_v5.txt,ABC,ASTAR_HEURISTIC,CLARKE_WRIGHT_HEURISTIC,0.4259818,55348005,0.0118745,3146110,0.0201039,3956657,1900.0,13
46,SLAPRP_Guo_small_O200_alpha0.3_v5.txt,ABC,ASTAR_HEURISTIC,NO_HEURISTIC,0.4259818,55348005,0.0080795,3146014,0.0,0,5046.0,202
46,SLAPRP_Guo_small_O200_alpha0.3_v5.txt,ABC,GREEDY,CLARKE_WRIGHT,0.4259818,55348005,0.0125727,1255822,20.0037667,27664629895,868.0,11
46,SLAPRP_Guo_small_O200_alpha0.3_v5.txt,ABC,GREEDY,CLARKE_WRIGHT_HEURISTIC,0.4259818,55348005,0.0085695,1256206,0.0167094,3833185,1612.0,12
46,SLAPRP_Guo_small_O200_alpha0.3_v5.txt,ABC,GREEDY,NO_HEURISTIC,0.4259818,55348005,0.0070741,1255774,0.0,0,4988.0,202
46,SLAPRP_Guo_small_O200_alpha0.3_v5.txt,ABC_HEURISTIC,ASTAR_HEURISTIC,CLARKE_WRIGHT,0.464658,55698862,0.0115541,3166366,18.4286473,29706952165,1364.0,12
46,SLAPRP_Guo_small_O200_alpha0.3_v5.txt,ABC_HEURISTIC,ASTAR_HEURISTIC,CLARKE_WRIGHT_HEURISTIC,0.464658,55698862,0.0072975,3166526,0.0183995,3920769,2506.0,12
46,SLAPRP_Guo_small_O200_alpha0.3_v5.txt,ABC_HEURISTIC,ASTAR_HEURISTIC,NO_HEURISTIC,0.464658,55698862,0.0063466,3166414,0.0,0,5836.0,202
46,SLAPRP_Guo_small_O200_alpha0.3_v5.txt,ABC_HEURISTIC,GREEDY,CLARKE_WRIGHT,0.464658,55698862,0.0072426,1270382,16.3670745,28266657349,1318.0,11
46,SLAPRP_Guo_small_O200_alpha0.3_v5.txt,ABC_HEURISTIC,GREEDY,CLARKE_WRIGHT_HEURISTIC,0.464658,55698862,0.0085897,1270494,0.0140774,3839297,2324.0,13
46,SLAPRP_Guo_small_O200_alpha0.3_v5.txt,ABC_HEURISTIC,GREEDY,NO_HEURISTIC,0.464658,55698862,0.0084504,1270382,0.0,0,5580.0,202
46,SLAPRP_Guo_small_O200_alpha0.3_v5.txt,MESSAGE_PASSING,ASTAR_HEURISTIC,CLARKE_WRIGHT,10.9388578,176381127,0.0085868,3376958,19.7567521,33713320487,1652.0,11
46,SLAPRP_Guo_small_O200_alpha0.3_v5.txt,MESSAGE_PASSING,ASTAR_HEURISTIC,CLARKE_WRIGHT_HEURISTIC,10.9388578,176381127,0.0073162,3377102,0.0158036,4081905,2734.0,12
46,SLAPRP_Guo_small_O200_alpha0.3_v5.txt,MESSAGE_PASSING,ASTAR_HEURISTIC,NO_HEURISTIC,10.9388578,176381127,0.0075783,3376958,0.0,0,7514.0,202
46,SLAPRP_Guo_small_O200_alpha0.3_v5.txt,MESSAGE_PASSING,GREEDY,CLARKE_WRIGHT,10.9388578,176381127,0.0062512,1296062,17.4281484,31083542231,1564.0,11
46,SLAPRP_Guo_small_O200_alpha0.3_v5.txt,MESSAGE_PASSING,GREEDY,CLARKE_WRIGHT_HEURISTIC,10.9388578,176381127,0.0050957,1296254,0.0115416,3978769,2514.0,13
46,SLAPRP_Guo_small_O200_alpha0.3_v5.txt,MESSAGE_PASSING,GREEDY,NO_HEURISTIC,10.9388578,176381127,0.0056618,1296046,0.0,0,7660.0,202
47,SLAPRP_Guo_small_O200_alpha0.3_v6.txt,ALS,ASTAR_HEURISTIC,CLARKE_WRIGHT,13.3940575,198881333,0.0104591,3298430,21.7977444,38460989813,2190.0,13
47,SLAPRP_Guo_small_O200_alpha0.3_v6.txt,ALS,ASTAR_HEURISTIC,CLARKE_WRIGHT_HEURISTIC,13.3940575,198881333,0.006679,3298574,0.0133098,4160769,3520.0,14
47,SLAPRP_Guo_small_O200_alpha0.3_v6.txt,ALS,ASTAR_HEURISTIC,NO_HEURISTIC,13.3940575,198881333,0.0069102,3298350,0.0,0,9700.0,202
47,SLAPRP_Guo_small_O200_alpha0.3_v6.txt,ALS,GREEDY,CLARKE_WRIGHT,13.3940575,198881333,0.007255,1351134,20.9101818,36184800965,1920.0,13
47,SLAPRP_Guo_small_O200_alpha0.3_v6.txt,ALS,GREEDY,CLARKE_WRIGHT_HEURISTIC,13.3940575,198881333,0.0053927,1351534,0.0133394,4022929,2942.0,14
47,SLAPRP_Guo_small_O200_alpha0.3_v6.txt,ALS,GREEDY,NO_HEURISTIC,13.3940575,198881333,0.0064126,1351150,0.0,0,9434.0,202
47,SLAPRP_Guo_small_O200_alpha0.3_v6.txt,ABC,ASTAR_HEURISTIC,CLARKE_WRIGHT,0.3856237,55099109,0.0090743,3578622,20.1385172,33764253143,1484.0,13
47,SLAPRP_Guo_small_O200_alpha0.3_v6.txt,ABC,ASTAR_HEURISTIC,CLARKE_WRIGHT_HEURISTIC,0.3856237,55099109,0.006783,3578718,0.0144443,4207281,2430.0,13
47,SLAPRP_Guo_small_O200_alpha0.3_v6.txt,ABC,ASTAR_HEURISTIC,NO_HEURISTIC,0.3856237,55099109,0.0066057,3578606,0.0,0,6022.0,202
47,SLAPRP_Guo_small_O200_alpha0.3_v6.txt,ABC,GREEDY,CLARKE_WRIGHT,0.3856237,55099109,0.0053611,1377662,18.4465825,32656851655,1178.0,13
47,SLAPRP_Guo_small_O200_alpha0.3_v6.txt,ABC,GREEDY,CLARKE_WRIGHT_HEURISTIC,0.3856237,55099109,0.0056518,1378062,0.0272515,4136561,1890.0,13
47,SLAPRP_Guo_small_O200_alpha0.3_v6.txt,ABC,GREEDY,NO_HEURISTIC,0.3856237,55099109,0.0087728,1377646,0.0,0,5800.0,202
47,SLAPRP_Guo_small_O200_alpha0.3_v6.txt,ABC_HEURISTIC,ASTAR_HEURISTIC,CLARKE_WRIGHT,0.3864716,55816318,0.0122931,3371438,19.8806501,34633602119,1688.0,13
47,SLAPRP_Guo_small_O200_alpha0.3_v6.txt,ABC_HEURISTIC,ASTAR_HEURISTIC,CLARKE_WRIGHT_HEURISTIC,0.3864716,55816318,0.0079283,3371598,0.0128744,4234993,3224.0,15
47,SLAPRP_Guo_small_O200_alpha0.3_v6.txt,ABC_HEURISTIC,ASTAR_HEURISTIC,NO_HEURISTIC,0.3864716,55816318,0.0084592,3371454,0.0,0,6302.0,202
47,SLAPRP_Guo_small_O200_alpha0.3_v6.txt,ABC_HEURISTIC,GREEDY,CLARKE_WRIGHT,0.3864716,55816318,0.0100237,1348126,19.0519446,32600406151,1628.0,13
47,SLAPRP_Guo_small_O200_alpha0.3_v6.txt,ABC_HEURISTIC,GREEDY,CLARKE_WRIGHT_HEURISTIC,0.3864716,55816318,0.0103518,1348270,0.0169451,4041393,2756.0,14
47,SLAPRP_Guo_small_O200_alpha0.3_v6.txt,ABC_HEURISTIC,GREEDY,NO_HEURISTIC,0.3864716,55816318,0.0054427,1348142,0.0,0,6768.0,202
47,SLAPRP_Guo_small_O200_alpha0.3_v6.txt,MESSAGE_PASSING,ASTAR_HEURISTIC,CLARKE_WRIGHT,9.3543217,205824210,0.0098103,3323966,20.8256701,36597402837,2136.0,13
47,SLAPRP_Guo_small_O200_alpha0.3_v6.txt,MESSAGE_PASSING,ASTAR_HEURISTIC,CLARKE_WRIGHT_HEURISTIC,9.3543217,205824210,0.0070801,3324094,0.0122474,4285009,3502.0,15
47,SLAPRP_Guo_small_O200_alpha0.3_v6.txt,MESSAGE_PASSING,ASTAR_HEURISTIC,NO_HEURISTIC,9.3543217,205824210,0.0067756,3323902,0.0,0,8682.0,202
47,SLAPRP_Guo_small_O200_alpha0.3_v6.txt,MESSAGE_PASSING,GREEDY,CLARKE_WRIGHT,9.3543217,205824210,0.0054819,1361774,20.2984259,35310947541,1896.0,13
47,SLAPRP_Guo_small_O200_alpha0.3_v6.txt,MESSAGE_PASSING,GREEDY,CLARKE_WRIGHT_HEURISTIC,9.3543217,205824210,0.0056936,1361934,0.0121243,4228145,2918.0,13
47,SLAPRP_Guo_small_O200_alpha0.3_v6.txt,MESSAGE_PASSING,GREEDY,NO_HEURISTIC,9.3543217,205824210,0.007459,1361758,0.0,0,8508.0,202
48,SLAPRP_Guo_small_O200_alpha0.3_v7.txt,ALS,ASTAR_HEURISTIC,CLARKE_WRIGHT,6.0215811,140211566,0.0084014,3092782,21.1066351,35653996165,1988.0,12
48,SLAPRP_Guo_small_O200_alpha0.3_v7.txt,ALS,ASTAR_HEURISTIC,CLARKE_WRIGHT_HEURISTIC,6.0215811,140211566,0.0068965,3092894,0.0261367,4109345,3728.0,14
48,SLAPRP_Guo_small_O200_alpha0.3_v7.txt,ALS,ASTAR_HEURISTIC,NO_HEURISTIC,6.0215811,140211566,0.0064075,3092734,0.0,0,10278.0,200
48,SLAPRP_Guo_small_O200_alpha0.3_v7.txt,ALS,GREEDY,CLARKE_WRIGHT,6.0215811,140211566,0.0079167,1317998,20.195537,35046718311,1872.0,12
48,SLAPRP_Guo_small_O200_alpha0.3_v7.txt,ALS,GREEDY,CLARKE_WRIGHT_HEURISTIC,6.0215811,140211566,0.0066285,1318382,0.0189437,4060673,2952.0,12
48,SLAPRP_Guo_small_O200_alpha0.3_v7.txt,ALS,GREEDY,NO_HEURISTIC,6.0215811,140211566,0.0055743,1317998,0.0,0,10096.0,200
48,SLAPRP_Guo_small_O200_alpha0.3_v7.txt,ABC,ASTAR_HEURISTIC,CLARKE_WRIGHT,0.3942083,55683493,0.0129106,3264382,19.3256204,33288295557,1738.0,12
48,SLAPRP_Guo_small_O200_alpha0.3_v7.txt,ABC,ASTAR_HEURISTIC,CLARKE_WRIGHT_HEURISTIC,0.3942083,55683493,0.0072174,3264510,0.0147179,4263889,2688.0,13
48,SLAPRP_Guo_small_O200_alpha0.3_v7.txt,ABC,ASTAR_HEURISTIC,NO_HEURISTIC,0.3942083,55683493,0.0063904,3264318,0.0,0,6186.0,200
48,SLAPRP_Guo_small_O200_alpha0.3_v7.txt,ABC,GREEDY,CLARKE_WRIGHT,0.3942083,55683493,0.0057648,1369086,18.0163164,31818822373,1250.0,12
48,SLAPRP_Guo_small_O200_alpha0.3_v7.txt,ABC,GREEDY,CLARKE_WRIGHT_HEURISTIC,0.3942083,55683493,0.0075158,1369502,0.0100775,4115889,2042.0,13
48,SLAPRP_Guo_small_O200_alpha0.3_v7.txt,ABC,GREEDY,NO_HEURISTIC,0.3942083,55683493,0.0072189,1369038,0.0,0,6002.0,200
48,SLAPRP_Guo_small_O200_alpha0.3_v7.txt,ABC_HEURISTIC,ASTAR_HEURISTIC,CLARKE_WRIGHT,0.4773068,56035934,0.0139825,3225902,20.0564453,33697288805,1732.0,12
48,SLAPRP_Guo_small_O200_alpha0.3_v7.txt,ABC_HEURISTIC,ASTAR_HEURISTIC,CLARKE_WRIGHT_HEURISTIC,0.4773068,56035934,0.0082617,3226014,0.0168206,4186513,3124.0,14
48,SLAPRP_Guo_small_O200_alpha0.3_v7.txt,ABC_HEURISTIC,ASTAR_HEURISTIC,NO_HEURISTIC,0.4773068,56035934,0.0070547,3225918,0.0,0,6252.0,200
48,SLAPRP_Guo_small_O200_alpha0.3_v7.txt,ABC_HEURISTIC,GREEDY,CLARKE_WRIGHT,0.4773068,56035934,0.0090859,1333582,17.8385277,30952654167,1544.0,13
48,SLAPRP_Guo_small_O200_alpha0.3_v7.txt,ABC_HEURISTIC,GREEDY,CLARKE_WRIGHT_HEURISTIC,0.4773068,56035934,0.0084784,1333710,0.0142666,4076945,2858.0,14
48,SLAPRP_Guo_small_O200_alpha0.3_v7.txt,ABC_HEURISTIC,GREEDY,NO_HEURISTIC,0.4773068,56035934,0.0081117,1333614,0.0,0,6584.0,200
48,SLAPRP_Guo_small_O200_alpha0.3_v7.txt,MESSAGE_PASSING,ASTAR_HEURISTIC,CLARKE_WRIGHT,6.8583102,147154779,0.0071452,3184046,20.3562888,35520276421,2180.0,12
48,SLAPRP_Guo_small_O200_alpha0.3_v7.txt,MESSAGE_PASSING,ASTAR_HEURISTIC,CLARKE_WRIGHT_HEURISTIC,6.8583102,147154779,0.0065595,3184094,0.013695,4238097,3632.0,14
48,SLAPRP_Guo_small_O200_alpha0.3_v7.txt,MESSAGE_PASSING,ASTAR_HEURISTIC,NO_HEURISTIC,6.8583102,147154779,0.0079321,3183950,0.0,0,10522.0,200
48,SLAPRP_Guo_small_O200_alpha0.3_v7.txt,MESSAGE_PASSING,GREEDY,CLARKE_WRIGHT,6.8583102,147154779,0.0077611,1325838,20.3003001,35691612533,2132.0,12
48,SLAPRP_Guo_small_O200_alpha0.3_v7.txt,MESSAGE_PASSING,GREEDY,CLARKE_WRIGHT_HEURISTIC,6.8583102,147154779,0.0052975,1326014,0.0182153,4191041,3436.0,13
48,SLAPRP_Guo_small_O200_alpha0.3_v7.txt,MESSAGE_PASSING,GREEDY,NO_HEURISTIC,6.8583102,147154779,0.0069889,1325854,0.0,0,10552.0,200
49,SLAPRP_Guo_small_O200_alpha0.3_v8.txt,ALS,ASTAR_HEURISTIC,CLARKE_WRIGHT,6.8706932,170869948,0.0114387,3695678,20.0166847,34681843783,1818.0,12
49,SLAPRP_Guo_small_O200_alpha0.3_v8.txt,ALS,ASTAR_HEURISTIC,CLARKE_WRIGHT_HEURISTIC,6.8706932,170869948,0.0119822,3695742,0.0256087,4117521,2822.0,13
49,SLAPRP_Guo_small_O200_alpha0.3_v8.txt,ALS,ASTAR_HEURISTIC,NO_HEURISTIC,6.8706932,170869948,0.0077354,3695614,0.0,0,8738.0,200
49,SLAPRP_Guo_small_O200_alpha0.3_v8.txt,ALS,GREEDY,CLARKE_WRIGHT,6.8706932,170869948,0.0073018,1334894,18.9562994,33349709685,1610.0,12
49,SLAPRP_Guo_small_O200_alpha0.3_v8.txt,ALS,GREEDY,CLARKE_WRIGHT_HEURISTIC,6.8706932,170869948,0.0079396,1335326,0.0091121,3997441,2438.0,12
49,SLAPRP_Guo_small_O200_alpha0.3_v8.txt,ALS,GREEDY,NO_HEURISTIC,6.8706932,170869948,0.0061617,1334926,0.0,0,8442.0,200
49,SLAPRP_Guo_small_O200_alpha0.3_v8.txt,ABC,ASTAR_HEURISTIC,CLARKE_WRIGHT,0.372798,55414341,0.0091876,3611790,18.0195045,30226126471,1378.0,13
49,SLAPRP_Guo_small_O200_alpha0.3_v8.txt,ABC,ASTAR_HEURISTIC,CLARKE_WRIGHT_HEURISTIC,0.372798,55414341,0.0066856,3611902,0.0120539,4108625,2154.0,12
49,SLAPRP_Guo_small_O200_alpha0.3_v8.txt,ABC,ASTAR_HEURISTIC,NO_HEURISTIC,0.372798,55414341,0.0079501,3611742,0.0,0,5538.0,200
49,SLAPRP_Guo_small_O200_alpha0.3_v8.txt,ABC,GREEDY,CLARKE_WRIGHT,0.372798,55414341,0.0111633,1349502,19.3791151,29015475029,992.0,12
49,SLAPRP_Guo_small_O200_alpha0.3_v8.txt,ABC,GREEDY,CLARKE_WRIGHT_HEURISTIC,0.372798,55414341,0.0075999,1349982,0.0157993,3947441,1730.0,13
49,SLAPRP_Guo_small_O200_alpha0.3_v8.txt,ABC,GREEDY,NO_HEURISTIC,0.372798,55414341,0.0051109,1349518,0.0,0,5250.0,200
49,SLAPRP_Guo_small_O200_alpha0.3_v8.txt,ABC_HEURISTIC,ASTAR_HEURISTIC,CLARKE_WRIGHT,0.3546418,55766206,0.0100756,3541166,19.29626,33467084213,1484.0,12
49,SLAPRP_Guo_small_O200_alpha0.3_v8.txt,ABC_HEURISTIC,ASTAR_HEURISTIC,CLARKE_WRIGHT_HEURISTIC,0.3546418,55766206,0.00732,3541342,0.0136062,4236017,2714.0,12
49,SLAPRP_Guo_small_O200_alpha0.3_v8.txt,ABC_HEURISTIC,ASTAR_HEURISTIC,NO_HEURISTIC,0.3546418,55766206,0.0067791,3541182,0.0,0,5970.0,200
49,SLAPRP_Guo_small_O200_alpha0.3_v8.txt,ABC_HEURISTIC,GREEDY,CLARKE_WRIGHT,0.3546418,55766206,0.0050574,1323086,17.4821003,30467937893,1402.0,12
49,SLAPRP_Guo_small_O200_alpha0.3_v8.txt,ABC_HEURISTIC,GREEDY,CLARKE_WRIGHT_HEURISTIC,0.3546418,55766206,0.0053091,1323182,0.0111834,4113665,2528.0,12
49,SLAPRP_Guo_small_O200_alpha0.3_v8.txt,ABC_HEURISTIC,GREEDY,NO_HEURISTIC,0.3546418,55766206,0.0051355,1323070,0.0,0,5722.0,200
49,SLAPRP_Guo_small_O200_alpha0.3_v8.txt,MESSAGE_PASSING,ASTAR_HEURISTIC,CLARKE_WRIGHT,13.9730836,177476345,0.0076262,3621262,19.1740703,33419060613,1714.0,12
49,SLAPRP_Guo_small_O200_alpha0.3_v8.txt,MESSAGE_PASSING,ASTAR_HEURISTIC,CLARKE_WRIGHT_HEURISTIC,13.9730836,177476345,0.0082661,3621326,0.0253916,4126881,2616.0,12
49,SLAPRP_Guo_small_O200_alpha0.3_v8.txt,MESSAGE_PASSING,ASTAR_HEURISTIC,NO_HEURISTIC,13.9730836,177476345,0.0073375,3621166,0.0,0,7750.0,200
49,SLAPRP_Guo_small_O200_alpha0.3_v8.txt,MESSAGE_PASSING,GREEDY,CLARKE_WRIGHT,13.9730836,177476345,0.0057018,1340062,18.1601358,32347417061,1730.0,12
49,SLAPRP_Guo_small_O200_alpha0.3_v8.txt,MESSAGE_PASSING,GREEDY,CLARKE_WRIGHT_HEURISTIC,13.9730836,177476345,0.0067508,1340270,0.0202672,4004593,2502.0,12
49,SLAPRP_Guo_small_O200_alpha0.3_v8.txt,MESSAGE_PASSING,GREEDY,NO_HEURISTIC,13.9730836,177476345,0.0065716,1340110,0.0,0,7752.0,200
50,SLAPRP_Guo_small_O200_alpha0.3_v9.txt,ALS,ASTAR_HEURISTIC,CLARKE_WRIGHT,5.0432052,157841560,0.0104022,3745694,21.5069731,37171667093,1748.0,12
50,SLAPRP_Guo_small_O200_alpha0.3_v9.txt,ALS,ASTAR_HEURISTIC,CLARKE_WRIGHT_HEURISTIC,5.0432052,157841560,0.0081628,3745774,0.0037257,4128785,2844.0,12
50,SLAPRP_Guo_small_O200_alpha0.3_v9.txt,ALS,ASTAR_HEURISTIC,NO_HEURISTIC,5.0432052,157841560,0.0074433,3745646,0.0,0,9114.0,206
50,SLAPRP_Guo_small_O200_alpha0.3_v9.txt,ALS,GREEDY,CLARKE_WRIGHT,5.0432052,157841560,0.0061951,1357086,19.5982001,34367567047,1556.0,12
50,SLAPRP_Guo_small_O200_alpha0.3_v9.txt,ALS,GREEDY,CLARKE_WRIGHT_HEURISTIC,5.0432052,157841560,0.007477,1357534,0.0139257,4007121,2602.0,13
50,SLAPRP_Guo_small_O200_alpha0.3_v9.txt,ALS,GREEDY,NO_HEURISTIC,5.0432052,157841560,0.0078445,1357054,0.0,0,8684.0,206
50,SLAPRP_Guo_small_O200_alpha0.3_v9.txt,ABC,ASTAR_HEURISTIC,CLARKE_WRIGHT,0.386435,55795941,0.0104937,3655358,17.8399283,30553953463,1304.0,18
50,SLAPRP_Guo_small_O200_alpha0.3_v9.txt,ABC,ASTAR_HEURISTIC,CLARKE_WRIGHT_HEURISTIC,0.386435,55795941,0.007387,3655422,0.0163323,4060753,2026.0,13
50,SLAPRP_Guo_small_O200_alpha0.3_v9.txt,ABC,ASTAR_HEURISTIC,NO_HEURISTIC,0.386435,55795941,0.0077598,3655342,0.0,0,5328.0,206
50,SLAPRP_Guo_small_O200_alpha0.3_v9.txt,ABC,GREEDY,CLARKE_WRIGHT,0.386435,55795941,0.0070363,1347118,17.3360397,30324592695,998.0,17
50,SLAPRP_Guo_small_O200_alpha0.3_v9.txt,ABC,GREEDY,CLARKE_WRIGHT_HEURISTIC,0.386435,55795941,0.0057877,1347422,0.0156545,3949969,1678.0,14
50,SLAPRP_Guo_small_O200_alpha0.3_v9.txt,ABC,GREEDY,NO_HEURISTIC,0.386435,55795941,0.0061232,1347054,0.0,0,5302.0,206
50,SLAPRP_Guo_small_O200_alpha0.3_v9.txt,ABC_HEURISTIC,ASTAR_HEURISTIC,CLARKE_WRIGHT,0.4214971,56147454,0.0095927,3688846,19.4529398,33480589541,1414.0,18
50,SLAPRP_Guo_small_O200_alpha0.3_v9.txt,ABC_HEURISTIC,ASTAR_HEURISTIC,CLARKE_WRIGHT_HEURISTIC,0.4214971,56147454,0.0072931,3689006,0.016909,4268657,2548.0,13
50,SLAPRP_Guo_small_O200_alpha0.3_v9.txt,ABC_HEURISTIC,ASTAR_HEURISTIC,NO_HEURISTIC,0.4214971,56147454,0.0090134,3688862,0.0,0,5636.0,206
50,SLAPRP_Guo_small_O200_alpha0.3_v9.txt,ABC_HEURISTIC,GREEDY,CLARKE_WRIGHT,0.4214971,56147454,0.0069712,1377614,18.3868899,31346845013,1332.0,19
50,SLAPRP_Guo_small_O200_alpha0.3_v9.txt,ABC_HEURISTIC,GREEDY,CLARKE_WRIGHT_HEURISTIC,0.4214971,56147454,0.0053184,1377758,0.0111727,4091185,2480.0,13
50,SLAPRP_Guo_small_O200_alpha0.3_v9.txt,ABC_HEURISTIC,GREEDY,NO_HEURISTIC,0.4214971,56147454,0.0067171,1377598,0.0,0,5814.0,206
50,SLAPRP_Guo_small_O200_alpha0.3_v9.txt,MESSAGE_PASSING,ASTAR_HEURISTIC,CLARKE_WRIGHT,11.3956585,164798005,0.0116982,3584990,21.0741181,35801537717,1646.0,12
50,SLAPRP_Guo_small_O200_alpha0.3_v9.txt,MESSAGE_PASSING,ASTAR_HEURISTIC,CLARKE_WRIGHT_HEURISTIC,11.3956585,164798005,0.0080374,3585038,0.0208224,4192481,2936.0,13
50,SLAPRP_Guo_small_O200_alpha0.3_v9.txt,MESSAGE_PASSING,ASTAR_HEURISTIC,NO_HEURISTIC,11.3956585,164798005,0.0078761,3584926,0.0,0,7898.0,206
50,SLAPRP_Guo_small_O200_alpha0.3_v9.txt,MESSAGE_PASSING,GREEDY,CLARKE_WRIGHT,11.3956585,164798005,0.0069888,1367934,20.0290011,34656462277,1688.0,12
50,SLAPRP_Guo_small_O200_alpha0.3_v9.txt,MESSAGE_PASSING,GREEDY,CLARKE_WRIGHT_HEURISTIC,11.3956585,164798005,0.006199,1368094,0.0139073,4158545,2918.0,13
50,SLAPRP_Guo_small_O200_alpha0.3_v9.txt,MESSAGE_PASSING,GREEDY,NO_HEURISTIC,11.3956585,164798005,0.0056479,1367870,0.0,0,7832.0,206
51,SLAPRP_Guo_small_O200_alpha0.4_v1.txt,ALS,ASTAR_HEURISTIC,CLARKE_WRIGHT,7.6493429,160769374,0.0105866,3702254,18.8767033,32589393477,1538.0,11
51,SLAPRP_Guo_small_O200_alpha0.4_v1.txt,ALS,ASTAR_HEURISTIC,CLARKE_WRIGHT_HEURISTIC,7.6493429,160769374,0.0086786,3702350,0.0143567,3863873,2290.0,12
51,SLAPRP_Guo_small_O200_alpha0.4_v1.txt,ALS,ASTAR_HEURISTIC,NO_HEURISTIC,7.6493429,160769374,0.0078698,3702222,0.0,0,8352.0,201
51,SLAPRP_Guo_small_O200_alpha0.4_v1.txt,ALS,GREEDY,CLARKE_WRIGHT,7.6493429,160769374,0.0051888,1304542,18.1013343,31940116487,1504.0,11
51,SLAPRP_Guo_small_O200_alpha0.4_v1.txt,ALS,GREEDY,CLARKE_WRIGHT_HEURISTIC,7.6493429,160769374,0.0083828,1304958,0.0112345,3984353,2294.0,12
51,SLAPRP_Guo_small_O200_alpha0.4_v1.txt,ALS,GREEDY,NO_HEURISTIC,7.6493429,160769374,0.0048752,1304558,0.0,0,8172.0,201
51,SLAPRP_Guo_small_O200_alpha0.4_v1.txt,ABC,ASTAR_HEURISTIC,CLARKE_WRIGHT,0.3651603,55557957,0.0276998,3449982,16.7256752,28481202021,1148.0,11
51,SLAPRP_Guo_small_O200_alpha0.4_v1.txt,ABC,ASTAR_HEURISTIC,CLARKE_WRIGHT_HEURISTIC,0.3651603,55557957,0.0087506,3450078,0.0120833,3986513,1872.0,12
51,SLAPRP_Guo_small_O200_alpha0.4_v1.txt,ABC,ASTAR_HEURISTIC,NO_HEURISTIC,0.3651603,55557957,0.0067541,3449966,0.0,0,5062.0,201
51,SLAPRP_Guo_small_O200_alpha0.4_v1.txt,ABC,GREEDY,CLARKE_WRIGHT,0.3651603,55557957,0.0075417,1306334,16.0247787,27907232917,956.0,11
51,SLAPRP_Guo_small_O200_alpha0.4_v1.txt,ABC,GREEDY,CLARKE_WRIGHT_HEURISTIC,0.3651603,55557957,0.0048837,1306718,0.0184738,3908129,1652.0,13
51,SLAPRP_Guo_small_O200_alpha0.4_v1.txt,ABC,GREEDY,NO_HEURISTIC,0.3651603,55557957,0.005867,1306334,0.0,0,5132.0,201
51,SLAPRP_Guo_small_O200_alpha0.4_v1.txt,ABC_HEURISTIC,ASTAR_HEURISTIC,CLARKE_WRIGHT,0.3831641,56272206,0.0106294,3301102,16.2477684,28168769303,1158.0,11
51,SLAPRP_Guo_small_O200_alpha0.4_v1.txt,ABC_HEURISTIC,ASTAR_HEURISTIC,CLARKE_WRIGHT_HEURISTIC,0.3831641,56272206,0.007525,3301262,0.0150427,3894929,2418.0,12
51,SLAPRP_Guo_small_O200_alpha0.4_v1.txt,ABC_HEURISTIC,ASTAR_HEURISTIC,NO_HEURISTIC,0.3831641,56272206,0.0069265,3301086,0.0,0,5092.0,201
51,SLAPRP_Guo_small_O200_alpha0.4_v1.txt,ABC_HEURISTIC,GREEDY,CLARKE_WRIGHT,0.3831641,56272206,0.005605,1235982,14.8108998,25645514629,898.0,14
51,SLAPRP_Guo_small_O200_alpha0.4_v1.txt,ABC_HEURISTIC,GREEDY,CLARKE_WRIGHT_HEURISTIC,0.3831641,56272206,0.0049445,1236110,0.0149709,3629969,1758.0,12
51,SLAPRP_Guo_small_O200_alpha0.4_v1.txt,ABC_HEURISTIC,GREEDY,NO_HEURISTIC,0.3831641,56272206,0.006411,1235998,0.0,0,4862.0,201
51,SLAPRP_Guo_small_O200_alpha0.4_v1.txt,MESSAGE_PASSING,ASTAR_HEURISTIC,CLARKE_WRIGHT,7.8130006,167388283,0.0086261,3653758,18.4017338,32532968823,1486.0,13
51,SLAPRP_Guo_small_O200_alpha0.4_v1.txt,MESSAGE_PASSING,ASTAR_HEURISTIC,CLARKE_WRIGHT_HEURISTIC,7.8130006,167388283,0.0067285,3653870,0.0132151,4061921,2482.0,12
51,SLAPRP_Guo_small_O200_alpha0.4_v1.txt,MESSAGE_PASSING,ASTAR_HEURISTIC,NO_HEURISTIC,7.8130006,167388283,0.0074971,3653710,0.0,0,7530.0,201
51,SLAPRP_Guo_small_O200_alpha0.4_v1.txt,MESSAGE_PASSING,GREEDY,CLARKE_WRIGHT,7.8130006,167388283,0.0055513,1316222,17.063224,30198537751,1310.0,11
51,SLAPRP_Guo_small_O200_alpha0.4_v1.txt,MESSAGE_PASSING,GREEDY,CLARKE_WRIGHT_HEURISTIC,7.8130006,167388283,0.0052616,1316350,0.0126836,3899153,2092.0,13
51,SLAPRP_Guo_small_O200_alpha0.4_v1.txt,MESSAGE_PASSING,GREEDY,NO_HEURISTIC,7.8130006,167388283,0.0053946,1316190,0.0,0,7174.0,201
52,SLAPRP_Guo_small_O200_alpha0.4_v10.txt,ALS,ASTAR_HEURISTIC,CLARKE_WRIGHT,5.1316244,166999540,0.0118049,3404974,21.5650572,36877370837,2196.0,13
52,SLAPRP_Guo_small_O200_alpha0.4_v10.txt,ALS,ASTAR_HEURISTIC,CLARKE_WRIGHT_HEURISTIC,5.1316244,166999540,0.0065915,3405038,0.0131884,4154177,3440.0,14
52,SLAPRP_Guo_small_O200_alpha0.4_v10.txt,ALS,ASTAR_HEURISTIC,NO_HEURISTIC,5.1316244,166999540,0.0067805,3404926,0.0,0,9936.0,200
52,SLAPRP_Guo_small_O200_alpha0.4_v10.txt,ALS,GREEDY,CLARKE_WRIGHT,5.1316244,166999540,0.0091235,1355998,19.9348539,35230798775,2050.0,12
52,SLAPRP_Guo_small_O200_alpha0.4_v10.txt,ALS,GREEDY,CLARKE_WRIGHT_HEURISTIC,5.1316244,166999540,0.008296,1356302,0.0118042,4032145,2922.0,14
52,SLAPRP_Guo_small_O200_alpha0.4_v10.txt,ALS,GREEDY,NO_HEURISTIC,5.1316244,166999540,0.0057455,1355934,0.0,0,9734.0,200
52,SLAPRP_Guo_small_O200_alpha0.4_v10.txt,ABC,ASTAR_HEURISTIC,CLARKE_WRIGHT,0.3685558,55554629,0.0114453,3510174,19.9057085,34318969461,1624.0,12
52,SLAPRP_Guo_small_O200_alpha0.4_v10.txt,ABC,ASTAR_HEURISTIC,CLARKE_WRIGHT_HEURISTIC,0.3685558,55554629,0.0076744,3510318,0.0135834,4152785,2630.0,13
52,SLAPRP_Guo_small_O200_alpha0.4_v10.txt,ABC,ASTAR_HEURISTIC,NO_HEURISTIC,0.3685558,55554629,0.0069575,3510158,0.0,0,6140.0,200
52,SLAPRP_Guo_small_O200_alpha0.4_v10.txt,ABC,GREEDY,CLARKE_WRIGHT,0.3685558,55554629,0.0098661,1359662,18.5175804,31424262759,1192.0,12
52,SLAPRP_Guo_small_O200_alpha0.4_v10.txt,ABC,GREEDY,CLARKE_WRIGHT_HEURISTIC,0.3685558,55554629,0.0086498,1360030,0.0142437,4061585,2166.0,14
52,SLAPRP_Guo_small_O200_alpha0.4_v10.txt,ABC,GREEDY,NO_HEURISTIC,0.3685558,55554629,0.0124038,1359646,0.0,0,5882.0,200
52,SLAPRP_Guo_small_O200_alpha0.4_v10.txt,ABC_HEURISTIC,ASTAR_HEURISTIC,CLARKE_WRIGHT,0.5098262,55548990,0.0134581,3588702,21.1783867,34679748517,1756.0,13
52,SLAPRP_Guo_small_O200_alpha0.4_v10.txt,ABC_HEURISTIC,ASTAR_HEURISTIC,CLARKE_WRIGHT_HEURISTIC,0.5098262,55548990,0.0085734,3588878,0.0176096,4328529,3018.0,14
52,SLAPRP_Guo_small_O200_alpha0.4_v10.txt,ABC_HEURISTIC,ASTAR_HEURISTIC,NO_HEURISTIC,0.5098262,55548990,0.0090943,3588702,0.0,0,6338.0,200
52,SLAPRP_Guo_small_O200_alpha0.4_v10.txt,ABC_HEURISTIC,GREEDY,CLARKE_WRIGHT,0.5098262,55548990,0.0102705,1357166,18.7280944,33138750423,1480.0,13
52,SLAPRP_Guo_small_O200_alpha0.4_v10.txt,ABC_HEURISTIC,GREEDY,CLARKE_WRIGHT_HEURISTIC,0.5098262,55548990,0.0064302,1357294,0.0170746,4183185,2872.0,14
52,SLAPRP_Guo_small_O200_alpha0.4_v10.txt,ABC_HEURISTIC,GREEDY,NO_HEURISTIC,0.5098262,55548990,0.0069425,1357182,0.0,0,6398.0,200
52,SLAPRP_Guo_small_O200_alpha0.4_v10.txt,MESSAGE_PASSING,ASTAR_HEURISTIC,CLARKE_WRIGHT,12.3504869,174312545,0.0112712,3543886,20.2685667,35379135365,1874.0,13
52,SLAPRP_Guo_small_O200_alpha0.4_v10.txt,MESSAGE_PASSING,ASTAR_HEURISTIC,CLARKE_WRIGHT_HEURISTIC,12.3504869,174312545,0.0068594,3543982,0.0226711,4137217,2890.0,13
52,SLAPRP_Guo_small_O200_alpha0.4_v10.txt,MESSAGE_PASSING,ASTAR_HEURISTIC,NO_HEURISTIC,12.3504869,174312545,0.0068816,3543854,0.0,0,8414.0,200
52,SLAPRP_Guo_small_O200_alpha0.4_v10.txt,MESSAGE_PASSING,GREEDY,CLARKE_WRIGHT,12.3504869,174312545,0.0096112,1357422,19.0453001,32926398535,1592.0,12
52,SLAPRP_Guo_small_O200_alpha0.4_v10.txt,MESSAGE_PASSING,GREEDY,CLARKE_WRIGHT_HEURISTIC,12.3504869,174312545,0.0052903,1357566,0.0276111,4047169,2658.0,13
52,SLAPRP_Guo_small_O200_alpha0.4_v10.txt,MESSAGE_PASSING,GREEDY,NO_HEURISTIC,12.3504869,174312545,0.0067214,1357342,0.0,0,8200.0,200
53,SLAPRP_Guo_small_O200_alpha0.4_v2.txt,ALS,ASTAR_HEURISTIC,CLARKE_WRIGHT,13.1677947,152126216,0.0079052,3234094,18.3433569,32398995687,1604.0,11
53,SLAPRP_Guo_small_O200_alpha0.4_v2.txt,ALS,ASTAR_HEURISTIC,CLARKE_WRIGHT_HEURISTIC,13.1677947,152126216,0.0091827,3234238,0.0164622,3954721,2640.0,11
53,SLAPRP_Guo_small_O200_alpha0.4_v2.txt,ALS,ASTAR_HEURISTIC,NO_HEURISTIC,13.1677947,152126216,0.0062924,3234078,0.0,0,8222.0,201
53,SLAPRP_Guo_small_O200_alpha0.4_v2.txt,ALS,GREEDY,CLARKE_WRIGHT,13.1677947,152126216,0.0077286,1260670,18.0973928,30427796183,1532.0,11
53,SLAPRP_Guo_small_O200_alpha0.4_v2.txt,ALS,GREEDY,CLARKE_WRIGHT_HEURISTIC,13.1677947,152126216,0.0046086,1261134,0.0167275,3932577,2622.0,12
53,SLAPRP_Guo_small_O200_alpha0.4_v2.txt,ALS,GREEDY,NO_HEURISTIC,13.1677947,152126216,0.0049406,1260654,0.0,0,8326.0,201
53,SLAPRP_Guo_small_O200_alpha0.4_v2.txt,ABC,ASTAR_HEURISTIC,CLARKE_WRIGHT,0.3702064,55513893,0.0100432,3177998,17.1766841,29055128901,1228.0,11
53,SLAPRP_Guo_small_O200_alpha0.4_v2.txt,ABC,ASTAR_HEURISTIC,CLARKE_WRIGHT_HEURISTIC,0.3702064,55513893,0.0085653,3178046,0.0173406,3967761,2060.0,13
53,SLAPRP_Guo_small_O200_alpha0.4_v2.txt,ABC,ASTAR_HEURISTIC,NO_HEURISTIC,0.3702064,55513893,0.0075353,3177966,0.0,0,5166.0,201
53,SLAPRP_Guo_small_O200_alpha0.4_v2.txt,ABC,GREEDY,CLARKE_WRIGHT,0.3702064,55513893,0.0046311,1247486,16.4651104,27762193591,880.0,14
53,SLAPRP_Guo_small_O200_alpha0.4_v2.txt,ABC,GREEDY,CLARKE_WRIGHT_HEURISTIC,0.3702064,55513893,0.0102793,1247886,0.0187127,3866689,1646.0,12
53,SLAPRP_Guo_small_O200_alpha0.4_v2.txt,ABC,GREEDY,NO_HEURISTIC,0.3702064,55513893,0.0145065,1247502,0.0,0,5076.0,201
53,SLAPRP_Guo_small_O200_alpha0.4_v2.txt,ABC_HEURISTIC,ASTAR_HEURISTIC,CLARKE_WRIGHT,0.7185294,56228238,0.0121834,3198462,20.6227261,29383256295,1234.0,11
53,SLAPRP_Guo_small_O200_alpha0.4_v2.txt,ABC_HEURISTIC,ASTAR_HEURISTIC,CLARKE_WRIGHT_HEURISTIC,0.7185294,56228238,0.0100561,3198606,0.0203535,4003121,2266.0,13
53,SLAPRP_Guo_small_O200_alpha0.4_v2.txt,ABC_HEURISTIC,ASTAR_HEURISTIC,NO_HEURISTIC,0.7185294,56228238,0.0158722,3198398,0.0,0,5186.0,201
53,SLAPRP_Guo_small_O200_alpha0.4_v2.txt,ABC_HEURISTIC,GREEDY,CLARKE_WRIGHT,0.7185294,56228238,0.0083476,1264478,25.1122922,28299144535,1176.0,11
53,SLAPRP_Guo_small_O200_alpha0.4_v2.txt,ABC_HEURISTIC,GREEDY,CLARKE_WRIGHT_HEURISTIC,0.7185294,56228238,0.0053862,1264574,0.0206523,3966401,2014.0,12
53,SLAPRP_Guo_small_O200_alpha0.4_v2.txt,ABC_HEURISTIC,GREEDY,NO_HEURISTIC,0.7185294,56228238,0.007062,1264462,0.0,0,5486.0,201
53,SLAPRP_Guo_small_O200_alpha0.4_v2.txt,MESSAGE_PASSING,ASTAR_HEURISTIC,CLARKE_WRIGHT,11.5490824,159410821,0.0127428,3223726,24.197951,34425370117,1648.0,11
53,SLAPRP_Guo_small_O200_alpha0.4_v2.txt,MESSAGE_PASSING,ASTAR_HEURISTIC,CLARKE_WRIGHT_HEURISTIC,11.5490824,159410821,0.0173352,3223790,0.0292504,4105169,2632.0,11
53,SLAPRP_Guo_small_O200_alpha0.4_v2.txt,MESSAGE_PASSING,ASTAR_HEURISTIC,NO_HEURISTIC,11.5490824,159410821,0.0080396,3223726,0.0,0,8062.0,201
53,SLAPRP_Guo_small_O200_alpha0.4_v2.txt,MESSAGE_PASSING,GREEDY,CLARKE_WRIGHT,11.5490824,159410821,0.0052293,1266254,22.298488,31543785909,1624.0,11
53,SLAPRP_Guo_small_O200_alpha0.4_v2.txt,MESSAGE_PASSING,GREEDY,CLARKE_WRIGHT_HEURISTIC,11.5490824,159410821,0.0069494,1266366,0.030061,3902625,2606.0,13
53,SLAPRP_Guo_small_O200_alpha0.4_v2.txt,MESSAGE_PASSING,GREEDY,NO_HEURISTIC,11.5490824,159410821,0.0064427,1266206,0.0,0,7900.0,201
54,SLAPRP_Guo_small_O200_alpha0.4_v3.txt,ALS,ASTAR_HEURISTIC,CLARKE_WRIGHT,6.5081965,155255544,0.0103409,3631582,25.8727762,35591667239,1770.0,12
54,SLAPRP_Guo_small_O200_alpha0.4_v3.txt,ALS,ASTAR_HEURISTIC,CLARKE_WRIGHT_HEURISTIC,6.5081965,155255544,0.0079051,3631662,0.0154938,4112673,2944.0,13
54,SLAPRP_Guo_small_O200_alpha0.4_v3.txt,ALS,ASTAR_HEURISTIC,NO_HEURISTIC,6.5081965,155255544,0.0086841,3631534,0.0,0,8954.0,208
54,SLAPRP_Guo_small_O200_alpha0.4_v3.txt,ALS,GREEDY,CLARKE_WRIGHT,6.5081965,155255544,0.0116061,1339838,23.4490502,35638907909,1760.0,12
54,SLAPRP_Guo_small_O200_alpha0.4_v3.txt,ALS,GREEDY,CLARKE_WRIGHT_HEURISTIC,6.5081965,155255544,0.0054524,1340158,0.0062306,4138337,2854.0,12
54,SLAPRP_Guo_small_O200_alpha0.4_v3.txt,ALS,GREEDY,NO_HEURISTIC,6.5081965,155255544,0.0057622,1339806,0.0,0,9048.0,208
54,SLAPRP_Guo_small_O200_alpha0.4_v3.txt,ABC,ASTAR_HEURISTIC,CLARKE_WRIGHT,0.4794073,55407413,0.0147015,3505390,23.4096165,32992451301,1336.0,12
54,SLAPRP_Guo_small_O200_alpha0.4_v3.txt,ABC,ASTAR_HEURISTIC,CLARKE_WRIGHT_HEURISTIC,0.4794073,55407413,0.0139155,3505518,0.020424,4203969,2210.0,13
54,SLAPRP_Guo_small_O200_alpha0.4_v3.txt,ABC,ASTAR_HEURISTIC,NO_HEURISTIC,0.4794073,55407413,0.0147969,3505406,0.0,0,5606.0,208
54,SLAPRP_Guo_small_O200_alpha0.4_v3.txt,ABC,GREEDY,CLARKE_WRIGHT,0.4794073,55407413,0.0081285,1349726,22.9064286,31925987735,1180.0,12
54,SLAPRP_Guo_small_O200_alpha0.4_v3.txt,ABC,GREEDY,CLARKE_WRIGHT_HEURISTIC,0.4794073,55407413,0.006421,1350142,0.0131314,4062689,1936.0,13
54,SLAPRP_Guo_small_O200_alpha0.4_v3.txt,ABC,GREEDY,NO_HEURISTIC,0.4794073,55407413,0.0052507,1349758,0.0,0,5558.0,208
54,SLAPRP_Guo_small_O200_alpha0.4_v3.txt,ABC_HEURISTIC,ASTAR_HEURISTIC,CLARKE_WRIGHT,0.5161476,56126078,0.0122055,3497166,23.739091,33668427301,1344.0,12
54,SLAPRP_Guo_small_O200_alpha0.4_v3.txt,ABC_HEURISTIC,ASTAR_HEURISTIC,CLARKE_WRIGHT_HEURISTIC,0.5161476,56126078,0.0099114,3497294,0.0268814,4127265,2336.0,12
54,SLAPRP_Guo_small_O200_alpha0.4_v3.txt,ABC_HEURISTIC,ASTAR_HEURISTIC,NO_HEURISTIC,0.5161476,56126078,0.0092718,3497134,0.0,0,5578.0,208
54,SLAPRP_Guo_small_O200_alpha0.4_v3.txt,ABC_HEURISTIC,GREEDY,CLARKE_WRIGHT,0.5161476,56126078,0.0063264,1319710,20.4485345,32095853271,1164.0,14
54,SLAPRP_Guo_small_O200_alpha0.4_v3.txt,ABC_HEURISTIC,GREEDY,CLARKE_WRIGHT_HEURISTIC,0.5161476,56126078,0.00593,1319806,0.0124067,3853521,2142.0,13
54,SLAPRP_Guo_small_O200_alpha0.4_v3.txt,ABC_HEURISTIC,GREEDY,NO_HEURISTIC,0.5161476,56126078,0.0063946,1319662,0.0,0,5694.0,208
54,SLAPRP_Guo_small_O200_alpha0.4_v3.txt,MESSAGE_PASSING,ASTAR_HEURISTIC,CLARKE_WRIGHT,15.5331267,161875333,0.0080825,3522798,19.246093,34713870501,1752.0,12
54,SLAPRP_Guo_small_O200_alpha0.4_v3.txt,MESSAGE_PASSING,ASTAR_HEURISTIC,CLARKE_WRIGHT_HEURISTIC,15.5331267,161875333,0.0066674,3522910,0.0121479,4156897,2910.0,12
54,SLAPRP_Guo_small_O200_alpha0.4_v3.txt,MESSAGE_PASSING,ASTAR_HEURISTIC,NO_HEURISTIC,15.5331267,161875333,0.0078281,3522798,0.0,0,7942.0,208
54,SLAPRP_Guo_small_O200_alpha0.4_v3.txt,MESSAGE_PASSING,GREEDY,CLARKE_WRIGHT,15.5331267,161875333,0.0073224,1341150,18.3801221,33507380967,1748.0,12
54,SLAPRP_Guo_small_O200_alpha0.4_v3.txt,MESSAGE_PASSING,GREEDY,CLARKE_WRIGHT_HEURISTIC,15.5331267,161875333,0.0053956,1341342,0.0137373,4148625,2764.0,12
54,SLAPRP_Guo_small_O200_alpha0.4_v3.txt,MESSAGE_PASSING,GREEDY,NO_HEURISTIC,15.5331267,161875333,0.0070464,1341118,0.0,0,7830.0,208
55,SLAPRP_Guo_small_O200_alpha0.4_v4.txt,ALS,ASTAR_HEURISTIC,CLARKE_WRIGHT,6.5495492,143953290,0.0090671,3595374,20.1721735,37231029445,1996.0,12
55,SLAPRP_Guo_small_O200_alpha0.4_v4.txt,ALS,ASTAR_HEURISTIC,CLARKE_WRIGHT_HEURISTIC,6.5495492,143953290,0.008856,3595470,0.0150098,4140881,3322.0,13
55,SLAPRP_Guo_small_O200_alpha0.4_v4.txt,ALS,ASTAR_HEURISTIC,NO_HEURISTIC,6.5495492,143953290,0.0068557,3595342,0.0,0,9488.0,203
55,SLAPRP_Guo_small_O200_alpha0.4_v4.txt,ALS,GREEDY,CLARKE_WRIGHT,6.5495492,143953290,0.0065377,1368862,18.8357062,34807531223,1998.0,12
55,SLAPRP_Guo_small_O200_alpha0.4_v4.txt,ALS,GREEDY,CLARKE_WRIGHT_HEURISTIC,6.5495492,143953290,0.0094575,1369214,0.0152613,4047825,3020.0,14
55,SLAPRP_Guo_small_O200_alpha0.4_v4.txt,ALS,GREEDY,NO_HEURISTIC,6.5495492,143953290,0.0057958,1368830,0.0,0,9584.0,203
55,SLAPRP_Guo_small_O200_alpha0.4_v4.txt,ABC,ASTAR_HEURISTIC,CLARKE_WRIGHT,0.3316437,56118469,0.0086167,3556734,17.742455,31737765573,1488.0,13
55,SLAPRP_Guo_small_O200_alpha0.4_v4.txt,ABC,ASTAR_HEURISTIC,CLARKE_WRIGHT_HEURISTIC,0.3316437,56118469,0.0075898,3556830,0.0169079,4127841,2220.0,13
55,SLAPRP_Guo_small_O200_alpha0.4_v4.txt,ABC,ASTAR_HEURISTIC,NO_HEURISTIC,0.3316437,56118469,0.0064385,3556654,0.0,0,5762.0,203
55,SLAPRP_Guo_small_O200_alpha0.4_v4.txt,ABC,GREEDY,CLARKE_WRIGHT,0.3316437,56118469,0.0052571,1349518,16.9539543,30738884485,1078.0,12
55,SLAPRP_Guo_small_O200_alpha0.4_v4.txt,ABC,GREEDY,CLARKE_WRIGHT_HEURISTIC,0.3316437,56118469,0.0060167,1349886,0.0143563,3995553,1684.0,13
55,SLAPRP_Guo_small_O200_alpha0.4_v4.txt,ABC,GREEDY,NO_HEURISTIC,0.3316437,56118469,0.0079126,1349470,0.0,0,5406.0,203
55,SLAPRP_Guo_small_O200_alpha0.4_v4.txt,ABC_HEURISTIC,ASTAR_HEURISTIC,CLARKE_WRIGHT,0.3741303,56472254,0.0107531,3751950,19.2350997,33548326485,1446.0,12
55,SLAPRP_Guo_small_O200_alpha0.4_v4.txt,ABC_HEURISTIC,ASTAR_HEURISTIC,CLARKE_WRIGHT_HEURISTIC,0.3741303,56472254,0.0073804,3752110,0.008992,4192689,2882.0,13
55,SLAPRP_Guo_small_O200_alpha0.4_v4.txt,ABC_HEURISTIC,ASTAR_HEURISTIC,NO_HEURISTIC,0.3741303,56472254,0.0070459,3752030,0.0,0,5968.0,203
55,SLAPRP_Guo_small_O200_alpha0.4_v4.txt,ABC_HEURISTIC,GREEDY,CLARKE_WRIGHT,0.3741303,56472254,0.0090043,1372510,17.1055069,30567604085,1482.0,16
55,SLAPRP_Guo_small_O200_alpha0.4_v4.txt,ABC_HEURISTIC,GREEDY,CLARKE_WRIGHT_HEURISTIC,0.3741303,56472254,0.0061482,1372686,0.0214355,4142913,2468.0,12
55,SLAPRP_Guo_small_O200_alpha0.4_v4.txt,ABC_HEURISTIC,GREEDY,NO_HEURISTIC,0.3741303,56472254,0.0055282,1372510,0.0,0,6524.0,203
55,SLAPRP_Guo_small_O200_alpha0.4_v4.txt,MESSAGE_PASSING,ASTAR_HEURISTIC,CLARKE_WRIGHT,12.6246335,150903543,0.0080083,3807982,19.5617707,36146673845,1896.0,12
55,SLAPRP_Guo_small_O200_alpha0.4_v4.txt,MESSAGE_PASSING,ASTAR_HEURISTIC,CLARKE_WRIGHT_HEURISTIC,12.6246335,150903543,0.0090041,3808062,0.0182358,4132321,2858.0,14
55,SLAPRP_Guo_small_O200_alpha0.4_v4.txt,MESSAGE_PASSING,ASTAR_HEURISTIC,NO_HEURISTIC,12.6246335,150903543,0.0065115,3807886,0.0,0,8390.0,203
55,SLAPRP_Guo_small_O200_alpha0.4_v4.txt,MESSAGE_PASSING,GREEDY,CLARKE_WRIGHT,12.6246335,150903543,0.0072386,1373838,17.3813758,32238728437,1554.0,12
55,SLAPRP_Guo_small_O200_alpha0.4_v4.txt,MESSAGE_PASSING,GREEDY,CLARKE_WRIGHT_HEURISTIC,12.6246335,150903543,0.0055521,1373982,0.0246852,4053217,2668.0,14
55,SLAPRP_Guo_small_O200_alpha0.4_v4.txt,MESSAGE_PASSING,GREEDY,NO_HEURISTIC,12.6246335,150903543,0.0064567,1373822,0.0,0,7956.0,203
56,SLAPRP_Guo_small_O200_alpha0.4_v5.txt,ALS,ASTAR_HEURISTIC,CLARKE_WRIGHT,7.3706171,139772852,0.0087932,3309726,18.1057215,32920794743,1548.0,11
56,SLAPRP_Guo_small_O200_alpha0.4_v5.txt,ALS,ASTAR_HEURISTIC,CLARKE_WRIGHT_HEURISTIC,7.3706171,139772852,0.0059688,3309790,0.011577,3959665,2452.0,12
56,SLAPRP_Guo_small_O200_alpha0.4_v5.txt,ALS,ASTAR_HEURISTIC,NO_HEURISTIC,7.3706171,139772852,0.0108738,3309646,0.0,0,8368.0,201
56,SLAPRP_Guo_small_O200_alpha0.4_v5.txt,ALS,GREEDY,CLARKE_WRIGHT,7.3706171,139772852,0.0050087,1271534,17.0602479,31595327575,1534.0,11
56,SLAPRP_Guo_small_O200_alpha0.4_v5.txt,ALS,GREEDY,CLARKE_WRIGHT_HEURISTIC,7.3706171,139772852,0.0048306,1271918,0.0179881,3969825,2546.0,13
56,SLAPRP_Guo_small_O200_alpha0.4_v5.txt,ALS,GREEDY,NO_HEURISTIC,7.3706171,139772852,0.0066343,1271582,0.0,0,8438.0,201
56,SLAPRP_Guo_small_O200_alpha0.4_v5.txt,ABC,ASTAR_HEURISTIC,CLARKE_WRIGHT,0.3303696,55367829,0.0106762,3265470,15.8630853,28783147157,1270.0,14
56,SLAPRP_Guo_small_O200_alpha0.4_v5.txt,ABC,ASTAR_HEURISTIC,CLARKE_WRIGHT_HEURISTIC,0.3303696,55367829,0.011178,3265566,0.0158386,4109089,1912.0,11
56,SLAPRP_Guo_small_O200_alpha0.4_v5.txt,ABC,ASTAR_HEURISTIC,NO_HEURISTIC,0.3303696,55367829,0.0061168,3265422,0.0,0,5204.0,201
56,SLAPRP_Guo_small_O200_alpha0.4_v5.txt,ABC,GREEDY,CLARKE_WRIGHT,0.3303696,55367829,0.0061409,1291502,15.615384,28384617191,974.0,11
56,SLAPRP_Guo_small_O200_alpha0.4_v5.txt,ABC,GREEDY,CLARKE_WRIGHT_HEURISTIC,0.3303696,55367829,0.0057461,1291902,0.0092442,4037873,1740.0,12
56,SLAPRP_Guo_small_O200_alpha0.4_v5.txt,ABC,GREEDY,NO_HEURISTIC,0.3303696,55367829,0.0049591,1291470,0.0,0,5160.0,201
56,SLAPRP_Guo_small_O200_alpha0.4_v5.txt,ABC_HEURISTIC,ASTAR_HEURISTIC,CLARKE_WRIGHT,0.368792,55720430,0.0088579,3285454,17.291749,31103642807,1438.0,11
56,SLAPRP_Guo_small_O200_alpha0.4_v5.txt,ABC_HEURISTIC,ASTAR_HEURISTIC,CLARKE_WRIGHT_HEURISTIC,0.368792,55720430,0.0078612,3285582,0.0255053,4178481,2824.0,12
56,SLAPRP_Guo_small_O200_alpha0.4_v5.txt,ABC_HEURISTIC,ASTAR_HEURISTIC,NO_HEURISTIC,0.368792,55720430,0.0067344,3285438,0.0,0,6352.0,201
56,SLAPRP_Guo_small_O200_alpha0.4_v5.txt,ABC_HEURISTIC,GREEDY,CLARKE_WRIGHT,0.368792,55720430,0.0055931,1285342,16.4354956,30237913573,1312.0,14
56,SLAPRP_Guo_small_O200_alpha0.4_v5.txt,ABC_HEURISTIC,GREEDY,CLARKE_WRIGHT_HEURISTIC,0.368792,55720430,0.0068009,1285454,0.0132949,4106129,2640.0,13
56,SLAPRP_Guo_small_O200_alpha0.4_v5.txt,ABC_HEURISTIC,GREEDY,NO_HEURISTIC,0.368792,55720430,0.00721,1285326,0.0,0,5762.0,201
56,SLAPRP_Guo_small_O200_alpha0.4_v5.txt,MESSAGE_PASSING,ASTAR_HEURISTIC,CLARKE_WRIGHT,14.314886,146050577,0.006049,3165854,16.6970219,30089540487,1708.0,14
56,SLAPRP_Guo_small_O200_alpha0.4_v5.txt,MESSAGE_PASSING,ASTAR_HEURISTIC,CLARKE_WRIGHT_HEURISTIC,14.314886,146050577,0.0091716,3165918,0.0151185,4096385,2892.0,12
56,SLAPRP_Guo_small_O200_alpha0.4_v5.txt,MESSAGE_PASSING,ASTAR_HEURISTIC,NO_HEURISTIC,14.314886,146050577,0.010118,3165806,0.0,0,7838.0,201
56,SLAPRP_Guo_small_O200_alpha0.4_v5.txt,MESSAGE_PASSING,GREEDY,CLARKE_WRIGHT,14.314886,146050577,0.0048372,1273310,16.0766777,29336725463,1530.0,11
56,SLAPRP_Guo_small_O200_alpha0.4_v5.txt,MESSAGE_PASSING,GREEDY,CLARKE_WRIGHT_HEURISTIC,14.314886,146050577,0.0047209,1273470,0.014676,4045217,2298.0,11
56,SLAPRP_Guo_small_O200_alpha0.4_v5.txt,MESSAGE_PASSING,GREEDY,NO_HEURISTIC,14.314886,146050577,0.0048661,1273310,0.0,0,7532.0,201
57,SLAPRP_Guo_small_O200_alpha0.4_v6.txt,ALS,ASTAR_HEURISTIC,CLARKE_WRIGHT,6.7510835,154879352,0.0074067,3416254,18.4019653,32888614693,1584.0,14
57,SLAPRP_Guo_small_O200_alpha0.4_v6.txt,ALS,ASTAR_HEURISTIC,CLARKE_WRIGHT_HEURISTIC,6.7510835,154879352,0.0074375,3416366,0.011777,4032545,2618.0,12
57,SLAPRP_Guo_small_O200_alpha0.4_v6.txt,ALS,ASTAR_HEURISTIC,NO_HEURISTIC,6.7510835,154879352,0.0106513,3416222,0.0,0,8596.0,204
57,SLAPRP_Guo_small_O200_alpha0.4_v6.txt,ALS,GREEDY,CLARKE_WRIGHT,6.7510835,154879352,0.0065054,1299774,17.6184228,33028863975,1602.0,12
57,SLAPRP_Guo_small_O200_alpha0.4_v6.txt,ALS,GREEDY,CLARKE_WRIGHT_HEURISTIC,6.7510835,154879352,0.0049833,1300126,0.0129812,4155073,2676.0,12
57,SLAPRP_Guo_small_O200_alpha0.4_v6.txt,ALS,GREEDY,NO_HEURISTIC,6.7510835,154879352,0.005099,1299726,0.0,0,8480.0,204
57,SLAPRP_Guo_small_O200_alpha0.4_v6.txt,ABC,ASTAR_HEURISTIC,CLARKE_WRIGHT,0.3601067,55725781,0.0106072,3341134,16.863736,30961697959,1222.0,17
57,SLAPRP_Guo_small_O200_alpha0.4_v6.txt,ABC,ASTAR_HEURISTIC,CLARKE_WRIGHT_HEURISTIC,0.3601067,55725781,0.0068678,3341214,0.0110348,4109761,2038.0,13
57,SLAPRP_Guo_small_O200_alpha0.4_v6.txt,ABC,ASTAR_HEURISTIC,NO_HEURISTIC,0.3601067,55725781,0.0059571,3341006,0.0,0,5394.0,204
57,SLAPRP_Guo_small_O200_alpha0.4_v6.txt,ABC,GREEDY,CLARKE_WRIGHT,0.3601067,55725781,0.005335,1307070,15.8342039,29013637175,936.0,16
57,SLAPRP_Guo_small_O200_alpha0.4_v6.txt,ABC,GREEDY,CLARKE_WRIGHT_HEURISTIC,0.3601067,55725781,0.0053421,1307470,0.0174327,3949441,1596.0,12
57,SLAPRP_Guo_small_O200_alpha0.4_v6.txt,ABC,GREEDY,NO_HEURISTIC,0.3601067,55725781,0.0050913,1307038,0.0,0,5294.0,204
57,SLAPRP_Guo_small_O200_alpha0.4_v6.txt,ABC_HEURISTIC,ASTAR_HEURISTIC,CLARKE_WRIGHT,0.3675491,56439454,0.0103192,3180574,16.8652677,30884612133,1370.0,16
57,SLAPRP_Guo_small_O200_alpha0.4_v6.txt,ABC_HEURISTIC,ASTAR_HEURISTIC,CLARKE_WRIGHT_HEURISTIC,0.3675491,56439454,0.0061094,3180750,0.0142698,4190305,2380.0,13
57,SLAPRP_Guo_small_O200_alpha0.4_v6.txt,ABC_HEURISTIC,ASTAR_HEURISTIC,NO_HEURISTIC,0.3675491,56439454,0.0058783,3180622,0.0,0,5552.0,204
57,SLAPRP_Guo_small_O200_alpha0.4_v6.txt,ABC_HEURISTIC,GREEDY,CLARKE_WRIGHT,0.3675491,56439454,0.008994,1289534,21.7654166,29864305063,1286.0,15
57,SLAPRP_Guo_small_O200_alpha0.4_v6.txt,ABC_HEURISTIC,GREEDY,CLARKE_WRIGHT_HEURISTIC,0.3675491,56439454,0.010539,1289678,0.0079965,4092705,2418.0,12
57,SLAPRP_Guo_small_O200_alpha0.4_v6.txt,ABC_HEURISTIC,GREEDY,NO_HEURISTIC,0.3675491,56439454,0.0071985,1289550,0.0,0,6096.0,204
57,SLAPRP_Guo_small_O200_alpha0.4_v6.txt,MESSAGE_PASSING,ASTAR_HEURISTIC,CLARKE_WRIGHT,11.7866369,163638389,0.0080582,3637454,19.7713479,35739693381,1848.0,12
57,SLAPRP_Guo_small_O200_alpha0.4_v6.txt,MESSAGE_PASSING,ASTAR_HEURISTIC,CLARKE_WRIGHT_HEURISTIC,11.7866369,163638389,0.0071453,3637550,0.0189133,4148353,3042.0,13
57,SLAPRP_Guo_small_O200_alpha0.4_v6.txt,MESSAGE_PASSING,ASTAR_HEURISTIC,NO_HEURISTIC,11.7866369,163638389,0.0068634,3637454,0.0,0,8264.0,204
57,SLAPRP_Guo_small_O200_alpha0.4_v6.txt,MESSAGE_PASSING,GREEDY,CLARKE_WRIGHT,11.7866369,163638389,0.0066879,1302414,19.2050944,34372184597,1808.0,13
57,SLAPRP_Guo_small_O200_alpha0.4_v6.txt,MESSAGE_PASSING,GREEDY,CLARKE_WRIGHT_HEURISTIC,11.7866369,163638389,0.0046505,1302622,0.0121486,4045009,2890.0,13
57,SLAPRP_Guo_small_O200_alpha0.4_v6.txt,MESSAGE_PASSING,GREEDY,NO_HEURISTIC,11.7866369,163638389,0.0063512,1302430,0.0,0,8278.0,204
58,SLAPRP_Guo_small_O200_alpha0.4_v7.txt,ALS,ASTAR_HEURISTIC,CLARKE_WRIGHT,22.3144005,133927026,0.0068081,3518942,20.5924148,37895423333,1770.0,12
58,SLAPRP_Guo_small_O200_alpha0.4_v7.txt,ALS,ASTAR_HEURISTIC,CLARKE_WRIGHT_HEURISTIC,22.3144005,133927026,0.0068344,3519006,0.0146641,4165249,3086.0,13
58,SLAPRP_Guo_small_O200_alpha0.4_v7.txt,ALS,ASTAR_HEURISTIC,NO_HEURISTIC,22.3144005,133927026,0.0077947,3518894,0.0,0,9358.0,206
58,SLAPRP_Guo_small_O200_alpha0.4_v7.txt,ALS,GREEDY,CLARKE_WRIGHT,22.3144005,133927026,0.0093695,1351934,19.0485509,34642908229,1874.0,12
58,SLAPRP_Guo_small_O200_alpha0.4_v7.txt,ALS,GREEDY,CLARKE_WRIGHT_HEURISTIC,22.3144005,133927026,0.0055035,1352286,0.0130683,4152641,3068.0,13
58,SLAPRP_Guo_small_O200_alpha0.4_v7.txt,ALS,GREEDY,NO_HEURISTIC,22.3144005,133927026,0.0066283,1351870,0.0,0,9472.0,206
58,SLAPRP_Guo_small_O200_alpha0.4_v7.txt,ABC,ASTAR_HEURISTIC,CLARKE_WRIGHT,0.3222249,55606629,0.0083234,3586894,17.8569423,32473027525,1480.0,12
58,SLAPRP_Guo_small_O200_alpha0.4_v7.txt,ABC,ASTAR_HEURISTIC,CLARKE_WRIGHT_HEURISTIC,0.3222249,55606629,0.0065663,3586990,0.0159666,4184673,2336.0,13
58,SLAPRP_Guo_small_O200_alpha0.4_v7.txt,ABC,ASTAR_HEURISTIC,NO_HEURISTIC,0.3222249,55606629,0.0064899,3586910,0.0,0,5830.0,206
58,SLAPRP_Guo_small_O200_alpha0.4_v7.txt,ABC,GREEDY,CLARKE_WRIGHT,0.3222249,55606629,0.0049354,1383390,17.9402003,31381872117,1052.0,12
58,SLAPRP_Guo_small_O200_alpha0.4_v7.txt,ABC,GREEDY,CLARKE_WRIGHT_HEURISTIC,0.3222249,55606629,0.0051072,1383742,0.015178,4067185,1780.0,13
58,SLAPRP_Guo_small_O200_alpha0.4_v7.txt,ABC,GREEDY,NO_HEURISTIC,0.3222249,55606629,0.0050758,1383358,0.0,0,5582.0,206
58,SLAPRP_Guo_small_O200_alpha0.4_v7.txt,ABC_HEURISTIC,ASTAR_HEURISTIC,CLARKE_WRIGHT,0.3583933,55962750,0.0078678,3559534,19.2204703,34400558951,1530.0,13
58,SLAPRP_Guo_small_O200_alpha0.4_v7.txt,ABC_HEURISTIC,ASTAR_HEURISTIC,CLARKE_WRIGHT_HEURISTIC,0.3583933,55962750,0.0094271,3559694,0.0133769,4333745,2734.0,12
58,SLAPRP_Guo_small_O200_alpha0.4_v7.txt,ABC_HEURISTIC,ASTAR_HEURISTIC,NO_HEURISTIC,0.3583933,55962750,0.0087714,3559582,0.0,0,6012.0,206
58,SLAPRP_Guo_small_O200_alpha0.4_v7.txt,ABC_HEURISTIC,GREEDY,CLARKE_WRIGHT,0.3583933,55962750,0.0064769,1376030,17.25352,31778336135,1540.0,12
58,SLAPRP_Guo_small_O200_alpha0.4_v7.txt,ABC_HEURISTIC,GREEDY,CLARKE_WRIGHT_HEURISTIC,0.3583933,55962750,0.0054293,1376206,0.0123727,4120545,2716.0,13
58,SLAPRP_Guo_small_O200_alpha0.4_v7.txt,ABC_HEURISTIC,GREEDY,NO_HEURISTIC,0.3583933,55962750,0.0059033,1376078,0.0,0,6436.0,206
58,SLAPRP_Guo_small_O200_alpha0.4_v7.txt,MESSAGE_PASSING,ASTAR_HEURISTIC,CLARKE_WRIGHT,14.968997,140579439,0.0103228,3443758,18.4104923,33683208693,1756.0,12
58,SLAPRP_Guo_small_O200_alpha0.4_v7.txt,MESSAGE_PASSING,ASTAR_HEURISTIC,CLARKE_WRIGHT_HEURISTIC,14.968997,140579439,0.0062596,3443774,0.0142007,4144065,2826.0,12
58,SLAPRP_Guo_small_O200_alpha0.4_v7.txt,MESSAGE_PASSING,ASTAR_HEURISTIC,NO_HEURISTIC,14.968997,140579439,0.009619,3443694,0.0,0,8364.0,206
58,SLAPRP_Guo_small_O200_alpha0.4_v7.txt,MESSAGE_PASSING,GREEDY,CLARKE_WRIGHT,14.968997,140579439,0.0071852,1357902,18.6336115,34513154469,1704.0,12
58,SLAPRP_Guo_small_O200_alpha0.4_v7.txt,MESSAGE_PASSING,GREEDY,CLARKE_WRIGHT_HEURISTIC,14.968997,140579439,0.0053971,1358078,0.0113233,4085601,2716.0,13
58,SLAPRP_Guo_small_O200_alpha0.4_v7.txt,MESSAGE_PASSING,GREEDY,NO_HEURISTIC,14.968997,140579439,0.0050614,1357934,0.0,0,8244.0,206
59,SLAPRP_Guo_small_O200_alpha0.4_v8.txt,ALS,ASTAR_HEURISTIC,CLARKE_WRIGHT,12.3156904,164662418,0.0076698,3161550,17.4326578,32066734295,1570.0,12
59,SLAPRP_Guo_small_O200_alpha0.4_v8.txt,ALS,ASTAR_HEURISTIC,CLARKE_WRIGHT_HEURISTIC,12.3156904,164662418,0.0073572,3161678,0.0144594,3938801,2432.0,11
59,SLAPRP_Guo_small_O200_alpha0.4_v8.txt,ALS,ASTAR_HEURISTIC,NO_HEURISTIC,12.3156904,164662418,0.0080261,3161470,0.0,0,8124.0,204
59,SLAPRP_Guo_small_O200_alpha0.4_v8.txt,ALS,GREEDY,CLARKE_WRIGHT,12.3156904,164662418,0.0056928,1247822,17.3209627,31266310773,1496.0,11
59,SLAPRP_Guo_small_O200_alpha0.4_v8.txt,ALS,GREEDY,CLARKE_WRIGHT_HEURISTIC,12.3156904,164662418,0.0049761,1248190,0.0129153,4013729,2338.0,11
59,SLAPRP_Guo_small_O200_alpha0.4_v8.txt,ALS,GREEDY,NO_HEURISTIC,12.3156904,164662418,0.0064018,1247774,0.0,0,8040.0,204
59,SLAPRP_Guo_small_O200_alpha0.4_v8.txt,ABC,ASTAR_HEURISTIC,CLARKE_WRIGHT,0.3551986,55738581,0.007497,3079486,16.6926798,29743827191,1066.0,12
59,SLAPRP_Guo_small_O200_alpha0.4_v8.txt,ABC,ASTAR_HEURISTIC,CLARKE_WRIGHT_HEURISTIC,0.3551986,55738581,0.0073169,3079678,0.017878,3996593,1658.0,11
59,SLAPRP_Guo_small_O200_alpha0.4_v8.txt,ABC,ASTAR_HEURISTIC,NO_HEURISTIC,0.3551986,55738581,0.0056449,3079486,0.0,0,4908.0,204
59,SLAPRP_Guo_small_O200_alpha0.4_v8.txt,ABC,GREEDY,CLARKE_WRIGHT,0.3551986,55738581,0.0123713,1252110,15.2197788,28084957221,866.0,11
59,SLAPRP_Guo_small_O200_alpha0.4_v8.txt,ABC,GREEDY,CLARKE_WRIGHT_HEURISTIC,0.3551986,55738581,0.0048066,1252574,0.0033368,3812177,1438.0,11
59,SLAPRP_Guo_small_O200_alpha0.4_v8.txt,ABC,GREEDY,NO_HEURISTIC,0.3551986,55738581,0.0047963,1252158,0.0,0,4930.0,204
59,SLAPRP_Guo_small_O200_alpha0.4_v8.txt,ABC_HEURISTIC,ASTAR_HEURISTIC,CLARKE_WRIGHT,0.3855913,56454094,0.0078084,3076670,15.9787964,29297759127,1132.0,11
59,SLAPRP_Guo_small_O200_alpha0.4_v8.txt,ABC_HEURISTIC,ASTAR_HEURISTIC,CLARKE_WRIGHT_HEURISTIC,0.3855913,56454094,0.0055492,3076782,0.017228,4103329,2386.0,12
59,SLAPRP_Guo_small_O200_alpha0.4_v8.txt,ABC_HEURISTIC,ASTAR_HEURISTIC,NO_HEURISTIC,0.3855913,56454094,0.006403,3076622,0.0,0,5122.0,204
59,SLAPRP_Guo_small_O200_alpha0.4_v8.txt,ABC_HEURISTIC,GREEDY,CLARKE_WRIGHT,0.3855913,56454094,0.0060608,1234846,15.9364325,29564530407,1122.0,14
59,SLAPRP_Guo_small_O200_alpha0.4_v8.txt,ABC_HEURISTIC,GREEDY,CLARKE_WRIGHT_HEURISTIC,0.3855913,56454094,0.0049432,1235006,0.0132009,3931921,1996.0,12
59,SLAPRP_Guo_small_O200_alpha0.4_v8.txt,ABC_HEURISTIC,GREEDY,NO_HEURISTIC,0.3855913,56454094,0.0047583,1234862,0.0,0,5310.0,204
59,SLAPRP_Guo_small_O200_alpha0.4_v8.txt,MESSAGE_PASSING,ASTAR_HEURISTIC,CLARKE_WRIGHT,9.4118962,171272943,0.0242949,3213742,17.0351721,31527716471,1528.0,12
59,SLAPRP_Guo_small_O200_alpha0.4_v8.txt,MESSAGE_PASSING,ASTAR_HEURISTIC,CLARKE_WRIGHT_HEURISTIC,9.4118962,171272943,0.0093405,3213838,0.0091835,4097025,2576.0,11
59,SLAPRP_Guo_small_O200_alpha0.4_v8.txt,MESSAGE_PASSING,ASTAR_HEURISTIC,NO_HEURISTIC,9.4118962,171272943,0.0086458,3213678,0.0,0,7184.0,204
59,SLAPRP_Guo_small_O200_alpha0.4_v8.txt,MESSAGE_PASSING,GREEDY,CLARKE_WRIGHT,9.4118962,171272943,0.0075549,1228654,16.6829079,30751954471,1430.0,11
59,SLAPRP_Guo_small_O200_alpha0.4_v8.txt,MESSAGE_PASSING,GREEDY,CLARKE_WRIGHT_HEURISTIC,9.4118962,171272943,0.0061014,1228814,0.0117706,3963217,2426.0,12
59,SLAPRP_Guo_small_O200_alpha0.4_v8.txt,MESSAGE_PASSING,GREEDY,NO_HEURISTIC,9.4118962,171272943,0.0043824,1228670,0.0,0,6836.0,204
60,SLAPRP_Guo_small_O200_alpha0.4_v9.txt,ALS,ASTAR_HEURISTIC,CLARKE_WRIGHT,6.1659029,174028074,0.0060456,3140638,18.7700531,33988215029,1732.0,12
60,SLAPRP_Guo_small_O200_alpha0.4_v9.txt,ALS,ASTAR_HEURISTIC,CLARKE_WRIGHT_HEURISTIC,6.1659029,174028074,0.0059122,3140766,0.0134634,3975713,2908.0,12
60,SLAPRP_Guo_small_O200_alpha0.4_v9.txt,ALS,ASTAR_HEURISTIC,NO_HEURISTIC,6.1659029,174028074,0.0058125,3140670,0.0,0,8620.0,203
60,SLAPRP_Guo_small_O200_alpha0.4_v9.txt,ALS,GREEDY,CLARKE_WRIGHT,6.1659029,174028074,0.0058418,1273230,17.3174605,32163688935,1662.0,11
60,SLAPRP_Guo_small_O200_alpha0.4_v9.txt,ALS,GREEDY,CLARKE_WRIGHT_HEURISTIC,6.1659029,174028074,0.0069161,1273566,0.0092596,4027793,2664.0,13
60,SLAPRP_Guo_small_O200_alpha0.4_v9.txt,ALS,GREEDY,NO_HEURISTIC,6.1659029,174028074,0.004924,1273182,0.0,0,8652.0,203
60,SLAPRP_Guo_small_O200_alpha0.4_v9.txt,ABC,ASTAR_HEURISTIC,CLARKE_WRIGHT,0.375754,55930533,0.0094808,3229790,17.0880897,31361143189,1298.0,11
60,SLAPRP_Guo_small_O200_alpha0.4_v9.txt,ABC,ASTAR_HEURISTIC,CLARKE_WRIGHT_HEURISTIC,0.375754,55930533,0.0078286,3229918,0.015556,4187329,1948.0,11
60,SLAPRP_Guo_small_O200_alpha0.4_v9.txt,ABC,ASTAR_HEURISTIC,NO_HEURISTIC,0.375754,55930533,0.0063592,3229822,0.0,0,5398.0,203
60,SLAPRP_Guo_small_O200_alpha0.4_v9.txt,ABC,GREEDY,CLARKE_WRIGHT,0.375754,55930533,0.004813,1288238,15.6327976,29238564117,994.0,11
60,SLAPRP_Guo_small_O200_alpha0.4_v9.txt,ABC,GREEDY,CLARKE_WRIGHT_HEURISTIC,0.375754,55930533,0.0046958,1288638,0.0128923,4021969,1596.0,12
60,SLAPRP_Guo_small_O200_alpha0.4_v9.txt,ABC,GREEDY,NO_HEURISTIC,0.375754,55930533,0.0047743,1288270,0.0,0,5158.0,203
60,SLAPRP_Guo_small_O200_alpha0.4_v9.txt,ABC_HEURISTIC,ASTAR_HEURISTIC,CLARKE_WRIGHT,0.3642665,56284526,0.0081425,3296798,17.9224334,32588056421,1424.0,11
60,SLAPRP_Guo_small_O200_alpha0.4_v9.txt,ABC_HEURISTIC,ASTAR_HEURISTIC,CLARKE_WRIGHT_HEURISTIC,0.3642665,56284526,0.0070441,3296974,0.0154521,4161585,2650.0,12
60,SLAPRP_Guo_small_O200_alpha0.4_v9.txt,ABC_HEURISTIC,ASTAR_HEURISTIC,NO_HEURISTIC,0.3642665,56284526,0.0074789,3296814,0.0,0,5946.0,203
60,SLAPRP_Guo_small_O200_alpha0.4_v9.txt,ABC_HEURISTIC,GREEDY,CLARKE_WRIGHT,0.3642665,56284526,0.0052373,1283278,16.5559782,30652254421,1244.0,14
60,SLAPRP_Guo_small_O200_alpha0.4_v9.txt,ABC_HEURISTIC,GREEDY,CLARKE_WRIGHT_HEURISTIC,0.3642665,56284526,0.0063759,1283406,0.0107165,4072225,2458.0,11
60,SLAPRP_Guo_small_O200_alpha0.4_v9.txt,ABC_HEURISTIC,GREEDY,NO_HEURISTIC,0.3642665,56284526,0.006134,1283294,0.0,0,5618.0,203
60,SLAPRP_Guo_small_O200_alpha0.4_v9.txt,MESSAGE_PASSING,ASTAR_HEURISTIC,CLARKE_WRIGHT,5.9218567,181343559,0.0061823,3056702,18.596635,33618964869,1734.0,11
60,SLAPRP_Guo_small_O200_alpha0.4_v9.txt,MESSAGE_PASSING,ASTAR_HEURISTIC,CLARKE_WRIGHT_HEURISTIC,5.9218567,181343559,0.0061813,3056878,0.01231,4144145,2868.0,13
60,SLAPRP_Guo_small_O200_alpha0.4_v9.txt,MESSAGE_PASSING,ASTAR_HEURISTIC,NO_HEURISTIC,5.9218567,181343559,0.0062424,3056750,0.0,0,7886.0,203
60,SLAPRP_Guo_small_O200_alpha0.4_v9.txt,MESSAGE_PASSING,GREEDY,CLARKE_WRIGHT,5.9218567,181343559,0.0047589,1260334,16.9725848,31114640853,1612.0,11
60,SLAPRP_Guo_small_O200_alpha0.4_v9.txt,MESSAGE_PASSING,GREEDY,CLARKE_WRIGHT_HEURISTIC,5.9218567,181343559,0.0066746,1260494,0.020849,3970193,2490.0,11
60,SLAPRP_Guo_small_O200_alpha0.4_v9.txt,MESSAGE_PASSING,GREEDY,NO_HEURISTIC,5.9218567,181343559,0.0050385,1260318,0.0,0,7736.0,203
61,SLAPRP_Guo_small_O50_alpha0.2_v1.txt,ALS,ASTAR_HEURISTIC,CLARKE_WRIGHT,7.9104384,111600745,0.0030248,823799,0.4028794,507444231,462.0,3
61,SLAPRP_Guo_small_O50_alpha0.2_v1.txt,ALS,ASTAR_HEURISTIC,CLARKE_WRIGHT_HEURISTIC,7.9104384,111600745,0.0032776,823879,0.0013034,609871,754.0,4
61,SLAPRP_Guo_small_O50_alpha0.2_v1.txt,ALS,ASTAR_HEURISTIC,NO_HEURISTIC,7.9104384,111600745,0.005392,823751,0.0,0,2044.0,51
61,SLAPRP_Guo_small_O50_alpha0.2_v1.txt,ALS,GREEDY,CLARKE_WRIGHT,7.9104384,111600745,0.002433,355271,0.357583,496495616,396.0,3
61,SLAPRP_Guo_small_O50_alpha0.2_v1.txt,ALS,GREEDY,CLARKE_WRIGHT_HEURISTIC,7.9104384,111600745,0.0023041,355671,0.0008622,623327,594.0,4
61,SLAPRP_Guo_small_O50_alpha0.2_v1.txt,ALS,GREEDY,NO_HEURISTIC,7.9104384,111600745,0.0025419,355303,0.0,0,1956.0,51
61,SLAPRP_Guo_small_O50_alpha0.2_v1.txt,ABC,ASTAR_HEURISTIC,CLARKE_WRIGHT,0.3433922,56991312,0.0034034,872743,0.2724819,481447687,354.0,3
61,SLAPRP_Guo_small_O50_alpha0.2_v1.txt,ABC,ASTAR_HEURISTIC,CLARKE_WRIGHT_HEURISTIC,0.3433922,56991312,0.0026908,872807,0.0014626,664303,518.0,4
61,SLAPRP_Guo_small_O50_alpha0.2_v1.txt,ABC,ASTAR_HEURISTIC,NO_HEURISTIC,0.3433922,56991312,0.0025725,872711,0.0,0,1200.0,51
61,SLAPRP_Guo_small_O50_alpha0.2_v1.txt,ABC,GREEDY,CLARKE_WRIGHT,0.3433922,56991312,0.0025003,357463,0.2686353,456483767,314.0,5
61,SLAPRP_Guo_small_O50_alpha0.2_v1.txt,ABC,GREEDY,CLARKE_WRIGHT_HEURISTIC,0.3433922,56991312,0.0025125,357847,0.0013437,589103,384.0,4
61,SLAPRP_Guo_small_O50_alpha0.2_v1.txt,ABC,GREEDY,NO_HEURISTIC,0.3433922,56991312,0.0022069,357495,0.0,0,1152.0,51
61,SLAPRP_Guo_small_O50_alpha0.2_v1.txt,ABC_HEURISTIC,ASTAR_HEURISTIC,CLARKE_WRIGHT,0.3935875,57703065,0.0038619,857431,0.2802072,499861063,448.0,3
61,SLAPRP_Guo_small_O50_alpha0.2_v1.txt,ABC_HEURISTIC,ASTAR_HEURISTIC,CLARKE_WRIGHT_HEURISTIC,0.3935875,57703065,0.0030906,857575,0.0021911,630367,610.0,4
61,SLAPRP_Guo_small_O50_alpha0.2_v1.txt,ABC_HEURISTIC,ASTAR_HEURISTIC,NO_HEURISTIC,0.3935875,57703065,0.004396,857431,0.0,0,1324.0,51
61,SLAPRP_Guo_small_O50_alpha0.2_v1.txt,ABC_HEURISTIC,GREEDY,CLARKE_WRIGHT,0.3935875,57703065,0.0025816,348887,0.2501879,461486295,348.0,3
61,SLAPRP_Guo_small_O50_alpha0.2_v1.txt,ABC_HEURISTIC,GREEDY,CLARKE_WRIGHT_HEURISTIC,0.3935875,57703065,0.00247,349063,0.0010276,586575,438.0,3
61,SLAPRP_Guo_small_O50_alpha0.2_v1.txt,ABC_HEURISTIC,GREEDY,NO_HEURISTIC,0.3935875,57703065,0.0021056,348887,0.0,0,1250.0,51
61,SLAPRP_Guo_small_O50_alpha0.2_v1.txt,MESSAGE_PASSING,ASTAR_HEURISTIC,CLARKE_WRIGHT,13.6244467,118196319,0.0026821,849431,0.3124482,568877031,446.0,3
61,SLAPRP_Guo_small_O50_alpha0.2_v1.txt,MESSAGE_PASSING,ASTAR_HEURISTIC,CLARKE_WRIGHT_HEURISTIC,13.6244467,118196319,0.0048399,849543,0.0010685,632959,628.0,4
61,SLAPRP_Guo_small_O50_alpha0.2_v1.txt,MESSAGE_PASSING,ASTAR_HEURISTIC,NO_HEURISTIC,13.6244467,118196319,0.0034151,849415,0.0,0,2088.0,51
61,SLAPRP_Guo_small_O50_alpha0.2_v1.txt,MESSAGE_PASSING,GREEDY,CLARKE_WRIGHT,13.6244467,118196319,0.0025132,353751,0.3650353,522284471,460.0,3
61,SLAPRP_Guo_small_O50_alpha0.2_v1.txt,MESSAGE_PASSING,GREEDY,CLARKE_WRIGHT_HEURISTIC,13.6244467,118196319,0.0034217,353895,0.0014701,632303,636.0,4
61,SLAPRP_Guo_small_O50_alpha0.2_v1.txt,MESSAGE_PASSING,GREEDY,NO_HEURISTIC,13.6244467,118196319,0.0021662,353735,0.0,0,1956.0,51
62,SLAPRP_Guo_small_O50_alpha0.2_v10.txt,ALS,ASTAR_HEURISTIC,CLARKE_WRIGHT,8.8996652,132587163,0.0030986,1085783,0.9097686,661335264,608.0,4
62,SLAPRP_Guo_small_O50_alpha0.2_v10.txt,ALS,ASTAR_HEURISTIC,CLARKE_WRIGHT_HEURISTIC,8.8996652,132587163,0.0038352,1085895,0.0018606,811958,852.0,5
62,SLAPRP_Guo_small_O50_alpha0.2_v10.txt,ALS,ASTAR_HEURISTIC,NO_HEURISTIC,8.8996652,132587163,0.0029464,1085703,0.0,0,2290.0,54
62,SLAPRP_Guo_small_O50_alpha0.2_v10.txt,ALS,GREEDY,CLARKE_WRIGHT,8.8996652,132587163,0.0024042,400439,0.415452,682457095,586.0,4
62,SLAPRP_Guo_small_O50_alpha0.2_v10.txt,ALS,GREEDY,CLARKE_WRIGHT_HEURISTIC,8.8996652,132587163,0.0024247,400823,0.0011125,805494,772.0,4
62,SLAPRP_Guo_small_O50_alpha0.2_v10.txt,ALS,GREEDY,NO_HEURISTIC,8.8996652,132587163,0.002749,400375,0.0,0,2294.0,54
62,SLAPRP_Guo_small_O50_alpha0.2_v10.txt,ABC,ASTAR_HEURISTIC,CLARKE_WRIGHT,0.3570566,56986313,0.0031887,1138615,0.3380294,615271696,436.0,4
62,SLAPRP_Guo_small_O50_alpha0.2_v10.txt,ABC,ASTAR_HEURISTIC,CLARKE_WRIGHT_HEURISTIC,0.3570566,56986313,0.0026972,1138727,0.0010227,792326,558.0,4
62,SLAPRP_Guo_small_O50_alpha0.2_v10.txt,ABC,ASTAR_HEURISTIC,NO_HEURISTIC,0.3570566,56986313,0.003449,1138631,0.0,0,1334.0,54
62,SLAPRP_Guo_small_O50_alpha0.2_v10.txt,ABC,GREEDY,CLARKE_WRIGHT,0.3570566,56986313,0.003879,413655,0.33417,564921488,370.0,4
62,SLAPRP_Guo_small_O50_alpha0.2_v10.txt,ABC,GREEDY,CLARKE_WRIGHT_HEURISTIC,0.3570566,56986313,0.0025993,414039,0.0008965,746566,464.0,5
62,SLAPRP_Guo_small_O50_alpha0.2_v10.txt,ABC,GREEDY,NO_HEURISTIC,0.3570566,56986313,0.002405,413639,0.0,0,1348.0,54
62,SLAPRP_Guo_small_O50_alpha0.2_v10.txt,ABC_HEURISTIC,ASTAR_HEURISTIC,CLARKE_WRIGHT,0.3573785,57705369,0.0036447,1113143,0.3320549,609633424,438.0,4
62,SLAPRP_Guo_small_O50_alpha0.2_v10.txt,ABC_HEURISTIC,ASTAR_HEURISTIC,CLARKE_WRIGHT_HEURISTIC,0.3573785,57705369,0.002879,1113287,0.0009491,814758,662.0,4
62,SLAPRP_Guo_small_O50_alpha0.2_v10.txt,ABC_HEURISTIC,ASTAR_HEURISTIC,NO_HEURISTIC,0.3573785,57705369,0.0027303,1113143,0.0,0,1390.0,54
62,SLAPRP_Guo_small_O50_alpha0.2_v10.txt,ABC_HEURISTIC,GREEDY,CLARKE_WRIGHT,0.3573785,57705369,0.0036924,386759,0.3107108,555516560,324.0,4
62,SLAPRP_Guo_small_O50_alpha0.2_v10.txt,ABC_HEURISTIC,GREEDY,CLARKE_WRIGHT_HEURISTIC,0.3573785,57705369,0.0023531,386919,0.0010297,706854,500.0,4
62,SLAPRP_Guo_small_O50_alpha0.2_v10.txt,ABC_HEURISTIC,GREEDY,NO_HEURISTIC,0.3573785,57705369,0.002281,386759,0.0,0,1276.0,54
62,SLAPRP_Guo_small_O50_alpha0.2_v10.txt,MESSAGE_PASSING,ASTAR_HEURISTIC,CLARKE_WRIGHT,9.1360777,140246561,0.0051313,1173255,0.4103245,688681216,642.0,4
62,SLAPRP_Guo_small_O50_alpha0.2_v10.txt,MESSAGE_PASSING,ASTAR_HEURISTIC,CLARKE_WRIGHT_HEURISTIC,9.1360777,140246561,0.0030477,1173351,0.001624,789750,802.0,4
62,SLAPRP_Guo_small_O50_alpha0.2_v10.txt,MESSAGE_PASSING,ASTAR_HEURISTIC,NO_HEURISTIC,9.1360777,140246561,0.0034631,1173207,0.0,0,2290.0,54
62,SLAPRP_Guo_small_O50_alpha0.2_v10.txt,MESSAGE_PASSING,GREEDY,CLARKE_WRIGHT,9.1360777,140246561,0.0024336,402919,0.3830791,682095280,596.0,4
62,SLAPRP_Guo_small_O50_alpha0.2_v10.txt,MESSAGE_PASSING,GREEDY,CLARKE_WRIGHT_HEURISTIC,9.1360777,140246561,0.0024099,403079,0.0009706,787046,800.0,4
62,SLAPRP_Guo_small_O50_alpha0.2_v10.txt,MESSAGE_PASSING,GREEDY,NO_HEURISTIC,9.1360777,140246561,0.0229311,402903,0.0,0,2216.0,54
63,SLAPRP_Guo_small_O50_alpha0.2_v2.txt,ALS,ASTAR_HEURISTIC,CLARKE_WRIGHT,8.2080506,117490818,0.0039699,1064759,0.3675665,619794775,570.0,5
63,SLAPRP_Guo_small_O50_alpha0.2_v2.txt,ALS,ASTAR_HEURISTIC,CLARKE_WRIGHT_HEURISTIC,8.2080506,117490818,0.0033703,1064903,0.0017833,689375,918.0,4
63,SLAPRP_Guo_small_O50_alpha0.2_v2.txt,ALS,ASTAR_HEURISTIC,NO_HEURISTIC,8.2080506,117490818,0.0028732,1064727,0.0,0,2458.0,52
63,SLAPRP_Guo_small_O50_alpha0.2_v2.txt,ALS,GREEDY,CLARKE_WRIGHT,8.2080506,117490818,0.0040891,392599,0.373836,638324791,622.0,4
63,SLAPRP_Guo_small_O50_alpha0.2_v2.txt,ALS,GREEDY,CLARKE_WRIGHT_HEURISTIC,8.2080506,117490818,0.0025898,392935,0.0036798,733119,802.0,4
63,SLAPRP_Guo_small_O50_alpha0.2_v2.txt,ALS,GREEDY,NO_HEURISTIC,8.2080506,117490818,0.0027332,392535,0.0,0,2436.0,52
63,SLAPRP_Guo_small_O50_alpha0.2_v2.txt,ABC,ASTAR_HEURISTIC,CLARKE_WRIGHT,0.3439824,56023369,0.0027667,1067335,0.3185282,580168503,466.0,5
63,SLAPRP_Guo_small_O50_alpha0.2_v2.txt,ABC,ASTAR_HEURISTIC,CLARKE_WRIGHT_HEURISTIC,0.3439824,56023369,0.0028265,1067447,0.0015297,657791,636.0,5
63,SLAPRP_Guo_small_O50_alpha0.2_v2.txt,ABC,ASTAR_HEURISTIC,NO_HEURISTIC,0.3439824,56023369,0.0030029,1067303,0.0,0,1436.0,52
63,SLAPRP_Guo_small_O50_alpha0.2_v2.txt,ABC,GREEDY,CLARKE_WRIGHT,0.3439824,56023369,0.0024702,385015,0.3111579,523411520,396.0,4
63,SLAPRP_Guo_small_O50_alpha0.2_v2.txt,ABC,GREEDY,CLARKE_WRIGHT_HEURISTIC,0.3439824,56023369,0.0021989,385399,0.0012042,663103,502.0,4
63,SLAPRP_Guo_small_O50_alpha0.2_v2.txt,ABC,GREEDY,NO_HEURISTIC,0.3439824,56023369,0.0022221,384999,0.0,0,1332.0,52
63,SLAPRP_Guo_small_O50_alpha0.2_v2.txt,ABC_HEURISTIC,ASTAR_HEURISTIC,CLARKE_WRIGHT,0.3492977,56376754,0.0040165,1064103,0.3873643,554234183,536.0,5
63,SLAPRP_Guo_small_O50_alpha0.2_v2.txt,ABC_HEURISTIC,ASTAR_HEURISTIC,CLARKE_WRIGHT_HEURISTIC,0.3492977,56376754,0.0050716,1064247,0.0017264,700687,692.0,4
63,SLAPRP_Guo_small_O50_alpha0.2_v2.txt,ABC_HEURISTIC,ASTAR_HEURISTIC,NO_HEURISTIC,0.3492977,56376754,0.0027316,1064135,0.0,0,1420.0,52
63,SLAPRP_Guo_small_O50_alpha0.2_v2.txt,ABC_HEURISTIC,GREEDY,CLARKE_WRIGHT,0.3492977,56376754,0.002407,386519,0.3052347,517604759,384.0,4
63,SLAPRP_Guo_small_O50_alpha0.2_v2.txt,ABC_HEURISTIC,GREEDY,CLARKE_WRIGHT_HEURISTIC,0.3492977,56376754,0.0024032,386647,0.0013333,625583,626.0,5
63,SLAPRP_Guo_small_O50_alpha0.2_v2.txt,ABC_HEURISTIC,GREEDY,NO_HEURISTIC,0.3492977,56376754,0.002536,386551,0.0,0,1376.0,52
63,SLAPRP_Guo_small_O50_alpha0.2_v2.txt,MESSAGE_PASSING,ASTAR_HEURISTIC,CLARKE_WRIGHT,8.311316,124097398,0.0028934,1068983,0.3581535,642226391,636.0,4
63,SLAPRP_Guo_small_O50_alpha0.2_v2.txt,MESSAGE_PASSING,ASTAR_HEURISTIC,CLARKE_WRIGHT_HEURISTIC,8.311316,124097398,0.0037605,1069127,0.0010907,688271,778.0,5
63,SLAPRP_Guo_small_O50_alpha0.2_v2.txt,MESSAGE_PASSING,ASTAR_HEURISTIC,NO_HEURISTIC,8.311316,124097398,0.0054535,1068951,0.0,0,2516.0,52
63,SLAPRP_Guo_small_O50_alpha0.2_v2.txt,MESSAGE_PASSING,GREEDY,CLARKE_WRIGHT,8.311316,124097398,0.0033186,397079,0.3814949,643490695,600.0,4
63,SLAPRP_Guo_small_O50_alpha0.2_v2.txt,MESSAGE_PASSING,GREEDY,CLARKE_WRIGHT_HEURISTIC,8.311316,124097398,0.0024516,397223,0.0013337,716431,854.0,4
63,SLAPRP_Guo_small_O50_alpha0.2_v2.txt,MESSAGE_PASSING,GREEDY,NO_HEURISTIC,8.311316,124097398,0.0026144,397095,0.0,0,2502.0,52
64,SLAPRP_Guo_small_O50_alpha0.2_v3.txt,ALS,ASTAR_HEURISTIC,CLARKE_WRIGHT,6.6990338,139826021,0.0042058,1061911,0.3264455,591766512,540.0,4
64,SLAPRP_Guo_small_O50_alpha0.2_v3.txt,ALS,ASTAR_HEURISTIC,CLARKE_WRIGHT_HEURISTIC,6.6990338,139826021,0.0029378,1062023,0.0025938,689071,754.0,5
64,SLAPRP_Guo_small_O50_alpha0.2_v3.txt,ALS,ASTAR_HEURISTIC,NO_HEURISTIC,6.6990338,139826021,0.0030596,1061847,0.0,0,2226.0,51
64,SLAPRP_Guo_small_O50_alpha0.2_v3.txt,ALS,GREEDY,CLARKE_WRIGHT,6.6990338,139826021,0.0044439,394455,0.3454344,607767504,572.0,4
64,SLAPRP_Guo_small_O50_alpha0.2_v3.txt,ALS,GREEDY,CLARKE_WRIGHT_HEURISTIC,6.6990338,139826021,0.0024664,394791,0.0011655,682815,664.0,4
64,SLAPRP_Guo_small_O50_alpha0.2_v3.txt,ALS,GREEDY,NO_HEURISTIC,6.6990338,139826021,0.0024415,394407,0.0,0,2232.0,51
64,SLAPRP_Guo_small_O50_alpha0.2_v3.txt,ABC,ASTAR_HEURISTIC,CLARKE_WRIGHT,0.3301326,57359545,0.0032935,1138423,0.3472109,568083120,528.0,4
64,SLAPRP_Guo_small_O50_alpha0.2_v3.txt,ABC,ASTAR_HEURISTIC,CLARKE_WRIGHT_HEURISTIC,0.3301326,57359545,0.0033226,1138535,0.001436,661151,708.0,6
64,SLAPRP_Guo_small_O50_alpha0.2_v3.txt,ABC,ASTAR_HEURISTIC,NO_HEURISTIC,0.3301326,57359545,0.0031906,1138391,0.0,0,1494.0,51
64,SLAPRP_Guo_small_O50_alpha0.2_v3.txt,ABC,GREEDY,CLARKE_WRIGHT,0.3301326,57359545,0.0024574,404631,0.3315441,528757952,324.0,4
64,SLAPRP_Guo_small_O50_alpha0.2_v3.txt,ABC,GREEDY,CLARKE_WRIGHT_HEURISTIC,0.3301326,57359545,0.002707,404983,0.0009156,685247,488.0,4
64,SLAPRP_Guo_small_O50_alpha0.2_v3.txt,ABC,GREEDY,NO_HEURISTIC,0.3301326,57359545,0.002346,404583,0.0,0,1394.0,51
64,SLAPRP_Guo_small_O50_alpha0.2_v3.txt,ABC_HEURISTIC,ASTAR_HEURISTIC,CLARKE_WRIGHT,0.3685024,58070706,0.0055041,1089031,0.3070026,540103744,484.0,5
64,SLAPRP_Guo_small_O50_alpha0.2_v3.txt,ABC_HEURISTIC,ASTAR_HEURISTIC,CLARKE_WRIGHT_HEURISTIC,0.3685024,58070706,0.0050841,1089175,0.0013694,698959,640.0,5
64,SLAPRP_Guo_small_O50_alpha0.2_v3.txt,ABC_HEURISTIC,ASTAR_HEURISTIC,NO_HEURISTIC,0.3685024,58070706,0.0031974,1089063,0.0,0,1434.0,51
64,SLAPRP_Guo_small_O50_alpha0.2_v3.txt,ABC_HEURISTIC,GREEDY,CLARKE_WRIGHT,0.3685024,58070706,0.0024611,400743,0.3202872,504509952,450.0,4
64,SLAPRP_Guo_small_O50_alpha0.2_v3.txt,ABC_HEURISTIC,GREEDY,CLARKE_WRIGHT_HEURISTIC,0.3685024,58070706,0.0208882,400871,0.000818,691567,592.0,5
64,SLAPRP_Guo_small_O50_alpha0.2_v3.txt,ABC_HEURISTIC,GREEDY,NO_HEURISTIC,0.3685024,58070706,0.0023664,400775,0.0,0,1502.0,51
64,SLAPRP_Guo_small_O50_alpha0.2_v3.txt,MESSAGE_PASSING,ASTAR_HEURISTIC,CLARKE_WRIGHT,9.6251034,147817362,0.0030647,1090359,0.3427642,614364544,590.0,4
64,SLAPRP_Guo_small_O50_alpha0.2_v3.txt,MESSAGE_PASSING,ASTAR_HEURISTIC,CLARKE_WRIGHT_HEURISTIC,9.6251034,147817362,0.0043658,1090455,0.0017999,734175,712.0,4
64,SLAPRP_Guo_small_O50_alpha0.2_v3.txt,MESSAGE_PASSING,ASTAR_HEURISTIC,NO_HEURISTIC,9.6251034,147817362,0.0033712,1090327,0.0,0,2118.0,51
64,SLAPRP_Guo_small_O50_alpha0.2_v3.txt,MESSAGE_PASSING,GREEDY,CLARKE_WRIGHT,9.6251034,147817362,0.0025207,401831,0.332579,586447184,548.0,4
64,SLAPRP_Guo_small_O50_alpha0.2_v3.txt,MESSAGE_PASSING,GREEDY,CLARKE_WRIGHT_HEURISTIC,9.6251034,147817362,0.0035808,402023,0.0019225,674719,732.0,5
64,SLAPRP_Guo_small_O50_alpha0.2_v3.txt,MESSAGE_PASSING,GREEDY,NO_HEURISTIC,9.6251034,147817362,0.0027056,401879,0.0,0,2072.0,51
65,SLAPRP_Guo_small_O50_alpha0.2_v4.txt,ALS,ASTAR_HEURISTIC,CLARKE_WRIGHT,11.6320028,128990001,0.0028614,994151,0.4416364,724370487,562.0,3
65,SLAPRP_Guo_small_O50_alpha0.2_v4.txt,ALS,ASTAR_HEURISTIC,CLARKE_WRIGHT_HEURISTIC,11.6320028,128990001,0.002871,994247,0.0015181,806774,890.0,4
65,SLAPRP_Guo_small_O50_alpha0.2_v4.txt,ALS,ASTAR_HEURISTIC,NO_HEURISTIC,11.6320028,128990001,0.0030981,994103,0.0,0,2362.0,55
65,SLAPRP_Guo_small_O50_alpha0.2_v4.txt,ALS,GREEDY,CLARKE_WRIGHT,11.6320028,128990001,0.0030464,392055,0.4198741,719500080,614.0,3
65,SLAPRP_Guo_small_O50_alpha0.2_v4.txt,ALS,GREEDY,CLARKE_WRIGHT_HEURISTIC,11.6320028,128990001,0.0024497,392423,0.0015908,799926,812.0,4
65,SLAPRP_Guo_small_O50_alpha0.2_v4.txt,ALS,GREEDY,NO_HEURISTIC,11.6320028,128990001,0.0025075,392039,0.0,0,2344.0,55
65,SLAPRP_Guo_small_O50_alpha0.2_v4.txt,ABC,ASTAR_HEURISTIC,CLARKE_WRIGHT,0.3557611,57018745,0.0027763,907655,0.3712109,603247200,466.0,4
65,SLAPRP_Guo_small_O50_alpha0.2_v4.txt,ABC,ASTAR_HEURISTIC,CLARKE_WRIGHT_HEURISTIC,0.3557611,57018745,0.0027813,907767,0.0030592,793078,588.0,4
65,SLAPRP_Guo_small_O50_alpha0.2_v4.txt,ABC,ASTAR_HEURISTIC,NO_HEURISTIC,0.3557611,57018745,0.0029748,907607,0.0,0,1348.0,55
65,SLAPRP_Guo_small_O50_alpha0.2_v4.txt,ABC,GREEDY,CLARKE_WRIGHT,0.3557611,57018745,0.0045875,383351,0.3190374,580078064,320.0,4
65,SLAPRP_Guo_small_O50_alpha0.2_v4.txt,ABC,GREEDY,CLARKE_WRIGHT_HEURISTIC,0.3557611,57018745,0.0024256,383735,0.0016182,769814,458.0,4
65,SLAPRP_Guo_small_O50_alpha0.2_v4.txt,ABC,GREEDY,NO_HEURISTIC,0.3557611,57018745,0.002769,383335,0.0,0,1316.0,55
65,SLAPRP_Guo_small_O50_alpha0.2_v4.txt,ABC_HEURISTIC,ASTAR_HEURISTIC,CLARKE_WRIGHT,0.4029465,57731618,0.0051527,901879,0.3570002,618767831,446.0,4
65,SLAPRP_Guo_small_O50_alpha0.2_v4.txt,ABC_HEURISTIC,ASTAR_HEURISTIC,CLARKE_WRIGHT_HEURISTIC,0.4029465,57731618,0.0024564,902023,0.0009165,784646,694.0,5
65,SLAPRP_Guo_small_O50_alpha0.2_v4.txt,ABC_HEURISTIC,ASTAR_HEURISTIC,NO_HEURISTIC,0.4029465,57731618,0.0030674,901911,0.0,0,1356.0,55
65,SLAPRP_Guo_small_O50_alpha0.2_v4.txt,ABC_HEURISTIC,GREEDY,CLARKE_WRIGHT,0.4029465,57731618,0.0022916,379959,0.3341796,582085351,396.0,4
65,SLAPRP_Guo_small_O50_alpha0.2_v4.txt,ABC_HEURISTIC,GREEDY,CLARKE_WRIGHT_HEURISTIC,0.4029465,57731618,0.0037082,380087,0.0019396,723670,586.0,5
65,SLAPRP_Guo_small_O50_alpha0.2_v4.txt,ABC_HEURISTIC,GREEDY,NO_HEURISTIC,0.4029465,57731618,0.0021713,379991,0.0,0,1340.0,55
65,SLAPRP_Guo_small_O50_alpha0.2_v4.txt,MESSAGE_PASSING,ASTAR_HEURISTIC,CLARKE_WRIGHT,9.4886411,133405230,0.0026508,918311,0.3464656,637683335,482.0,3
65,SLAPRP_Guo_small_O50_alpha0.2_v4.txt,MESSAGE_PASSING,ASTAR_HEURISTIC,CLARKE_WRIGHT_HEURISTIC,9.4886411,133405230,0.0035691,918439,0.001644,795654,784.0,4
65,SLAPRP_Guo_small_O50_alpha0.2_v4.txt,MESSAGE_PASSING,ASTAR_HEURISTIC,NO_HEURISTIC,9.4886411,133405230,0.0040525,918279,0.0,0,1978.0,55
65,SLAPRP_Guo_small_O50_alpha0.2_v4.txt,MESSAGE_PASSING,GREEDY,CLARKE_WRIGHT,9.4886411,133405230,0.0080044,383351,0.3606419,609683015,496.0,3
65,SLAPRP_Guo_small_O50_alpha0.2_v4.txt,MESSAGE_PASSING,GREEDY,CLARKE_WRIGHT_HEURISTIC,9.4886411,133405230,0.0046005,383527,0.0018534,787958,728.0,4
65,SLAPRP_Guo_small_O50_alpha0.2_v4.txt,MESSAGE_PASSING,GREEDY,NO_HEURISTIC,9.4886411,133405230,0.0022817,383351,0.0,0,1954.0,55
66,SLAPRP_Guo_small_O50_alpha0.2_v5.txt,ALS,ASTAR_HEURISTIC,CLARKE_WRIGHT,7.120276,120512071,0.0040411,1040311,0.359066,638969216,554.0,4
66,SLAPRP_Guo_small_O50_alpha0.2_v5.txt,ALS,ASTAR_HEURISTIC,CLARKE_WRIGHT_HEURISTIC,7.120276,120512071,0.0028631,1040439,0.0011617,793734,766.0,4
66,SLAPRP_Guo_small_O50_alpha0.2_v5.txt,ALS,ASTAR_HEURISTIC,NO_HEURISTIC,7.120276,120512071,0.0037097,1040311,0.0,0,2312.0,53
66,SLAPRP_Guo_small_O50_alpha0.2_v5.txt,ALS,GREEDY,CLARKE_WRIGHT,7.120276,120512071,0.0025309,387319,0.3609901,634875799,516.0,4
66,SLAPRP_Guo_small_O50_alpha0.2_v5.txt,ALS,GREEDY,CLARKE_WRIGHT_HEURISTIC,7.120276,120512071,0.0024478,387703,0.0013038,769798,714.0,4
66,SLAPRP_Guo_small_O50_alpha0.2_v5.txt,ALS,GREEDY,NO_HEURISTIC,7.120276,120512071,0.0023788,387335,0.0,0,2222.0,53
66,SLAPRP_Guo_small_O50_alpha0.2_v5.txt,ABC,ASTAR_HEURISTIC,CLARKE_WRIGHT,0.3404988,56930688,0.0035399,1023287,0.3022536,541567015,450.0,4
66,SLAPRP_Guo_small_O50_alpha0.2_v5.txt,ABC,ASTAR_HEURISTIC,CLARKE_WRIGHT_HEURISTIC,0.3404988,56930688,0.0037286,1023399,0.0015689,736918,610.0,4
66,SLAPRP_Guo_small_O50_alpha0.2_v5.txt,ABC,ASTAR_HEURISTIC,NO_HEURISTIC,0.3404988,56930688,0.0034818,1023255,0.0,0,1374.0,53
66,SLAPRP_Guo_small_O50_alpha0.2_v5.txt,ABC,GREEDY,CLARKE_WRIGHT,0.3404988,56930688,0.0037746,378695,0.2775276,489709271,302.0,4
66,SLAPRP_Guo_small_O50_alpha0.2_v5.txt,ABC,GREEDY,CLARKE_WRIGHT_HEURISTIC,0.3404988,56930688,0.0025779,379079,0.0015809,695622,404.0,4
66,SLAPRP_Guo_small_O50_alpha0.2_v5.txt,ABC,GREEDY,NO_HEURISTIC,0.3404988,56930688,0.0023799,378679,0.0,0,1298.0,53
66,SLAPRP_Guo_small_O50_alpha0.2_v5.txt,ABC_HEURISTIC,ASTAR_HEURISTIC,CLARKE_WRIGHT,0.3622644,57639922,0.0053768,1035159,0.331682,560454439,514.0,7
66,SLAPRP_Guo_small_O50_alpha0.2_v5.txt,ABC_HEURISTIC,ASTAR_HEURISTIC,CLARKE_WRIGHT_HEURISTIC,0.3622644,57639922,0.0028057,1035303,0.0024148,791030,724.0,4
66,SLAPRP_Guo_small_O50_alpha0.2_v5.txt,ABC_HEURISTIC,ASTAR_HEURISTIC,NO_HEURISTIC,0.3622644,57639922,0.0031084,1035191,0.0,0,1426.0,53
66,SLAPRP_Guo_small_O50_alpha0.2_v5.txt,ABC_HEURISTIC,GREEDY,CLARKE_WRIGHT,0.3622644,57639922,0.0028197,385687,0.3774808,510718160,412.0,4
66,SLAPRP_Guo_small_O50_alpha0.2_v5.txt,ABC_HEURISTIC,GREEDY,CLARKE_WRIGHT_HEURISTIC,0.3622644,57639922,0.0042528,385799,0.0018203,762950,602.0,5
66,SLAPRP_Guo_small_O50_alpha0.2_v5.txt,ABC_HEURISTIC,GREEDY,NO_HEURISTIC,0.3622644,57639922,0.0021404,385703,0.0,0,1528.0,53
66,SLAPRP_Guo_small_O50_alpha0.2_v5.txt,MESSAGE_PASSING,ASTAR_HEURISTIC,CLARKE_WRIGHT,6.8429305,126768772,0.0048418,1026087,0.3954221,680165120,586.0,4
66,SLAPRP_Guo_small_O50_alpha0.2_v5.txt,MESSAGE_PASSING,ASTAR_HEURISTIC,CLARKE_WRIGHT_HEURISTIC,6.8429305,126768772,0.0027847,1026151,0.0012229,793926,764.0,4
66,SLAPRP_Guo_small_O50_alpha0.2_v5.txt,MESSAGE_PASSING,ASTAR_HEURISTIC,NO_HEURISTIC,6.8429305,126768772,0.0027513,1026007,0.0,0,2420.0,53
66,SLAPRP_Guo_small_O50_alpha0.2_v5.txt,MESSAGE_PASSING,GREEDY,CLARKE_WRIGHT,6.8429305,126768772,0.0024373,392759,0.3845445,649330039,592.0,4
66,SLAPRP_Guo_small_O50_alpha0.2_v5.txt,MESSAGE_PASSING,GREEDY,CLARKE_WRIGHT_HEURISTIC,6.8429305,126768772,0.0041137,392919,0.0014129,767910,672.0,4
66,SLAPRP_Guo_small_O50_alpha0.2_v5.txt,MESSAGE_PASSING,GREEDY,NO_HEURISTIC,6.8429305,126768772,0.0028216,392711,0.0,0,2372.0,53
67,SLAPRP_Guo_small_O50_alpha0.2_v6.txt,ALS,ASTAR_HEURISTIC,CLARKE_WRIGHT,19.1178919,134747325,0.0029045,962471,0.9461868,753752080,654.0,4
67,SLAPRP_Guo_small_O50_alpha0.2_v6.txt,ALS,ASTAR_HEURISTIC,CLARKE_WRIGHT_HEURISTIC,19.1178919,134747325,0.0028152,962583,0.0013456,799574,858.0,4
67,SLAPRP_Guo_small_O50_alpha0.2_v6.txt,ALS,ASTAR_HEURISTIC,NO_HEURISTIC,19.1178919,134747325,0.002663,962471,0.0,0,2652.0,54
67,SLAPRP_Guo_small_O50_alpha0.2_v6.txt,ALS,GREEDY,CLARKE_WRIGHT,19.1178919,134747325,0.0024799,395975,0.4006927,682795863,642.0,4
67,SLAPRP_Guo_small_O50_alpha0.2_v6.txt,ALS,GREEDY,CLARKE_WRIGHT_HEURISTIC,19.1178919,134747325,0.004122,396359,0.0024065,789350,848.0,4
67,SLAPRP_Guo_small_O50_alpha0.2_v6.txt,ALS,GREEDY,NO_HEURISTIC,19.1178919,134747325,0.0027506,395991,0.0,0,2530.0,54
67,SLAPRP_Guo_small_O50_alpha0.2_v6.txt,ABC,ASTAR_HEURISTIC,CLARKE_WRIGHT,0.3521079,56762425,0.0033057,1034103,0.345221,615777991,534.0,6
67,SLAPRP_Guo_small_O50_alpha0.2_v6.txt,ABC,ASTAR_HEURISTIC,CLARKE_WRIGHT_HEURISTIC,0.3521079,56762425,0.0027309,1034215,0.0012462,799302,708.0,4
67,SLAPRP_Guo_small_O50_alpha0.2_v6.txt,ABC,ASTAR_HEURISTIC,NO_HEURISTIC,0.3521079,56762425,0.0035487,1034103,0.0,0,1458.0,54
67,SLAPRP_Guo_small_O50_alpha0.2_v6.txt,ABC,GREEDY,CLARKE_WRIGHT,0.3521079,56762425,0.0023192,391607,0.3999693,605382976,326.0,4
67,SLAPRP_Guo_small_O50_alpha0.2_v6.txt,ABC,GREEDY,CLARKE_WRIGHT_HEURISTIC,0.3521079,56762425,0.0023379,391991,0.0012243,771686,502.0,4
67,SLAPRP_Guo_small_O50_alpha0.2_v6.txt,ABC,GREEDY,NO_HEURISTIC,0.3521079,56762425,0.002368,391623,0.0,0,1396.0,54
67,SLAPRP_Guo_small_O50_alpha0.2_v6.txt,ABC_HEURISTIC,ASTAR_HEURISTIC,CLARKE_WRIGHT,0.3473533,57121049,0.0055085,1006519,0.3950999,650504720,474.0,4
67,SLAPRP_Guo_small_O50_alpha0.2_v6.txt,ABC_HEURISTIC,ASTAR_HEURISTIC,CLARKE_WRIGHT_HEURISTIC,0.3473533,57121049,0.0037003,1006663,0.0023615,750774,724.0,5
67,SLAPRP_Guo_small_O50_alpha0.2_v6.txt,ABC_HEURISTIC,ASTAR_HEURISTIC,NO_HEURISTIC,0.3473533,57121049,0.004873,1006471,0.0,0,1444.0,54
67,SLAPRP_Guo_small_O50_alpha0.2_v6.txt,ABC_HEURISTIC,GREEDY,CLARKE_WRIGHT,0.3473533,57121049,0.0024586,385031,0.3215062,546350695,358.0,7
67,SLAPRP_Guo_small_O50_alpha0.2_v6.txt,ABC_HEURISTIC,GREEDY,CLARKE_WRIGHT_HEURISTIC,0.3473533,57121049,0.0044734,385159,0.0022362,715462,592.0,5
67,SLAPRP_Guo_small_O50_alpha0.2_v6.txt,ABC_HEURISTIC,GREEDY,NO_HEURISTIC,0.3473533,57121049,0.0041256,384983,0.0,0,1368.0,54
67,SLAPRP_Guo_small_O50_alpha0.2_v6.txt,MESSAGE_PASSING,ASTAR_HEURISTIC,CLARKE_WRIGHT,7.7274503,142010490,0.0041587,989655,0.3996192,727302551,710.0,4
67,SLAPRP_Guo_small_O50_alpha0.2_v6.txt,MESSAGE_PASSING,ASTAR_HEURISTIC,CLARKE_WRIGHT_HEURISTIC,7.7274503,142010490,0.0029435,989783,0.0030833,825190,970.0,4
67,SLAPRP_Guo_small_O50_alpha0.2_v6.txt,MESSAGE_PASSING,ASTAR_HEURISTIC,NO_HEURISTIC,7.7274503,142010490,0.0028434,989655,0.0,0,2436.0,54
67,SLAPRP_Guo_small_O50_alpha0.2_v6.txt,MESSAGE_PASSING,GREEDY,CLARKE_WRIGHT,7.7274503,142010490,0.0023005,398327,0.4007206,744914599,568.0,4
67,SLAPRP_Guo_small_O50_alpha0.2_v6.txt,MESSAGE_PASSING,GREEDY,CLARKE_WRIGHT_HEURISTIC,7.7274503,142010490,0.0024452,398535,0.0008947,822406,792.0,4
67,SLAPRP_Guo_small_O50_alpha0.2_v6.txt,MESSAGE_PASSING,GREEDY,NO_HEURISTIC,7.7274503,142010490,0.0029481,398359,0.0,0,2140.0,54
68,SLAPRP_Guo_small_O50_alpha0.2_v7.txt,ALS,ASTAR_HEURISTIC,CLARKE_WRIGHT,6.4694058,138194459,0.0031242,995735,0.3562417,651855351,570.0,3
68,SLAPRP_Guo_small_O50_alpha0.2_v7.txt,ALS,ASTAR_HEURISTIC,CLARKE_WRIGHT_HEURISTIC,6.4694058,138194459,0.0034585,995815,0.0010575,767510,808.0,4
68,SLAPRP_Guo_small_O50_alpha0.2_v7.txt,ALS,ASTAR_HEURISTIC,NO_HEURISTIC,6.4694058,138194459,0.0026502,995687,0.0,0,2282.0,54
68,SLAPRP_Guo_small_O50_alpha0.2_v7.txt,ALS,GREEDY,CLARKE_WRIGHT,6.4694058,138194459,0.0028965,386951,0.3472835,655341575,530.0,3
68,SLAPRP_Guo_small_O50_alpha0.2_v7.txt,ALS,GREEDY,CLARKE_WRIGHT_HEURISTIC,6.4694058,138194459,0.0025309,387351,0.0020545,758214,682.0,4
68,SLAPRP_Guo_small_O50_alpha0.2_v7.txt,ALS,GREEDY,NO_HEURISTIC,6.4694058,138194459,0.0030617,386983,0.0,0,2202.0,54
68,SLAPRP_Guo_small_O50_alpha0.2_v7.txt,ABC,ASTAR_HEURISTIC,CLARKE_WRIGHT,0.3385185,57154281,0.0033612,989111,0.3255981,565769879,382.0,3
68,SLAPRP_Guo_small_O50_alpha0.2_v7.txt,ABC,ASTAR_HEURISTIC,CLARKE_WRIGHT_HEURISTIC,0.3385185,57154281,0.0027366,989255,0.0010217,781334,556.0,4
68,SLAPRP_Guo_small_O50_alpha0.2_v7.txt,ABC,ASTAR_HEURISTIC,NO_HEURISTIC,0.3385185,57154281,0.0030644,989079,0.0,0,1260.0,54
68,SLAPRP_Guo_small_O50_alpha0.2_v7.txt,ABC,GREEDY,CLARKE_WRIGHT,0.3385185,57154281,0.0026063,390007,0.3177715,548897824,290.0,3
68,SLAPRP_Guo_small_O50_alpha0.2_v7.txt,ABC,GREEDY,CLARKE_WRIGHT_HEURISTIC,0.3385185,57154281,0.0023396,390391,0.0017694,736230,396.0,3
68,SLAPRP_Guo_small_O50_alpha0.2_v7.txt,ABC,GREEDY,NO_HEURISTIC,0.3385185,57154281,0.0024038,389959,0.0,0,1238.0,54
68,SLAPRP_Guo_small_O50_alpha0.2_v7.txt,ABC_HEURISTIC,ASTAR_HEURISTIC,CLARKE_WRIGHT,0.368795,57509865,0.0064884,958407,0.3413937,602513559,422.0,3
68,SLAPRP_Guo_small_O50_alpha0.2_v7.txt,ABC_HEURISTIC,ASTAR_HEURISTIC,CLARKE_WRIGHT_HEURISTIC,0.368795,57509865,0.0030102,958551,0.0025547,791638,704.0,5
68,SLAPRP_Guo_small_O50_alpha0.2_v7.txt,ABC_HEURISTIC,ASTAR_HEURISTIC,NO_HEURISTIC,0.368795,57509865,0.0047129,958407,0.0,0,1324.0,54
68,SLAPRP_Guo_small_O50_alpha0.2_v7.txt,ABC_HEURISTIC,GREEDY,CLARKE_WRIGHT,0.368795,57509865,0.004231,381559,0.4104528,596849904,384.0,3
68,SLAPRP_Guo_small_O50_alpha0.2_v7.txt,ABC_HEURISTIC,GREEDY,CLARKE_WRIGHT_HEURISTIC,0.368795,57509865,0.0027346,381687,0.0011221,750342,578.0,4
68,SLAPRP_Guo_small_O50_alpha0.2_v7.txt,ABC_HEURISTIC,GREEDY,NO_HEURISTIC,0.368795,57509865,0.0023369,381559,0.0,0,1300.0,54
68,SLAPRP_Guo_small_O50_alpha0.2_v7.txt,MESSAGE_PASSING,ASTAR_HEURISTIC,CLARKE_WRIGHT,7.2441635,145845752,0.0034711,958263,0.3686641,691810032,562.0,3
68,SLAPRP_Guo_small_O50_alpha0.2_v7.txt,MESSAGE_PASSING,ASTAR_HEURISTIC,CLARKE_WRIGHT_HEURISTIC,7.2441635,145845752,0.0041603,958359,0.0024783,757990,650.0,3
68,SLAPRP_Guo_small_O50_alpha0.2_v7.txt,MESSAGE_PASSING,ASTAR_HEURISTIC,NO_HEURISTIC,7.2441635,145845752,0.0030249,958215,0.0,0,2186.0,54
68,SLAPRP_Guo_small_O50_alpha0.2_v7.txt,MESSAGE_PASSING,GREEDY,CLARKE_WRIGHT,7.2441635,145845752,0.0023197,390919,0.3982583,698566448,572.0,3
68,SLAPRP_Guo_small_O50_alpha0.2_v7.txt,MESSAGE_PASSING,GREEDY,CLARKE_WRIGHT_HEURISTIC,7.2441635,145845752,0.0028117,391127,0.0043815,818102,670.0,3
68,SLAPRP_Guo_small_O50_alpha0.2_v7.txt,MESSAGE_PASSING,GREEDY,NO_HEURISTIC,7.2441635,145845752,0.0023891,390951,0.0,0,2324.0,54
69,SLAPRP_Guo_small_O50_alpha0.2_v8.txt,ALS,ASTAR_HEURISTIC,CLARKE_WRIGHT,7.2848143,121155368,0.0040069,966663,0.3129088,555798647,414.0,3
69,SLAPRP_Guo_small_O50_alpha0.2_v8.txt,ALS,ASTAR_HEURISTIC,CLARKE_WRIGHT_HEURISTIC,7.2848143,121155368,0.0028061,966759,0.000854,687791,562.0,3
69,SLAPRP_Guo_small_O50_alpha0.2_v8.txt,ALS,ASTAR_HEURISTIC,NO_HEURISTIC,7.2848143,121155368,0.0031089,966647,0.0,0,2036.0,51
69,SLAPRP_Guo_small_O50_alpha0.2_v8.txt,ALS,GREEDY,CLARKE_WRIGHT,7.2848143,121155368,0.0022857,370007,0.2978128,550153783,478.0,3
69,SLAPRP_Guo_small_O50_alpha0.2_v8.txt,ALS,GREEDY,CLARKE_WRIGHT_HEURISTIC,7.2848143,121155368,0.0028477,370343,0.0011101,668383,584.0,3
69,SLAPRP_Guo_small_O50_alpha0.2_v8.txt,ALS,GREEDY,NO_HEURISTIC,7.2848143,121155368,0.0021438,369991,0.0,0,2064.0,51
69,SLAPRP_Guo_small_O50_alpha0.2_v8.txt,ABC,ASTAR_HEURISTIC,CLARKE_WRIGHT,0.3515249,57337289,0.0053451,993943,0.3010354,475941904,342.0,4
69,SLAPRP_Guo_small_O50_alpha0.2_v8.txt,ABC,ASTAR_HEURISTIC,CLARKE_WRIGHT_HEURISTIC,0.3515249,57337289,0.0035033,994055,0.0015349,642095,492.0,4
69,SLAPRP_Guo_small_O50_alpha0.2_v8.txt,ABC,ASTAR_HEURISTIC,NO_HEURISTIC,0.3515249,57337289,0.0027351,993895,0.0,0,1234.0,51
69,SLAPRP_Guo_small_O50_alpha0.2_v8.txt,ABC,GREEDY,CLARKE_WRIGHT,0.3515249,57337289,0.0045414,367143,0.3134127,448321616,288.0,4
69,SLAPRP_Guo_small_O50_alpha0.2_v8.txt,ABC,GREEDY,CLARKE_WRIGHT_HEURISTIC,0.3515249,57337289,0.0023445,367559,0.0007651,651247,360.0,3
69,SLAPRP_Guo_small_O50_alpha0.2_v8.txt,ABC,GREEDY,NO_HEURISTIC,0.3515249,57337289,0.0022024,367143,0.0,0,1210.0,51
69,SLAPRP_Guo_small_O50_alpha0.2_v8.txt,ABC_HEURISTIC,ASTAR_HEURISTIC,CLARKE_WRIGHT,0.3676193,58050082,0.0047409,932903,0.2778721,477816103,322.0,5
69,SLAPRP_Guo_small_O50_alpha0.2_v8.txt,ABC_HEURISTIC,ASTAR_HEURISTIC,CLARKE_WRIGHT_HEURISTIC,0.3676193,58050082,0.0028605,933047,0.0010787,614143,438.0,4
69,SLAPRP_Guo_small_O50_alpha0.2_v8.txt,ABC_HEURISTIC,ASTAR_HEURISTIC,NO_HEURISTIC,0.3676193,58050082,0.0026504,932887,0.0,0,1162.0,51
69,SLAPRP_Guo_small_O50_alpha0.2_v8.txt,ABC_HEURISTIC,GREEDY,CLARKE_WRIGHT,0.3676193,58050082,0.003475,362519,0.2826682,455049392,324.0,4
69,SLAPRP_Guo_small_O50_alpha0.2_v8.txt,ABC_HEURISTIC,GREEDY,CLARKE_WRIGHT_HEURISTIC,0.3676193,58050082,0.0026949,362679,0.0017745,621743,446.0,3
69,SLAPRP_Guo_small_O50_alpha0.2_v8.txt,ABC_HEURISTIC,GREEDY,NO_HEURISTIC,0.3676193,58050082,0.0022011,362535,0.0,0,1278.0,51
69,SLAPRP_Guo_small_O50_alpha0.2_v8.txt,MESSAGE_PASSING,ASTAR_HEURISTIC,CLARKE_WRIGHT,8.5440678,127441989,0.0034618,925623,0.3814043,572372480,614.0,3
69,SLAPRP_Guo_small_O50_alpha0.2_v8.txt,MESSAGE_PASSING,ASTAR_HEURISTIC,CLARKE_WRIGHT_HEURISTIC,8.5440678,127441989,0.0027338,925719,0.0011156,684767,868.0,4
69,SLAPRP_Guo_small_O50_alpha0.2_v8.txt,MESSAGE_PASSING,ASTAR_HEURISTIC,NO_HEURISTIC,8.5440678,127441989,0.0040234,925559,0.0,0,2338.0,51
69,SLAPRP_Guo_small_O50_alpha0.2_v8.txt,MESSAGE_PASSING,GREEDY,CLARKE_WRIGHT,8.5440678,127441989,0.0022626,377735,0.2879344,543126112,502.0,3
69,SLAPRP_Guo_small_O50_alpha0.2_v8.txt,MESSAGE_PASSING,GREEDY,CLARKE_WRIGHT_HEURISTIC,8.5440678,127441989,0.0023066,377943,0.0011486,674847,796.0,5
69,SLAPRP_Guo_small_O50_alpha0.2_v8.txt,MESSAGE_PASSING,GREEDY,NO_HEURISTIC,8.5440678,127441989,0.0021979,377767,0.0,0,2328.0,51
70,SLAPRP_Guo_small_O50_alpha0.2_v9.txt,ALS,ASTAR_HEURISTIC,CLARKE_WRIGHT,8.2298067,119286801,0.0035791,942647,0.368962,652637520,704.0,6
70,SLAPRP_Guo_small_O50_alpha0.2_v9.txt,ALS,ASTAR_HEURISTIC,CLARKE_WRIGHT_HEURISTIC,8.2298067,119286801,0.0030941,942727,0.0013154,816198,858.0,4
70,SLAPRP_Guo_small_O50_alpha0.2_v9.txt,ALS,ASTAR_HEURISTIC,NO_HEURISTIC,8.2298067,119286801,0.004759,942615,0.0,0,2582.0,53
70,SLAPRP_Guo_small_O50_alpha0.2_v9.txt,ALS,GREEDY,CLARKE_WRIGHT,8.2298067,119286801,0.0029506,391447,0.357701,609011152,506.0,4
70,SLAPRP_Guo_small_O50_alpha0.2_v9.txt,ALS,GREEDY,CLARKE_WRIGHT_HEURISTIC,8.2298067,119286801,0.0040486,391815,0.0024355,749526,686.0,5
70,SLAPRP_Guo_small_O50_alpha0.2_v9.txt,ALS,GREEDY,NO_HEURISTIC,8.2298067,119286801,0.0026213,391415,0.0,0,2416.0,53
70,SLAPRP_Guo_small_O50_alpha0.2_v9.txt,ABC,ASTAR_HEURISTIC,CLARKE_WRIGHT,0.3599131,57153561,0.0061621,992519,0.3039377,536016176,430.0,5
70,SLAPRP_Guo_small_O50_alpha0.2_v9.txt,ABC,ASTAR_HEURISTIC,CLARKE_WRIGHT_HEURISTIC,0.3599131,57153561,0.0028281,992631,0.0010155,738518,518.0,4
70,SLAPRP_Guo_small_O50_alpha0.2_v9.txt,ABC,ASTAR_HEURISTIC,NO_HEURISTIC,0.3599131,57153561,0.0027465,992487,0.0,0,1356.0,53
70,SLAPRP_Guo_small_O50_alpha0.2_v9.txt,ABC,GREEDY,CLARKE_WRIGHT,0.3599131,57153561,0.0039281,376135,0.3102569,505926128,336.0,5
70,SLAPRP_Guo_small_O50_alpha0.2_v9.txt,ABC,GREEDY,CLARKE_WRIGHT_HEURISTIC,0.3599131,57153561,0.0041483,376487,0.0012012,724630,422.0,4
70,SLAPRP_Guo_small_O50_alpha0.2_v9.txt,ABC,GREEDY,NO_HEURISTIC,0.3599131,57153561,0.0023285,376087,0.0,0,1314.0,53
70,SLAPRP_Guo_small_O50_alpha0.2_v9.txt,ABC_HEURISTIC,ASTAR_HEURISTIC,CLARKE_WRIGHT,0.3464496,57510409,0.0049778,984183,0.3035335,547794663,472.0,5
70,SLAPRP_Guo_small_O50_alpha0.2_v9.txt,ABC_HEURISTIC,ASTAR_HEURISTIC,CLARKE_WRIGHT_HEURISTIC,0.3464496,57510409,0.0036584,984327,0.0017088,782662,670.0,4
70,SLAPRP_Guo_small_O50_alpha0.2_v9.txt,ABC_HEURISTIC,ASTAR_HEURISTIC,NO_HEURISTIC,0.3464496,57510409,0.002873,984215,0.0,0,1346.0,53
70,SLAPRP_Guo_small_O50_alpha0.2_v9.txt,ABC_HEURISTIC,GREEDY,CLARKE_WRIGHT,0.3464496,57510409,0.0025345,373335,0.3249642,519878448,398.0,4
70,SLAPRP_Guo_small_O50_alpha0.2_v9.txt,ABC_HEURISTIC,GREEDY,CLARKE_WRIGHT_HEURISTIC,0.3464496,57510409,0.0022335,373463,0.0009364,721222,666.0,5
70,SLAPRP_Guo_small_O50_alpha0.2_v9.txt,ABC_HEURISTIC,GREEDY,NO_HEURISTIC,0.3464496,57510409,0.0022994,373367,0.0,0,1326.0,53
70,SLAPRP_Guo_small_O50_alpha0.2_v9.txt,MESSAGE_PASSING,ASTAR_HEURISTIC,CLARKE_WRIGHT,10.6749062,126567166,0.0030997,986583,0.3571814,676205072,670.0,4
70,SLAPRP_Guo_small_O50_alpha0.2_v9.txt,MESSAGE_PASSING,ASTAR_HEURISTIC,CLARKE_WRIGHT_HEURISTIC,10.6749062,126567166,0.003473,986663,0.0013056,802198,960.0,4
70,SLAPRP_Guo_small_O50_alpha0.2_v9.txt,MESSAGE_PASSING,ASTAR_HEURISTIC,NO_HEURISTIC,10.6749062,126567166,0.002757,986551,0.0,0,2350.0,53
70,SLAPRP_Guo_small_O50_alpha0.2_v9.txt,MESSAGE_PASSING,GREEDY,CLARKE_WRIGHT,10.6749062,126567166,0.0042181,387143,0.3529139,606012624,632.0,4
70,SLAPRP_Guo_small_O50_alpha0.2_v9.txt,MESSAGE_PASSING,GREEDY,CLARKE_WRIGHT_HEURISTIC,10.6749062,126567166,0.0027193,387335,0.0013192,764214,808.0,4
70,SLAPRP_Guo_small_O50_alpha0.2_v9.txt,MESSAGE_PASSING,GREEDY,NO_HEURISTIC,10.6749062,126567166,0.002877,387175,0.0,0,2338.0,53
71,SLAPRP_Guo_small_O50_alpha0.3_v1.txt,ALS,ASTAR_HEURISTIC,CLARKE_WRIGHT,10.67822,114622000,0.003789,876343,0.3843577,672589751,498.0,3
71,SLAPRP_Guo_small_O50_alpha0.3_v1.txt,ALS,ASTAR_HEURISTIC,CLARKE_WRIGHT_HEURISTIC,10.67822,114622000,0.0029146,876487,0.001163,776822,696.0,3
71,SLAPRP_Guo_small_O50_alpha0.3_v1.txt,ALS,ASTAR_HEURISTIC,NO_HEURISTIC,10.67822,114622000,0.0024315,876295,0.0,0,2240.0,56
71,SLAPRP_Guo_small_O50_alpha0.3_v1.txt,ALS,GREEDY,CLARKE_WRIGHT,10.67822,114622000,0.0024801,372935,0.347432,634101527,510.0,3
71,SLAPRP_Guo_small_O50_alpha0.3_v1.txt,ALS,GREEDY,CLARKE_WRIGHT_HEURISTIC,10.67822,114622000,0.0038547,373335,0.0018429,731078,706.0,4
71,SLAPRP_Guo_small_O50_alpha0.3_v1.txt,ALS,GREEDY,NO_HEURISTIC,10.67822,114622000,0.0021442,372887,0.0,0,2182.0,56
71,SLAPRP_Guo_small_O50_alpha0.3_v1.txt,ABC,ASTAR_HEURISTIC,CLARKE_WRIGHT,0.3375363,57175536,0.0029438,946071,0.3633871,648115632,404.0,3
71,SLAPRP_Guo_small_O50_alpha0.3_v1.txt,ABC,ASTAR_HEURISTIC,CLARKE_WRIGHT_HEURISTIC,0.3375363,57175536,0.0027249,946167,0.0025051,786710,536.0,3
71,SLAPRP_Guo_small_O50_alpha0.3_v1.txt,ABC,ASTAR_HEURISTIC,NO_HEURISTIC,0.3375363,57175536,0.0041188,946039,0.0,0,1330.0,56
71,SLAPRP_Guo_small_O50_alpha0.3_v1.txt,ABC,GREEDY,CLARKE_WRIGHT,0.3375363,57175536,0.0024516,382631,0.3715834,633995552,318.0,3
71,SLAPRP_Guo_small_O50_alpha0.3_v1.txt,ABC,GREEDY,CLARKE_WRIGHT_HEURISTIC,0.3375363,57175536,0.0030334,383015,0.0013659,741334,406.0,3
71,SLAPRP_Guo_small_O50_alpha0.3_v1.txt,ABC,GREEDY,NO_HEURISTIC,0.3375363,57175536,0.0021475,382631,0.0,0,1292.0,56
71,SLAPRP_Guo_small_O50_alpha0.3_v1.txt,ABC_HEURISTIC,ASTAR_HEURISTIC,CLARKE_WRIGHT,0.3833265,57528857,0.0027406,892535,0.3808644,657764720,384.0,5
71,SLAPRP_Guo_small_O50_alpha0.3_v1.txt,ABC_HEURISTIC,ASTAR_HEURISTIC,CLARKE_WRIGHT_HEURISTIC,0.3833265,57528857,0.0026613,892679,0.0016482,788758,558.0,3
71,SLAPRP_Guo_small_O50_alpha0.3_v1.txt,ABC_HEURISTIC,ASTAR_HEURISTIC,NO_HEURISTIC,0.3833265,57528857,0.0044653,892535,0.0,0,1310.0,56
71,SLAPRP_Guo_small_O50_alpha0.3_v1.txt,ABC_HEURISTIC,GREEDY,CLARKE_WRIGHT,0.3833265,57528857,0.0025492,361127,0.3657278,598435031,322.0,4
71,SLAPRP_Guo_small_O50_alpha0.3_v1.txt,ABC_HEURISTIC,GREEDY,CLARKE_WRIGHT_HEURISTIC,0.3833265,57528857,0.0046484,361255,0.0025192,670790,490.0,4
71,SLAPRP_Guo_small_O50_alpha0.3_v1.txt,ABC_HEURISTIC,GREEDY,NO_HEURISTIC,0.3833265,57528857,0.0023063,361127,0.0,0,1356.0,56
71,SLAPRP_Guo_small_O50_alpha0.3_v1.txt,MESSAGE_PASSING,ASTAR_HEURISTIC,CLARKE_WRIGHT,10.6095088,121580260,0.0035255,859735,0.3564024,694526183,530.0,3
71,SLAPRP_Guo_small_O50_alpha0.3_v1.txt,MESSAGE_PASSING,ASTAR_HEURISTIC,CLARKE_WRIGHT_HEURISTIC,10.6095088,121580260,0.0035,859879,0.0017494,779878,846.0,4
71,SLAPRP_Guo_small_O50_alpha0.3_v1.txt,MESSAGE_PASSING,ASTAR_HEURISTIC,NO_HEURISTIC,10.6095088,121580260,0.0031547,859735,0.0,0,2234.0,56
71,SLAPRP_Guo_small_O50_alpha0.3_v1.txt,MESSAGE_PASSING,GREEDY,CLARKE_WRIGHT,10.6095088,121580260,0.0027639,368471,0.3725974,641033527,486.0,3
71,SLAPRP_Guo_small_O50_alpha0.3_v1.txt,MESSAGE_PASSING,GREEDY,CLARKE_WRIGHT_HEURISTIC,10.6095088,121580260,0.0049404,368679,0.0011727,713110,718.0,5
71,SLAPRP_Guo_small_O50_alpha0.3_v1.txt,MESSAGE_PASSING,GREEDY,NO_HEURISTIC,10.6095088,121580260,0.002617,368455,0.0,0,2146.0,56
72,SLAPRP_Guo_small_O50_alpha0.3_v10.txt,ALS,ASTAR_HEURISTIC,CLARKE_WRIGHT,7.1735813,121097512,0.0071696,980935,0.3864342,540115607,554.0,3
72,SLAPRP_Guo_small_O50_alpha0.3_v10.txt,ALS,ASTAR_HEURISTIC,CLARKE_WRIGHT_HEURISTIC,7.1735813,121097512,0.0034871,981047,0.0016102,645423,666.0,4
72,SLAPRP_Guo_small_O50_alpha0.3_v10.txt,ALS,ASTAR_HEURISTIC,NO_HEURISTIC,7.1735813,121097512,0.0034026,980903,0.0,0,2096.0,50
72,SLAPRP_Guo_small_O50_alpha0.3_v10.txt,ALS,GREEDY,CLARKE_WRIGHT,7.1735813,121097512,0.0041882,367863,0.7415821,522441776,568.0,3
72,SLAPRP_Guo_small_O50_alpha0.3_v10.txt,ALS,GREEDY,CLARKE_WRIGHT_HEURISTIC,7.1735813,121097512,0.003614,368263,0.0016413,685167,672.0,3
72,SLAPRP_Guo_small_O50_alpha0.3_v10.txt,ALS,GREEDY,NO_HEURISTIC,7.1735813,121097512,0.0050299,367863,0.0,0,2152.0,50
72,SLAPRP_Guo_small_O50_alpha0.3_v10.txt,ABC,ASTAR_HEURISTIC,CLARKE_WRIGHT,0.4497214,57286073,0.0075508,1033495,0.3406399,486164048,392.0,3
72,SLAPRP_Guo_small_O50_alpha0.3_v10.txt,ABC,ASTAR_HEURISTIC,CLARKE_WRIGHT_HEURISTIC,0.4497214,57286073,0.0062607,1033607,0.0016609,618031,520.0,5
72,SLAPRP_Guo_small_O50_alpha0.3_v10.txt,ABC,ASTAR_HEURISTIC,NO_HEURISTIC,0.4497214,57286073,0.0031993,1033447,0.0,0,1240.0,50
72,SLAPRP_Guo_small_O50_alpha0.3_v10.txt,ABC,GREEDY,CLARKE_WRIGHT,0.4497214,57286073,0.0026842,366775,0.3991196,446512327,278.0,3
72,SLAPRP_Guo_small_O50_alpha0.3_v10.txt,ABC,GREEDY,CLARKE_WRIGHT_HEURISTIC,0.4497214,57286073,0.0037178,367175,0.0016564,614191,376.0,4
72,SLAPRP_Guo_small_O50_alpha0.3_v10.txt,ABC,GREEDY,NO_HEURISTIC,0.4497214,57286073,0.0024224,366759,0.0,0,1246.0,50
72,SLAPRP_Guo_small_O50_alpha0.3_v10.txt,ABC_HEURISTIC,ASTAR_HEURISTIC,CLARKE_WRIGHT,0.4562082,58368201,0.0033987,974855,0.3697018,507735255,424.0,4
72,SLAPRP_Guo_small_O50_alpha0.3_v10.txt,ABC_HEURISTIC,ASTAR_HEURISTIC,CLARKE_WRIGHT_HEURISTIC,0.4562082,58368201,0.0059028,974999,0.0021573,655311,630.0,5
72,SLAPRP_Guo_small_O50_alpha0.3_v10.txt,ABC_HEURISTIC,ASTAR_HEURISTIC,NO_HEURISTIC,0.4562082,58368201,0.0042984,974855,0.0,0,1314.0,50
72,SLAPRP_Guo_small_O50_alpha0.3_v10.txt,ABC_HEURISTIC,GREEDY,CLARKE_WRIGHT,0.4562082,58368201,0.0030121,359895,0.3116292,450596503,346.0,3
72,SLAPRP_Guo_small_O50_alpha0.3_v10.txt,ABC_HEURISTIC,GREEDY,CLARKE_WRIGHT_HEURISTIC,0.4562082,58368201,0.0022871,360039,0.0009823,594911,480.0,4
72,SLAPRP_Guo_small_O50_alpha0.3_v10.txt,ABC_HEURISTIC,GREEDY,NO_HEURISTIC,0.4562082,58368201,0.0026923,359911,0.0,0,1178.0,50
72,SLAPRP_Guo_small_O50_alpha0.3_v10.txt,MESSAGE_PASSING,ASTAR_HEURISTIC,CLARKE_WRIGHT,12.8379989,128730140,0.0032396,1009991,0.9792826,576834343,558.0,3
72,SLAPRP_Guo_small_O50_alpha0.3_v10.txt,MESSAGE_PASSING,ASTAR_HEURISTIC,CLARKE_WRIGHT_HEURISTIC,12.8379989,128730140,0.0040458,1010071,0.0012774,713727,788.0,4
72,SLAPRP_Guo_small_O50_alpha0.3_v10.txt,MESSAGE_PASSING,ASTAR_HEURISTIC,NO_HEURISTIC,12.8379989,128730140,0.0039347,1009927,0.0,0,2298.0,50
72,SLAPRP_Guo_small_O50_alpha0.3_v10.txt,MESSAGE_PASSING,GREEDY,CLARKE_WRIGHT,12.8379989,128730140,0.0024776,378391,0.3181147,547238464,504.0,3
72,SLAPRP_Guo_small_O50_alpha0.3_v10.txt,MESSAGE_PASSING,GREEDY,CLARKE_WRIGHT_HEURISTIC,12.8379989,128730140,0.0023765,378567,0.0010246,687391,758.0,4
72,SLAPRP_Guo_small_O50_alpha0.3_v10.txt,MESSAGE_PASSING,GREEDY,NO_HEURISTIC,12.8379989,128730140,0.0027433,378375,0.0,0,2290.0,50
73,SLAPRP_Guo_small_O50_alpha0.3_v2.txt,ALS,ASTAR_HEURISTIC,CLARKE_WRIGHT,7.4710777,100929683,0.0054415,836855,0.2938464,525796439,448.0,3
73,SLAPRP_Guo_small_O50_alpha0.3_v2.txt,ALS,ASTAR_HEURISTIC,CLARKE_WRIGHT_HEURISTIC,7.4710777,100929683,0.0026365,836999,0.0009117,668527,726.0,4
73,SLAPRP_Guo_small_O50_alpha0.3_v2.txt,ALS,ASTAR_HEURISTIC,NO_HEURISTIC,7.4710777,100929683,0.0029824,836855,0.0,0,2146.0,51
73,SLAPRP_Guo_small_O50_alpha0.3_v2.txt,ALS,GREEDY,CLARKE_WRIGHT,7.4710777,100929683,0.0025333,351383,0.2845216,510956903,530.0,3
73,SLAPRP_Guo_small_O50_alpha0.3_v2.txt,ALS,GREEDY,CLARKE_WRIGHT_HEURISTIC,7.4710777,100929683,0.0024858,351767,0.001498,715935,802.0,4
73,SLAPRP_Guo_small_O50_alpha0.3_v2.txt,ALS,GREEDY,NO_HEURISTIC,7.4710777,100929683,0.0022985,351367,0.0,0,2186.0,51
73,SLAPRP_Guo_small_O50_alpha0.3_v2.txt,ABC,ASTAR_HEURISTIC,CLARKE_WRIGHT,0.416922,57205641,0.0037193,897959,0.2951796,481217511,378.0,4
73,SLAPRP_Guo_small_O50_alpha0.3_v2.txt,ABC,ASTAR_HEURISTIC,CLARKE_WRIGHT_HEURISTIC,0.416922,57205641,0.0029751,898023,0.00138,663135,504.0,4
73,SLAPRP_Guo_small_O50_alpha0.3_v2.txt,ABC,ASTAR_HEURISTIC,NO_HEURISTIC,0.416922,57205641,0.0026732,897927,0.0,0,1230.0,51
73,SLAPRP_Guo_small_O50_alpha0.3_v2.txt,ABC,GREEDY,CLARKE_WRIGHT,0.416922,57205641,0.0028656,357415,0.2925128,461554919,302.0,3
73,SLAPRP_Guo_small_O50_alpha0.3_v2.txt,ABC,GREEDY,CLARKE_WRIGHT_HEURISTIC,0.416922,57205641,0.0023796,357799,0.0011138,615039,406.0,4
73,SLAPRP_Guo_small_O50_alpha0.3_v2.txt,ABC,GREEDY,NO_HEURISTIC,0.416922,57205641,0.005035,357447,0.0,0,1158.0,51
73,SLAPRP_Guo_small_O50_alpha0.3_v2.txt,ABC_HEURISTIC,ASTAR_HEURISTIC,CLARKE_WRIGHT,0.4184877,58292930,0.0068706,884439,0.2994342,479606288,372.0,3
73,SLAPRP_Guo_small_O50_alpha0.3_v2.txt,ABC_HEURISTIC,ASTAR_HEURISTIC,CLARKE_WRIGHT_HEURISTIC,0.4184877,58292930,0.0041914,884583,0.0018074,651839,566.0,3
73,SLAPRP_Guo_small_O50_alpha0.3_v2.txt,ABC_HEURISTIC,ASTAR_HEURISTIC,NO_HEURISTIC,0.4184877,58292930,0.0027045,884407,0.0,0,1212.0,51
73,SLAPRP_Guo_small_O50_alpha0.3_v2.txt,ABC_HEURISTIC,GREEDY,CLARKE_WRIGHT,0.4184877,58292930,0.0050404,360055,0.3423194,482889335,382.0,4
73,SLAPRP_Guo_small_O50_alpha0.3_v2.txt,ABC_HEURISTIC,GREEDY,CLARKE_WRIGHT_HEURISTIC,0.4184877,58292930,0.0025724,360183,0.001169,629327,456.0,3
73,SLAPRP_Guo_small_O50_alpha0.3_v2.txt,ABC_HEURISTIC,GREEDY,NO_HEURISTIC,0.4184877,58292930,0.0027336,360023,0.0,0,1218.0,51
73,SLAPRP_Guo_small_O50_alpha0.3_v2.txt,MESSAGE_PASSING,ASTAR_HEURISTIC,CLARKE_WRIGHT,11.2619782,108217321,0.0055914,838423,0.3840458,552478768,552.0,3
73,SLAPRP_Guo_small_O50_alpha0.3_v2.txt,MESSAGE_PASSING,ASTAR_HEURISTIC,CLARKE_WRIGHT_HEURISTIC,11.2619782,108217321,0.0034693,838551,0.00106,667231,844.0,4
73,SLAPRP_Guo_small_O50_alpha0.3_v2.txt,MESSAGE_PASSING,ASTAR_HEURISTIC,NO_HEURISTIC,11.2619782,108217321,0.0047618,838391,0.0,0,2204.0,51
73,SLAPRP_Guo_small_O50_alpha0.3_v2.txt,MESSAGE_PASSING,GREEDY,CLARKE_WRIGHT,11.2619782,108217321,0.0058841,363015,0.3123832,543025904,594.0,3
73,SLAPRP_Guo_small_O50_alpha0.3_v2.txt,MESSAGE_PASSING,GREEDY,CLARKE_WRIGHT_HEURISTIC,11.2619782,108217321,0.0046191,363223,0.0014013,675343,820.0,4
73,SLAPRP_Guo_small_O50_alpha0.3_v2.txt,MESSAGE_PASSING,GREEDY,NO_HEURISTIC,11.2619782,108217321,0.0041705,363015,0.0,0,2254.0,51
74,SLAPRP_Guo_small_O50_alpha0.3_v3.txt,ALS,ASTAR_HEURISTIC,CLARKE_WRIGHT,6.5942986,121469206,0.0031996,1141911,0.4513251,758395671,614.0,4
74,SLAPRP_Guo_small_O50_alpha0.3_v3.txt,ALS,ASTAR_HEURISTIC,CLARKE_WRIGHT_HEURISTIC,6.5942986,121469206,0.0033494,1141991,0.0017209,834822,910.0,4
74,SLAPRP_Guo_small_O50_alpha0.3_v3.txt,ALS,ASTAR_HEURISTIC,NO_HEURISTIC,6.5942986,121469206,0.0028842,1141847,0.0,0,2658.0,54
74,SLAPRP_Guo_small_O50_alpha0.3_v3.txt,ALS,GREEDY,CLARKE_WRIGHT,6.5942986,121469206,0.0038603,422903,0.4210386,687080496,632.0,4
74,SLAPRP_Guo_small_O50_alpha0.3_v3.txt,ALS,GREEDY,CLARKE_WRIGHT_HEURISTIC,6.5942986,121469206,0.0040467,423287,0.0015288,793782,714.0,4
74,SLAPRP_Guo_small_O50_alpha0.3_v3.txt,ALS,GREEDY,NO_HEURISTIC,6.5942986,121469206,0.0029024,422919,0.0,0,2560.0,54
74,SLAPRP_Guo_small_O50_alpha0.3_v3.txt,ABC,ASTAR_HEURISTIC,CLARKE_WRIGHT,0.5419235,57530921,0.0050149,1177047,0.5268534,601848119,456.0,4
74,SLAPRP_Guo_small_O50_alpha0.3_v3.txt,ABC,ASTAR_HEURISTIC,CLARKE_WRIGHT_HEURISTIC,0.5419235,57530921,0.0054976,1177159,0.0026401,836998,626.0,4
74,SLAPRP_Guo_small_O50_alpha0.3_v3.txt,ABC,ASTAR_HEURISTIC,NO_HEURISTIC,0.5419235,57530921,0.0043501,1177047,0.0,0,1494.0,54
74,SLAPRP_Guo_small_O50_alpha0.3_v3.txt,ABC,GREEDY,CLARKE_WRIGHT,0.5419235,57530921,0.0040744,403847,0.523548,582354295,344.0,4
74,SLAPRP_Guo_small_O50_alpha0.3_v3.txt,ABC,GREEDY,CLARKE_WRIGHT_HEURISTIC,0.5419235,57530921,0.0037402,404199,0.0021959,740854,436.0,4
74,SLAPRP_Guo_small_O50_alpha0.3_v3.txt,ABC,GREEDY,NO_HEURISTIC,0.5419235,57530921,0.0042474,403799,0.0,0,1426.0,54
74,SLAPRP_Guo_small_O50_alpha0.3_v3.txt,ABC_HEURISTIC,ASTAR_HEURISTIC,CLARKE_WRIGHT,0.4453798,57887529,0.0065289,1183751,0.5038924,652217200,572.0,4
74,SLAPRP_Guo_small_O50_alpha0.3_v3.txt,ABC_HEURISTIC,ASTAR_HEURISTIC,CLARKE_WRIGHT_HEURISTIC,0.4453798,57887529,0.0048852,1183895,0.0014265,843254,790.0,5
74,SLAPRP_Guo_small_O50_alpha0.3_v3.txt,ABC_HEURISTIC,ASTAR_HEURISTIC,NO_HEURISTIC,0.4453798,57887529,0.0038314,1183703,0.0,0,1540.0,54
74,SLAPRP_Guo_small_O50_alpha0.3_v3.txt,ABC_HEURISTIC,GREEDY,CLARKE_WRIGHT,0.4453798,57887529,0.0030045,422631,0.4197726,620598711,482.0,4
74,SLAPRP_Guo_small_O50_alpha0.3_v3.txt,ABC_HEURISTIC,GREEDY,CLARKE_WRIGHT_HEURISTIC,0.4453798,57887529,0.0037514,422759,0.0022874,782630,658.0,5
74,SLAPRP_Guo_small_O50_alpha0.3_v3.txt,ABC_HEURISTIC,GREEDY,NO_HEURISTIC,0.4453798,57887529,0.0029959,422583,0.0,0,1614.0,54
74,SLAPRP_Guo_small_O50_alpha0.3_v3.txt,MESSAGE_PASSING,ASTAR_HEURISTIC,CLARKE_WRIGHT,7.4666263,129088746,0.0063742,1170695,0.4372168,750627863,636.0,4
74,SLAPRP_Guo_small_O50_alpha0.3_v3.txt,MESSAGE_PASSING,ASTAR_HEURISTIC,CLARKE_WRIGHT_HEURISTIC,7.4666263,129088746,0.0032094,1170759,0.001439,842326,900.0,4
74,SLAPRP_Guo_small_O50_alpha0.3_v3.txt,MESSAGE_PASSING,ASTAR_HEURISTIC,NO_HEURISTIC,7.4666263,129088746,0.0038175,1170631,0.0,0,2348.0,54
74,SLAPRP_Guo_small_O50_alpha0.3_v3.txt,MESSAGE_PASSING,GREEDY,CLARKE_WRIGHT,7.4666263,129088746,0.0028245,406055,0.3716264,683333696,570.0,4
74,SLAPRP_Guo_small_O50_alpha0.3_v3.txt,MESSAGE_PASSING,GREEDY,CLARKE_WRIGHT_HEURISTIC,7.4666263,129088746,0.0024002,406199,0.0010184,787670,718.0,5
74,SLAPRP_Guo_small_O50_alpha0.3_v3.txt,MESSAGE_PASSING,GREEDY,NO_HEURISTIC,7.4666263,129088746,0.0034654,406039,0.0,0,2284.0,54
75,SLAPRP_Guo_small_O50_alpha0.3_v4.txt,ALS,ASTAR_HEURISTIC,CLARKE_WRIGHT,7.2521029,120878125,0.0046751,1003239,0.4203303,738006688,622.0,5
75,SLAPRP_Guo_small_O50_alpha0.3_v4.txt,ALS,ASTAR_HEURISTIC,CLARKE_WRIGHT_HEURISTIC,7.2521029,120878125,0.0032059,1003351,0.0013275,855526,940.0,5
75,SLAPRP_Guo_small_O50_alpha0.3_v4.txt,ALS,ASTAR_HEURISTIC,NO_HEURISTIC,7.2521029,120878125,0.0028199,1003239,0.0,0,2520.0,55
75,SLAPRP_Guo_small_O50_alpha0.3_v4.txt,ALS,GREEDY,CLARKE_WRIGHT,7.2521029,120878125,0.0037367,397463,0.4510887,721070384,660.0,4
75,SLAPRP_Guo_small_O50_alpha0.3_v4.txt,ALS,GREEDY,CLARKE_WRIGHT_HEURISTIC,7.2521029,120878125,0.0035035,397863,0.002899,805238,828.0,5
75,SLAPRP_Guo_small_O50_alpha0.3_v4.txt,ALS,GREEDY,NO_HEURISTIC,7.2521029,120878125,0.0046121,397447,0.0,0,2432.0,55
75,SLAPRP_Guo_small_O50_alpha0.3_v4.txt,ABC,ASTAR_HEURISTIC,CLARKE_WRIGHT,0.4125783,56598777,0.0047297,959431,0.4388895,685248407,562.0,4
75,SLAPRP_Guo_small_O50_alpha0.3_v4.txt,ABC,ASTAR_HEURISTIC,CLARKE_WRIGHT_HEURISTIC,0.4125783,56598777,0.0037198,959543,0.0011553,835238,720.0,4
75,SLAPRP_Guo_small_O50_alpha0.3_v4.txt,ABC,ASTAR_HEURISTIC,NO_HEURISTIC,0.4125783,56598777,0.0029533,959415,0.0,0,1576.0,55
75,SLAPRP_Guo_small_O50_alpha0.3_v4.txt,ABC,GREEDY,CLARKE_WRIGHT,0.4125783,56598777,0.0031757,389559,0.4495635,614485776,382.0,5
75,SLAPRP_Guo_small_O50_alpha0.3_v4.txt,ABC,GREEDY,CLARKE_WRIGHT_HEURISTIC,0.4125783,56598777,0.004469,389911,0.0017199,759526,490.0,4
75,SLAPRP_Guo_small_O50_alpha0.3_v4.txt,ABC,GREEDY,NO_HEURISTIC,0.4125783,56598777,0.0029482,389527,0.0,0,1504.0,55
75,SLAPRP_Guo_small_O50_alpha0.3_v4.txt,ABC_HEURISTIC,ASTAR_HEURISTIC,CLARKE_WRIGHT,0.4544587,57313554,0.0047187,946919,0.4585828,721869936,574.0,4
75,SLAPRP_Guo_small_O50_alpha0.3_v4.txt,ABC_HEURISTIC,ASTAR_HEURISTIC,CLARKE_WRIGHT_HEURISTIC,0.4544587,57313554,0.0041047,947063,0.0014027,798390,794.0,5
75,SLAPRP_Guo_small_O50_alpha0.3_v4.txt,ABC_HEURISTIC,ASTAR_HEURISTIC,NO_HEURISTIC,0.4544587,57313554,0.0037276,946935,0.0,0,1670.0,55
75,SLAPRP_Guo_small_O50_alpha0.3_v4.txt,ABC_HEURISTIC,GREEDY,CLARKE_WRIGHT,0.4544587,57313554,0.0042464,398999,0.4134105,655894640,460.0,5
75,SLAPRP_Guo_small_O50_alpha0.3_v4.txt,ABC_HEURISTIC,GREEDY,CLARKE_WRIGHT_HEURISTIC,0.4544587,57313554,0.0040511,399127,0.0017735,804118,752.0,6
75,SLAPRP_Guo_small_O50_alpha0.3_v4.txt,ABC_HEURISTIC,GREEDY,NO_HEURISTIC,0.4544587,57313554,0.0042446,399015,0.0,0,1542.0,55
75,SLAPRP_Guo_small_O50_alpha0.3_v4.txt,MESSAGE_PASSING,ASTAR_HEURISTIC,CLARKE_WRIGHT,10.3815965,127506682,0.002865,896727,0.5444747,713793088,640.0,4
75,SLAPRP_Guo_small_O50_alpha0.3_v4.txt,MESSAGE_PASSING,ASTAR_HEURISTIC,CLARKE_WRIGHT_HEURISTIC,10.3815965,127506682,0.0061899,896823,0.0024771,824198,980.0,5
75,SLAPRP_Guo_small_O50_alpha0.3_v4.txt,MESSAGE_PASSING,ASTAR_HEURISTIC,NO_HEURISTIC,10.3815965,127506682,0.0047859,896711,0.0,0,2648.0,55
75,SLAPRP_Guo_small_O50_alpha0.3_v4.txt,MESSAGE_PASSING,GREEDY,CLARKE_WRIGHT,10.3815965,127506682,0.0027113,389975,0.3923734,712156880,650.0,4
75,SLAPRP_Guo_small_O50_alpha0.3_v4.txt,MESSAGE_PASSING,GREEDY,CLARKE_WRIGHT_HEURISTIC,10.3815965,127506682,0.0031399,390183,0.0015035,791958,888.0,4
75,SLAPRP_Guo_small_O50_alpha0.3_v4.txt,MESSAGE_PASSING,GREEDY,NO_HEURISTIC,10.3815965,127506682,0.0025604,389991,0.0,0,2554.0,55
76,SLAPRP_Guo_small_O50_alpha0.3_v5.txt,ALS,ASTAR_HEURISTIC,CLARKE_WRIGHT,7.3762031,119778705,0.004234,772007,0.3130092,500893175,462.0,3
76,SLAPRP_Guo_small_O50_alpha0.3_v5.txt,ALS,ASTAR_HEURISTIC,CLARKE_WRIGHT_HEURISTIC,7.3762031,119778705,0.0033797,772087,0.0019577,632287,720.0,4
76,SLAPRP_Guo_small_O50_alpha0.3_v5.txt,ALS,ASTAR_HEURISTIC,NO_HEURISTIC,7.3762031,119778705,0.004396,771975,0.0,0,2102.0,50
76,SLAPRP_Guo_small_O50_alpha0.3_v5.txt,ALS,GREEDY,CLARKE_WRIGHT,7.3762031,119778705,0.0021749,343335,0.2888029,477568752,424.0,3
76,SLAPRP_Guo_small_O50_alpha0.3_v5.txt,ALS,GREEDY,CLARKE_WRIGHT_HEURISTIC,7.3762031,119778705,0.0025609,343719,0.0009283,637631,692.0,3
76,SLAPRP_Guo_small_O50_alpha0.3_v5.txt,ALS,GREEDY,NO_HEURISTIC,7.3762031,119778705,0.0022673,343335,0.0,0,2110.0,50
76,SLAPRP_Guo_small_O50_alpha0.3_v5.txt,ABC,ASTAR_HEURISTIC,CLARKE_WRIGHT,0.3761642,57325417,0.0034816,810727,0.303057,458784592,398.0,3
76,SLAPRP_Guo_small_O50_alpha0.3_v5.txt,ABC,ASTAR_HEURISTIC,CLARKE_WRIGHT_HEURISTIC,0.3761642,57325417,0.0030956,810839,0.002917,635407,548.0,4
76,SLAPRP_Guo_small_O50_alpha0.3_v5.txt,ABC,ASTAR_HEURISTIC,NO_HEURISTIC,0.3761642,57325417,0.0028416,810695,0.0,0,1240.0,50
76,SLAPRP_Guo_small_O50_alpha0.3_v5.txt,ABC,GREEDY,CLARKE_WRIGHT,0.3761642,57325417,0.0023561,341703,0.2962587,435347591,298.0,3
76,SLAPRP_Guo_small_O50_alpha0.3_v5.txt,ABC,GREEDY,CLARKE_WRIGHT_HEURISTIC,0.3761642,57325417,0.0032484,342087,0.0013711,611135,402.0,3
76,SLAPRP_Guo_small_O50_alpha0.3_v5.txt,ABC,GREEDY,NO_HEURISTIC,0.3761642,57325417,0.0032039,341687,0.0,0,1194.0,50
76,SLAPRP_Guo_small_O50_alpha0.3_v5.txt,ABC_HEURISTIC,ASTAR_HEURISTIC,CLARKE_WRIGHT,0.4343478,58046729,0.0039435,790983,0.3025881,459166407,436.0,4
76,SLAPRP_Guo_small_O50_alpha0.3_v5.txt,ABC_HEURISTIC,ASTAR_HEURISTIC,CLARKE_WRIGHT_HEURISTIC,0.4343478,58046729,0.0044136,791127,0.0013567,657727,518.0,3
76,SLAPRP_Guo_small_O50_alpha0.3_v5.txt,ABC_HEURISTIC,ASTAR_HEURISTIC,NO_HEURISTIC,0.4343478,58046729,0.002624,790967,0.0,0,1274.0,50
76,SLAPRP_Guo_small_O50_alpha0.3_v5.txt,ABC_HEURISTIC,GREEDY,CLARKE_WRIGHT,0.4343478,58046729,0.0025448,338487,0.3263566,430718759,408.0,4
76,SLAPRP_Guo_small_O50_alpha0.3_v5.txt,ABC_HEURISTIC,GREEDY,CLARKE_WRIGHT_HEURISTIC,0.4343478,58046729,0.0040798,338631,0.0015717,639087,562.0,3
76,SLAPRP_Guo_small_O50_alpha0.3_v5.txt,ABC_HEURISTIC,GREEDY,NO_HEURISTIC,0.4343478,58046729,0.0036273,338487,0.0,0,1300.0,50
76,SLAPRP_Guo_small_O50_alpha0.3_v5.txt,MESSAGE_PASSING,ASTAR_HEURISTIC,CLARKE_WRIGHT,8.6283015,126735998,0.0058305,752887,0.348375,521305808,586.0,3
76,SLAPRP_Guo_small_O50_alpha0.3_v5.txt,MESSAGE_PASSING,ASTAR_HEURISTIC,CLARKE_WRIGHT_HEURISTIC,8.6283015,126735998,0.0044062,752951,0.0011977,672111,586.0,3
76,SLAPRP_Guo_small_O50_alpha0.3_v5.txt,MESSAGE_PASSING,ASTAR_HEURISTIC,NO_HEURISTIC,8.6283015,126735998,0.0042279,752839,0.0,0,1974.0,50
76,SLAPRP_Guo_small_O50_alpha0.3_v5.txt,MESSAGE_PASSING,GREEDY,CLARKE_WRIGHT,8.6283015,126735998,0.003205,335207,0.2991581,540274448,480.0,3
76,SLAPRP_Guo_small_O50_alpha0.3_v5.txt,MESSAGE_PASSING,GREEDY,CLARKE_WRIGHT_HEURISTIC,8.6283015,126735998,0.0024204,335431,0.0009978,681263,618.0,3
76,SLAPRP_Guo_small_O50_alpha0.3_v5.txt,MESSAGE_PASSING,GREEDY,NO_HEURISTIC,8.6283015,126735998,0.0024621,335223,0.0,0,2038.0,50
77,SLAPRP_Guo_small_O50_alpha0.3_v6.txt,ALS,ASTAR_HEURISTIC,CLARKE_WRIGHT,10.528689,123230505,0.005937,1005191,1.0795811,807309207,700.0,4
77,SLAPRP_Guo_small_O50_alpha0.3_v6.txt,ALS,ASTAR_HEURISTIC,CLARKE_WRIGHT_HEURISTIC,10.528689,123230505,0.002955,1005335,0.0013759,846838,976.0,4
77,SLAPRP_Guo_small_O50_alpha0.3_v6.txt,ALS,ASTAR_HEURISTIC,NO_HEURISTIC,10.528689,123230505,0.0032569,1005191,0.0,0,2686.0,56
77,SLAPRP_Guo_small_O50_alpha0.3_v6.txt,ALS,GREEDY,CLARKE_WRIGHT,10.528689,123230505,0.0037853,407703,0.5041531,753424128,598.0,4
77,SLAPRP_Guo_small_O50_alpha0.3_v6.txt,ALS,GREEDY,CLARKE_WRIGHT_HEURISTIC,10.528689,123230505,0.002777,408119,0.0015246,822150,902.0,5
77,SLAPRP_Guo_small_O50_alpha0.3_v6.txt,ALS,GREEDY,NO_HEURISTIC,10.528689,123230505,0.0045431,407719,0.0,0,2644.0,56
77,SLAPRP_Guo_small_O50_alpha0.3_v6.txt,ABC,ASTAR_HEURISTIC,CLARKE_WRIGHT,0.3846814,57132928,0.0055929,1063479,0.4581209,675728384,526.0,6
77,SLAPRP_Guo_small_O50_alpha0.3_v6.txt,ABC,ASTAR_HEURISTIC,CLARKE_WRIGHT_HEURISTIC,0.3846814,57132928,0.0041678,1063543,0.0019857,825798,656.0,4
77,SLAPRP_Guo_small_O50_alpha0.3_v6.txt,ABC,ASTAR_HEURISTIC,NO_HEURISTIC,0.3846814,57132928,0.0044147,1063447,0.0,0,1444.0,56
77,SLAPRP_Guo_small_O50_alpha0.3_v6.txt,ABC,GREEDY,CLARKE_WRIGHT,0.3846814,57132928,0.0058241,405031,0.4528078,634741744,316.0,4
77,SLAPRP_Guo_small_O50_alpha0.3_v6.txt,ABC,GREEDY,CLARKE_WRIGHT_HEURISTIC,0.3846814,57132928,0.0038236,405415,0.0013736,766950,428.0,4
77,SLAPRP_Guo_small_O50_alpha0.3_v6.txt,ABC,GREEDY,NO_HEURISTIC,0.3846814,57132928,0.0028371,405063,0.0,0,1332.0,56
77,SLAPRP_Guo_small_O50_alpha0.3_v6.txt,ABC_HEURISTIC,ASTAR_HEURISTIC,CLARKE_WRIGHT,0.4140754,57483737,0.0035584,1024087,0.4376114,661074679,510.0,4
77,SLAPRP_Guo_small_O50_alpha0.3_v6.txt,ABC_HEURISTIC,ASTAR_HEURISTIC,CLARKE_WRIGHT_HEURISTIC,0.4140754,57483737,0.0032669,1024231,0.0016379,856214,748.0,4
77,SLAPRP_Guo_small_O50_alpha0.3_v6.txt,ABC_HEURISTIC,ASTAR_HEURISTIC,NO_HEURISTIC,0.4140754,57483737,0.0031001,1024087,0.0,0,1482.0,56
77,SLAPRP_Guo_small_O50_alpha0.3_v6.txt,ABC_HEURISTIC,GREEDY,CLARKE_WRIGHT,0.4140754,57483737,0.002734,397479,0.4308167,620223895,426.0,5
77,SLAPRP_Guo_small_O50_alpha0.3_v6.txt,ABC_HEURISTIC,GREEDY,CLARKE_WRIGHT_HEURISTIC,0.4140754,57483737,0.0035606,397607,0.0041908,732518,716.0,6
77,SLAPRP_Guo_small_O50_alpha0.3_v6.txt,ABC_HEURISTIC,GREEDY,NO_HEURISTIC,0.4140754,57483737,0.0024543,397479,0.0,0,1558.0,56
77,SLAPRP_Guo_small_O50_alpha0.3_v6.txt,MESSAGE_PASSING,ASTAR_HEURISTIC,CLARKE_WRIGHT,8.9116053,130506390,0.0057819,1044759,0.4349093,772159344,684.0,4
77,SLAPRP_Guo_small_O50_alpha0.3_v6.txt,MESSAGE_PASSING,ASTAR_HEURISTIC,CLARKE_WRIGHT_HEURISTIC,8.9116053,130506390,0.0044463,1044887,0.0026796,862934,1008.0,4
77,SLAPRP_Guo_small_O50_alpha0.3_v6.txt,MESSAGE_PASSING,ASTAR_HEURISTIC,NO_HEURISTIC,8.9116053,130506390,0.0030107,1044727,0.0,0,2626.0,56
77,SLAPRP_Guo_small_O50_alpha0.3_v6.txt,MESSAGE_PASSING,GREEDY,CLARKE_WRIGHT,8.9116053,130506390,0.002617,413559,0.4643595,787907344,644.0,4
77,SLAPRP_Guo_small_O50_alpha0.3_v6.txt,MESSAGE_PASSING,GREEDY,CLARKE_WRIGHT_HEURISTIC,8.9116053,130506390,0.0024515,413703,0.0012049,835558,814.0,4
77,SLAPRP_Guo_small_O50_alpha0.3_v6.txt,MESSAGE_PASSING,GREEDY,NO_HEURISTIC,8.9116053,130506390,0.0026167,413527,0.0,0,2508.0,56
78,SLAPRP_Guo_small_O50_alpha0.3_v7.txt,ALS,ASTAR_HEURISTIC,CLARKE_WRIGHT,6.9126285,119732401,0.0053375,947815,0.4231024,727181031,746.0,4
78,SLAPRP_Guo_small_O50_alpha0.3_v7.txt,ALS,ASTAR_HEURISTIC,CLARKE_WRIGHT_HEURISTIC,6.9126285,119732401,0.0040986,947927,0.0013564,829126,1042.0,4
78,SLAPRP_Guo_small_O50_alpha0.3_v7.txt,ALS,ASTAR_HEURISTIC,NO_HEURISTIC,6.9126285,119732401,0.0048222,947783,0.0,0,2630.0,54
78,SLAPRP_Guo_small_O50_alpha0.3_v7.txt,ALS,GREEDY,CLARKE_WRIGHT,6.9126285,119732401,0.0039827,392423,0.4072676,672552944,644.0,4
78,SLAPRP_Guo_small_O50_alpha0.3_v7.txt,ALS,GREEDY,CLARKE_WRIGHT_HEURISTIC,6.9126285,119732401,0.0443788,392807,0.0013116,788214,894.0,5
78,SLAPRP_Guo_small_O50_alpha0.3_v7.txt,ALS,GREEDY,NO_HEURISTIC,6.9126285,119732401,0.0027731,392407,0.0,0,2450.0,54
78,SLAPRP_Guo_small_O50_alpha0.3_v7.txt,ABC,ASTAR_HEURISTIC,CLARKE_WRIGHT,0.3815476,56951792,0.0036899,1007383,0.3537377,628430304,440.0,4
78,SLAPRP_Guo_small_O50_alpha0.3_v7.txt,ABC,ASTAR_HEURISTIC,CLARKE_WRIGHT_HEURISTIC,0.3815476,56951792,0.0037421,1007495,0.0012581,769494,650.0,5
78,SLAPRP_Guo_small_O50_alpha0.3_v7.txt,ABC,ASTAR_HEURISTIC,NO_HEURISTIC,0.3815476,56951792,0.0037882,1007351,0.0,0,1464.0,54
78,SLAPRP_Guo_small_O50_alpha0.3_v7.txt,ABC,GREEDY,CLARKE_WRIGHT,0.3815476,56951792,0.0023962,395271,0.3448121,552071223,360.0,4
78,SLAPRP_Guo_small_O50_alpha0.3_v7.txt,ABC,GREEDY,CLARKE_WRIGHT_HEURISTIC,0.3815476,56951792,0.0024844,395655,0.0012742,752374,440.0,4
78,SLAPRP_Guo_small_O50_alpha0.3_v7.txt,ABC,GREEDY,NO_HEURISTIC,0.3815476,56951792,0.0036288,395255,0.0,0,1362.0,54
78,SLAPRP_Guo_small_O50_alpha0.3_v7.txt,ABC_HEURISTIC,ASTAR_HEURISTIC,CLARKE_WRIGHT,0.4733076,57303209,0.0046905,1020247,0.3810315,629762608,544.0,4
78,SLAPRP_Guo_small_O50_alpha0.3_v7.txt,ABC_HEURISTIC,ASTAR_HEURISTIC,CLARKE_WRIGHT_HEURISTIC,0.4733076,57303209,0.0030528,1020391,0.0009803,830246,638.0,4
78,SLAPRP_Guo_small_O50_alpha0.3_v7.txt,ABC_HEURISTIC,ASTAR_HEURISTIC,NO_HEURISTIC,0.4733076,57303209,0.0050107,1020247,0.0,0,1522.0,54
78,SLAPRP_Guo_small_O50_alpha0.3_v7.txt,ABC_HEURISTIC,GREEDY,CLARKE_WRIGHT,0.4733076,57303209,0.0025366,408951,0.4447039,593650416,450.0,4
78,SLAPRP_Guo_small_O50_alpha0.3_v7.txt,ABC_HEURISTIC,GREEDY,CLARKE_WRIGHT_HEURISTIC,0.4733076,57303209,0.0059071,409079,0.0025359,780438,672.0,5
78,SLAPRP_Guo_small_O50_alpha0.3_v7.txt,ABC_HEURISTIC,GREEDY,NO_HEURISTIC,0.4733076,57303209,0.0028304,408951,0.0,0,1536.0,54
78,SLAPRP_Guo_small_O50_alpha0.3_v7.txt,MESSAGE_PASSING,ASTAR_HEURISTIC,CLARKE_WRIGHT,9.2428959,126048535,0.00373,977703,0.4975035,722085792,622.0,4
78,SLAPRP_Guo_small_O50_alpha0.3_v7.txt,MESSAGE_PASSING,ASTAR_HEURISTIC,CLARKE_WRIGHT_HEURISTIC,9.2428959,126048535,0.0044854,977799,0.002558,856998,1020.0,4
78,SLAPRP_Guo_small_O50_alpha0.3_v7.txt,MESSAGE_PASSING,ASTAR_HEURISTIC,NO_HEURISTIC,9.2428959,126048535,0.0030481,977623,0.0,0,2470.0,54
78,SLAPRP_Guo_small_O50_alpha0.3_v7.txt,MESSAGE_PASSING,GREEDY,CLARKE_WRIGHT,9.2428959,126048535,0.0026086,401367,0.4076135,694308208,632.0,4
78,SLAPRP_Guo_small_O50_alpha0.3_v7.txt,MESSAGE_PASSING,GREEDY,CLARKE_WRIGHT_HEURISTIC,9.2428959,126048535,0.0047949,401559,0.0017992,791318,948.0,5
78,SLAPRP_Guo_small_O50_alpha0.3_v7.txt,MESSAGE_PASSING,GREEDY,NO_HEURISTIC,9.2428959,126048535,0.0045066,401335,0.0,0,2348.0,54
79,SLAPRP_Guo_small_O50_alpha0.3_v8.txt,ALS,ASTAR_HEURISTIC,CLARKE_WRIGHT,9.2710678,109971114,0.0048058,1020535,0.5262519,831162000,582.0,4
79,SLAPRP_Guo_small_O50_alpha0.3_v8.txt,ALS,ASTAR_HEURISTIC,CLARKE_WRIGHT_HEURISTIC,9.2710678,109971114,0.0029646,1020663,0.0024057,851398,936.0,5
79,SLAPRP_Guo_small_O50_alpha0.3_v8.txt,ALS,ASTAR_HEURISTIC,NO_HEURISTIC,9.2710678,109971114,0.0036538,1020487,0.0,0,2744.0,58
79,SLAPRP_Guo_small_O50_alpha0.3_v8.txt,ALS,GREEDY,CLARKE_WRIGHT,9.2710678,109971114,0.0039738,409719,0.4579637,755668647,588.0,4
79,SLAPRP_Guo_small_O50_alpha0.3_v8.txt,ALS,GREEDY,CLARKE_WRIGHT_HEURISTIC,9.2710678,109971114,0.0025596,410087,0.0013066,814838,904.0,6
79,SLAPRP_Guo_small_O50_alpha0.3_v8.txt,ALS,GREEDY,NO_HEURISTIC,9.2710678,109971114,0.0047743,409735,0.0,0,2766.0,58
79,SLAPRP_Guo_small_O50_alpha0.3_v8.txt,ABC,ASTAR_HEURISTIC,CLARKE_WRIGHT,0.3978997,57149296,0.0046368,996823,0.4687805,725379639,486.0,4
79,SLAPRP_Guo_small_O50_alpha0.3_v8.txt,ABC,ASTAR_HEURISTIC,CLARKE_WRIGHT_HEURISTIC,0.3978997,57149296,0.0053649,996919,0.0018288,815126,698.0,4
79,SLAPRP_Guo_small_O50_alpha0.3_v8.txt,ABC,ASTAR_HEURISTIC,NO_HEURISTIC,0.3978997,57149296,0.0058832,996791,0.0,0,1502.0,58
79,SLAPRP_Guo_small_O50_alpha0.3_v8.txt,ABC,GREEDY,CLARKE_WRIGHT,0.3978997,57149296,0.002753,402055,0.4534084,664097319,316.0,4
79,SLAPRP_Guo_small_O50_alpha0.3_v8.txt,ABC,GREEDY,CLARKE_WRIGHT_HEURISTIC,0.3978997,57149296,0.0037404,402439,0.0022314,745270,450.0,4
79,SLAPRP_Guo_small_O50_alpha0.3_v8.txt,ABC,GREEDY,NO_HEURISTIC,0.3978997,57149296,0.0027256,402055,0.0,0,1416.0,58
79,SLAPRP_Guo_small_O50_alpha0.3_v8.txt,ABC_HEURISTIC,ASTAR_HEURISTIC,CLARKE_WRIGHT,0.4299314,57864537,0.0038159,1050231,0.4890899,782507063,494.0,4
79,SLAPRP_Guo_small_O50_alpha0.3_v8.txt,ABC_HEURISTIC,ASTAR_HEURISTIC,CLARKE_WRIGHT_HEURISTIC,0.4299314,57864537,0.004978,1050375,0.0025651,783366,768.0,5
79,SLAPRP_Guo_small_O50_alpha0.3_v8.txt,ABC_HEURISTIC,ASTAR_HEURISTIC,NO_HEURISTIC,0.4299314,57864537,0.0041374,1050279,0.0,0,1578.0,58
79,SLAPRP_Guo_small_O50_alpha0.3_v8.txt,ABC_HEURISTIC,GREEDY,CLARKE_WRIGHT,0.4299314,57864537,0.0037441,406503,0.4444204,698257088,378.0,4
79,SLAPRP_Guo_small_O50_alpha0.3_v8.txt,ABC_HEURISTIC,GREEDY,CLARKE_WRIGHT_HEURISTIC,0.4299314,57864537,0.002571,406631,0.0016702,757574,554.0,4
79,SLAPRP_Guo_small_O50_alpha0.3_v8.txt,ABC_HEURISTIC,GREEDY,NO_HEURISTIC,0.4299314,57864537,0.0028025,406551,0.0,0,1550.0,58
79,SLAPRP_Guo_small_O50_alpha0.3_v8.txt,MESSAGE_PASSING,ASTAR_HEURISTIC,CLARKE_WRIGHT,12.1980395,117597806,0.0041251,1078119,0.5233915,828770999,684.0,4
79,SLAPRP_Guo_small_O50_alpha0.3_v8.txt,MESSAGE_PASSING,ASTAR_HEURISTIC,CLARKE_WRIGHT_HEURISTIC,12.1980395,117597806,0.0035105,1078199,0.0195124,888230,980.0,4
79,SLAPRP_Guo_small_O50_alpha0.3_v8.txt,MESSAGE_PASSING,ASTAR_HEURISTIC,NO_HEURISTIC,12.1980395,117597806,0.0030371,1078071,0.0,0,2646.0,58
79,SLAPRP_Guo_small_O50_alpha0.3_v8.txt,MESSAGE_PASSING,GREEDY,CLARKE_WRIGHT,12.1980395,117597806,0.0029024,416695,0.4768573,803058928,640.0,4
79,SLAPRP_Guo_small_O50_alpha0.3_v8.txt,MESSAGE_PASSING,GREEDY,CLARKE_WRIGHT_HEURISTIC,12.1980395,117597806,0.0059133,416887,0.0020607,787958,842.0,4
79,SLAPRP_Guo_small_O50_alpha0.3_v8.txt,MESSAGE_PASSING,GREEDY,NO_HEURISTIC,12.1980395,117597806,0.0034304,416695,0.0,0,2666.0,58
80,SLAPRP_Guo_small_O50_alpha0.3_v9.txt,ALS,ASTAR_HEURISTIC,CLARKE_WRIGHT,14.2379505,122696994,0.0070942,1014983,0.4652832,726647015,642.0,4
80,SLAPRP_Guo_small_O50_alpha0.3_v9.txt,ALS,ASTAR_HEURISTIC,CLARKE_WRIGHT_HEURISTIC,14.2379505,122696994,0.0050652,1015095,0.0013251,798662,916.0,5
80,SLAPRP_Guo_small_O50_alpha0.3_v9.txt,ALS,ASTAR_HEURISTIC,NO_HEURISTIC,14.2379505,122696994,0.0055878,1014967,0.0,0,2436.0,56
80,SLAPRP_Guo_small_O50_alpha0.3_v9.txt,ALS,GREEDY,CLARKE_WRIGHT,14.2379505,122696994,0.0031859,396695,0.4078598,665585760,534.0,4
80,SLAPRP_Guo_small_O50_alpha0.3_v9.txt,ALS,GREEDY,CLARKE_WRIGHT_HEURISTIC,14.2379505,122696994,0.003356,397079,0.001331,796454,702.0,5
80,SLAPRP_Guo_small_O50_alpha0.3_v9.txt,ALS,GREEDY,NO_HEURISTIC,14.2379505,122696994,0.0027208,396679,0.0,0,2334.0,56
80,SLAPRP_Guo_small_O50_alpha0.3_v9.txt,ABC,ASTAR_HEURISTIC,CLARKE_WRIGHT,0.3970013,57255472,0.0054696,1038903,0.420626,685371575,472.0,4
80,SLAPRP_Guo_small_O50_alpha0.3_v9.txt,ABC,ASTAR_HEURISTIC,CLARKE_WRIGHT_HEURISTIC,0.3970013,57255472,0.0054048,1038999,0.0012053,817222,660.0,5
80,SLAPRP_Guo_small_O50_alpha0.3_v9.txt,ABC,ASTAR_HEURISTIC,NO_HEURISTIC,0.3970013,57255472,0.004599,1038871,0.0,0,1482.0,56
80,SLAPRP_Guo_small_O50_alpha0.3_v9.txt,ABC,GREEDY,CLARKE_WRIGHT,0.3970013,57255472,0.0026882,406039,0.5156667,679143047,378.0,4
80,SLAPRP_Guo_small_O50_alpha0.3_v9.txt,ABC,GREEDY,CLARKE_WRIGHT_HEURISTIC,0.3970013,57255472,0.0029698,406423,0.0030297,780422,578.0,5
80,SLAPRP_Guo_small_O50_alpha0.3_v9.txt,ABC,GREEDY,NO_HEURISTIC,0.3970013,57255472,0.0041091,406039,0.0,0,1488.0,56
80,SLAPRP_Guo_small_O50_alpha0.3_v9.txt,ABC_HEURISTIC,ASTAR_HEURISTIC,CLARKE_WRIGHT,0.4183441,57602450,0.0056433,1015687,0.4592839,708695175,534.0,4
80,SLAPRP_Guo_small_O50_alpha0.3_v9.txt,ABC_HEURISTIC,ASTAR_HEURISTIC,CLARKE_WRIGHT_HEURISTIC,0.4183441,57602450,0.0043245,1015831,0.0243915,807446,676.0,4
80,SLAPRP_Guo_small_O50_alpha0.3_v9.txt,ABC_HEURISTIC,ASTAR_HEURISTIC,NO_HEURISTIC,0.4183441,57602450,0.0036209,1015687,0.0,0,1574.0,56
80,SLAPRP_Guo_small_O50_alpha0.3_v9.txt,ABC_HEURISTIC,GREEDY,CLARKE_WRIGHT,0.4183441,57602450,0.0048604,407015,0.4582375,678791783,478.0,5
80,SLAPRP_Guo_small_O50_alpha0.3_v9.txt,ABC_HEURISTIC,GREEDY,CLARKE_WRIGHT_HEURISTIC,0.4183441,57602450,0.0027863,407111,0.0013215,766550,654.0,5
80,SLAPRP_Guo_small_O50_alpha0.3_v9.txt,ABC_HEURISTIC,GREEDY,NO_HEURISTIC,0.4183441,57602450,0.0027941,407015,0.0,0,1606.0,56
80,SLAPRP_Guo_small_O50_alpha0.3_v9.txt,MESSAGE_PASSING,ASTAR_HEURISTIC,CLARKE_WRIGHT,11.3883689,129952854,0.0051346,993831,0.4976234,774241799,616.0,4
80,SLAPRP_Guo_small_O50_alpha0.3_v9.txt,MESSAGE_PASSING,ASTAR_HEURISTIC,CLARKE_WRIGHT_HEURISTIC,11.3883689,129952854,0.0054875,993911,0.0018233,859238,986.0,4
80,SLAPRP_Guo_small_O50_alpha0.3_v9.txt,MESSAGE_PASSING,ASTAR_HEURISTIC,NO_HEURISTIC,11.3883689,129952854,0.0043892,993767,0.0,0,2520.0,56
80,SLAPRP_Guo_small_O50_alpha0.3_v9.txt,MESSAGE_PASSING,GREEDY,CLARKE_WRIGHT,11.3883689,129952854,0.003395,408647,0.4336285,746415952,564.0,4
80,SLAPRP_Guo_small_O50_alpha0.3_v9.txt,MESSAGE_PASSING,GREEDY,CLARKE_WRIGHT_HEURISTIC,11.3883689,129952854,0.0029855,408839,0.0009823,863142,806.0,4
80,SLAPRP_Guo_small_O50_alpha0.3_v9.txt,MESSAGE_PASSING,GREEDY,NO_HEURISTIC,11.3883689,129952854,0.0055692,408663,0.0,0,2492.0,56
81,SLAPRP_Guo_small_O50_alpha0.4_v1.txt,ALS,ASTAR_HEURISTIC,CLARKE_WRIGHT,7.5881761,130783611,0.0034865,895063,1.0040542,679107111,516.0,3
81,SLAPRP_Guo_small_O50_alpha0.4_v1.txt,ALS,ASTAR_HEURISTIC,CLARKE_WRIGHT_HEURISTIC,7.5881761,130783611,0.0026479,895127,0.0014524,762294,772.0,4
81,SLAPRP_Guo_small_O50_alpha0.4_v1.txt,ALS,ASTAR_HEURISTIC,NO_HEURISTIC,7.5881761,130783611,0.0027434,895031,0.0,0,2314.0,55
81,SLAPRP_Guo_small_O50_alpha0.4_v1.txt,ALS,GREEDY,CLARKE_WRIGHT,7.5881761,130783611,0.003385,374247,0.4048678,606332272,412.0,3
81,SLAPRP_Guo_small_O50_alpha0.4_v1.txt,ALS,GREEDY,CLARKE_WRIGHT_HEURISTIC,7.5881761,130783611,0.0038216,374583,0.0033783,719446,556.0,3
81,SLAPRP_Guo_small_O50_alpha0.4_v1.txt,ALS,GREEDY,NO_HEURISTIC,7.5881761,130783611,0.0039671,374231,0.0,0,2288.0,55
81,SLAPRP_Guo_small_O50_alpha0.4_v1.txt,ABC,ASTAR_HEURISTIC,CLARKE_WRIGHT,0.3331946,57219513,0.0042369,953815,0.3267704,589128919,362.0,3
81,SLAPRP_Guo_small_O50_alpha0.4_v1.txt,ABC,ASTAR_HEURISTIC,CLARKE_WRIGHT_HEURISTIC,0.3331946,57219513,0.0047413,953975,0.0020747,782278,540.0,4
81,SLAPRP_Guo_small_O50_alpha0.4_v1.txt,ABC,ASTAR_HEURISTIC,NO_HEURISTIC,0.3331946,57219513,0.0040851,953799,0.0,0,1324.0,55
81,SLAPRP_Guo_small_O50_alpha0.4_v1.txt,ABC,GREEDY,CLARKE_WRIGHT,0.3331946,57219513,0.0027124,374983,0.4210283,588273303,310.0,3
81,SLAPRP_Guo_small_O50_alpha0.4_v1.txt,ABC,GREEDY,CLARKE_WRIGHT_HEURISTIC,0.3331946,57219513,0.0033214,375367,0.0014628,769974,386.0,4
81,SLAPRP_Guo_small_O50_alpha0.4_v1.txt,ABC,GREEDY,NO_HEURISTIC,0.3331946,57219513,0.0025656,374935,0.0,0,1264.0,55
81,SLAPRP_Guo_small_O50_alpha0.4_v1.txt,ABC_HEURISTIC,ASTAR_HEURISTIC,CLARKE_WRIGHT,0.4230735,57935273,0.0037348,962423,0.461551,640707831,456.0,3
81,SLAPRP_Guo_small_O50_alpha0.4_v1.txt,ABC_HEURISTIC,ASTAR_HEURISTIC,CLARKE_WRIGHT_HEURISTIC,0.4230735,57935273,0.0042953,962567,0.0022874,785686,684.0,4
81,SLAPRP_Guo_small_O50_alpha0.4_v1.txt,ABC_HEURISTIC,ASTAR_HEURISTIC,NO_HEURISTIC,0.4230735,57935273,0.003049,962407,0.0,0,1434.0,55
81,SLAPRP_Guo_small_O50_alpha0.4_v1.txt,ABC_HEURISTIC,GREEDY,CLARKE_WRIGHT,0.4230735,57935273,0.0032594,384039,0.4328435,599726567,434.0,3
81,SLAPRP_Guo_small_O50_alpha0.4_v1.txt,ABC_HEURISTIC,GREEDY,CLARKE_WRIGHT_HEURISTIC,0.4230735,57935273,0.0027407,384167,0.0028328,788326,600.0,4
81,SLAPRP_Guo_small_O50_alpha0.4_v1.txt,ABC_HEURISTIC,GREEDY,NO_HEURISTIC,0.4230735,57935273,0.0044355,384023,0.0,0,1438.0,55
81,SLAPRP_Guo_small_O50_alpha0.4_v1.txt,MESSAGE_PASSING,ASTAR_HEURISTIC,CLARKE_WRIGHT,302.4909587,141415768,0.007982,875655,0.8020717,660372656,548.0,3
81,SLAPRP_Guo_small_O50_alpha0.4_v1.txt,MESSAGE_PASSING,ASTAR_HEURISTIC,CLARKE_WRIGHT_HEURISTIC,302.4909587,141415768,0.0082412,875767,0.0039547,781734,822.0,5
81,SLAPRP_Guo_small_O50_alpha0.4_v1.txt,MESSAGE_PASSING,ASTAR_HEURISTIC,NO_HEURISTIC,302.4909587,141415768,0.0058947,875639,0.0,0,2180.0,55
81,SLAPRP_Guo_small_O50_alpha0.4_v1.txt,MESSAGE_PASSING,GREEDY,CLARKE_WRIGHT,302.4909587,141415768,0.0034391,377815,0.6943786,639097015,534.0,3
81,SLAPRP_Guo_small_O50_alpha0.4_v1.txt,MESSAGE_PASSING,GREEDY,CLARKE_WRIGHT_HEURISTIC,302.4909587,141415768,0.0046212,377975,0.0044035,795638,802.0,5
81,SLAPRP_Guo_small_O50_alpha0.4_v1.txt,MESSAGE_PASSING,GREEDY,NO_HEURISTIC,302.4909587,141415768,0.0041186,377847,0.0,0,2220.0,55
82,SLAPRP_Guo_small_O50_alpha0.4_v10.txt,ALS,ASTAR_HEURISTIC,CLARKE_WRIGHT,15.1050792,142623465,0.0071742,885975,0.7610113,633747920,616.0,4
82,SLAPRP_Guo_small_O50_alpha0.4_v10.txt,ALS,ASTAR_HEURISTIC,CLARKE_WRIGHT_HEURISTIC,15.1050792,142623465,0.0074711,886135,0.0028113,742031,962.0,4
82,SLAPRP_Guo_small_O50_alpha0.4_v10.txt,ALS,ASTAR_HEURISTIC,NO_HEURISTIC,15.1050792,142623465,0.007745,885975,0.0,0,2462.0,52
82,SLAPRP_Guo_small_O50_alpha0.4_v10.txt,ALS,GREEDY,CLARKE_WRIGHT,15.1050792,142623465,0.0068723,375223,0.7023589,577305584,568.0,4
82,SLAPRP_Guo_small_O50_alpha0.4_v10.txt,ALS,GREEDY,CLARKE_WRIGHT_HEURISTIC,15.1050792,142623465,0.0085838,375575,0.0027971,653487,846.0,5
82,SLAPRP_Guo_small_O50_alpha0.4_v10.txt,ALS,GREEDY,NO_HEURISTIC,15.1050792,142623465,0.0114905,375207,0.0,0,2310.0,52
82,SLAPRP_Guo_small_O50_alpha0.4_v10.txt,ABC,ASTAR_HEURISTIC,CLARKE_WRIGHT,0.8273028,57444617,0.0101474,947303,0.5844046,576806903,466.0,4
82,SLAPRP_Guo_small_O50_alpha0.4_v10.txt,ABC,ASTAR_HEURISTIC,CLARKE_WRIGHT_HEURISTIC,0.8273028,57444617,0.0107674,947415,0.0035783,738431,640.0,5
82,SLAPRP_Guo_small_O50_alpha0.4_v10.txt,ABC,ASTAR_HEURISTIC,NO_HEURISTIC,0.8273028,57444617,0.0071378,947271,0.0,0,1432.0,52
82,SLAPRP_Guo_small_O50_alpha0.4_v10.txt,ABC,GREEDY,CLARKE_WRIGHT,0.8273028,57444617,0.0055615,387159,0.6973781,555579920,404.0,4
82,SLAPRP_Guo_small_O50_alpha0.4_v10.txt,ABC,GREEDY,CLARKE_WRIGHT_HEURISTIC,0.8273028,57444617,0.0064984,387543,0.0024531,710239,482.0,4
82,SLAPRP_Guo_small_O50_alpha0.4_v10.txt,ABC,GREEDY,NO_HEURISTIC,0.8273028,57444617,0.0036702,387143,0.0,0,1436.0,52
82,SLAPRP_Guo_small_O50_alpha0.4_v10.txt,ABC_HEURISTIC,ASTAR_HEURISTIC,CLARKE_WRIGHT,0.5850683,57797026,0.0046877,936679,0.6246682,596812560,486.0,3
82,SLAPRP_Guo_small_O50_alpha0.4_v10.txt,ABC_HEURISTIC,ASTAR_HEURISTIC,CLARKE_WRIGHT_HEURISTIC,0.5850683,57797026,0.0056885,936823,0.0017956,778383,722.0,4
82,SLAPRP_Guo_small_O50_alpha0.4_v10.txt,ABC_HEURISTIC,ASTAR_HEURISTIC,NO_HEURISTIC,0.5850683,57797026,0.0044955,936679,0.0,0,1480.0,52
82,SLAPRP_Guo_small_O50_alpha0.4_v10.txt,ABC_HEURISTIC,GREEDY,CLARKE_WRIGHT,0.5850683,57797026,0.0028963,386759,0.4561628,567842944,476.0,4
82,SLAPRP_Guo_small_O50_alpha0.4_v10.txt,ABC_HEURISTIC,GREEDY,CLARKE_WRIGHT_HEURISTIC,0.5850683,57797026,0.0030807,386935,0.0018839,679551,724.0,5
82,SLAPRP_Guo_small_O50_alpha0.4_v10.txt,ABC_HEURISTIC,GREEDY,NO_HEURISTIC,0.5850683,57797026,0.0044114,386759,0.0,0,1574.0,52
82,SLAPRP_Guo_small_O50_alpha0.4_v10.txt,MESSAGE_PASSING,ASTAR_HEURISTIC,CLARKE_WRIGHT,18.6481361,149874335,0.0037246,857351,0.4583362,609844176,658.0,4
82,SLAPRP_Guo_small_O50_alpha0.4_v10.txt,MESSAGE_PASSING,ASTAR_HEURISTIC,CLARKE_WRIGHT_HEURISTIC,18.6481361,149874335,0.00392,857431,0.0014479,729567,936.0,5
82,SLAPRP_Guo_small_O50_alpha0.4_v10.txt,MESSAGE_PASSING,ASTAR_HEURISTIC,NO_HEURISTIC,18.6481361,149874335,0.0036203,857351,0.0,0,2396.0,52
82,SLAPRP_Guo_small_O50_alpha0.4_v10.txt,MESSAGE_PASSING,GREEDY,CLARKE_WRIGHT,18.6481361,149874335,0.0027654,367479,0.4829742,589979159,554.0,4
82,SLAPRP_Guo_small_O50_alpha0.4_v10.txt,MESSAGE_PASSING,GREEDY,CLARKE_WRIGHT_HEURISTIC,18.6481361,149874335,0.0034286,367687,0.0012375,642159,818.0,5
82,SLAPRP_Guo_small_O50_alpha0.4_v10.txt,MESSAGE_PASSING,GREEDY,NO_HEURISTIC,18.6481361,149874335,0.0329616,367511,0.0,0,2142.0,52
83,SLAPRP_Guo_small_O50_alpha0.4_v2.txt,ALS,ASTAR_HEURISTIC,CLARKE_WRIGHT,13.7303778,121634113,0.0036951,966807,0.5308756,674280128,704.0,4
83,SLAPRP_Guo_small_O50_alpha0.4_v2.txt,ALS,ASTAR_HEURISTIC,CLARKE_WRIGHT_HEURISTIC,13.7303778,121634113,0.0033313,966967,0.0014864,788790,1050.0,4
83,SLAPRP_Guo_small_O50_alpha0.4_v2.txt,ALS,ASTAR_HEURISTIC,NO_HEURISTIC,13.7303778,121634113,0.0049939,966823,0.0,0,2604.0,54
83,SLAPRP_Guo_small_O50_alpha0.4_v2.txt,ALS,GREEDY,CLARKE_WRIGHT,13.7303778,121634113,0.0053812,389975,0.5173775,713473936,606.0,4
83,SLAPRP_Guo_small_O50_alpha0.4_v2.txt,ALS,GREEDY,CLARKE_WRIGHT_HEURISTIC,13.7303778,121634113,0.0026368,390359,0.0028723,784374,882.0,4
83,SLAPRP_Guo_small_O50_alpha0.4_v2.txt,ALS,GREEDY,NO_HEURISTIC,13.7303778,121634113,0.0031661,390007,0.0,0,2430.0,54
83,SLAPRP_Guo_small_O50_alpha0.4_v2.txt,ABC,ASTAR_HEURISTIC,CLARKE_WRIGHT,0.4628976,57468224,0.0034531,1037927,0.5155258,611739079,406.0,4
83,SLAPRP_Guo_small_O50_alpha0.4_v2.txt,ABC,ASTAR_HEURISTIC,CLARKE_WRIGHT_HEURISTIC,0.4628976,57468224,0.0051022,1038039,0.0014876,809206,500.0,4
83,SLAPRP_Guo_small_O50_alpha0.4_v2.txt,ABC,ASTAR_HEURISTIC,NO_HEURISTIC,0.4628976,57468224,0.0029638,1037943,0.0,0,1340.0,54
83,SLAPRP_Guo_small_O50_alpha0.4_v2.txt,ABC,GREEDY,CLARKE_WRIGHT,0.4628976,57468224,0.0029941,392583,0.4274216,599734919,298.0,4
83,SLAPRP_Guo_small_O50_alpha0.4_v2.txt,ABC,GREEDY,CLARKE_WRIGHT_HEURISTIC,0.4628976,57468224,0.0036462,392967,0.0014421,762646,398.0,4
83,SLAPRP_Guo_small_O50_alpha0.4_v2.txt,ABC,GREEDY,NO_HEURISTIC,0.4628976,57468224,0.0023542,392615,0.0,0,1280.0,54
83,SLAPRP_Guo_small_O50_alpha0.4_v2.txt,ABC_HEURISTIC,ASTAR_HEURISTIC,CLARKE_WRIGHT,0.4150873,58180985,0.0058054,1008519,0.4856816,640435143,440.0,4
83,SLAPRP_Guo_small_O50_alpha0.4_v2.txt,ABC_HEURISTIC,ASTAR_HEURISTIC,CLARKE_WRIGHT_HEURISTIC,0.4150873,58180985,0.0050082,1008663,0.0028616,801046,666.0,4
83,SLAPRP_Guo_small_O50_alpha0.4_v2.txt,ABC_HEURISTIC,ASTAR_HEURISTIC,NO_HEURISTIC,0.4150873,58180985,0.0032703,1008519,0.0,0,1426.0,54
83,SLAPRP_Guo_small_O50_alpha0.4_v2.txt,ABC_HEURISTIC,GREEDY,CLARKE_WRIGHT,0.4150873,58180985,0.0028565,392583,0.5799045,583228551,430.0,4
83,SLAPRP_Guo_small_O50_alpha0.4_v2.txt,ABC_HEURISTIC,GREEDY,CLARKE_WRIGHT_HEURISTIC,0.4150873,58180985,0.0029416,392679,0.0012753,709846,668.0,5
83,SLAPRP_Guo_small_O50_alpha0.4_v2.txt,ABC_HEURISTIC,GREEDY,NO_HEURISTIC,0.4150873,58180985,0.002576,392551,0.0,0,1466.0,54
83,SLAPRP_Guo_small_O50_alpha0.4_v2.txt,MESSAGE_PASSING,ASTAR_HEURISTIC,CLARKE_WRIGHT,23.7633387,127861319,0.0037099,990999,0.5272805,723725632,708.0,4
83,SLAPRP_Guo_small_O50_alpha0.4_v2.txt,MESSAGE_PASSING,ASTAR_HEURISTIC,CLARKE_WRIGHT_HEURISTIC,23.7633387,127861319,0.0033441,991095,0.0014537,873830,990.0,4
83,SLAPRP_Guo_small_O50_alpha0.4_v2.txt,MESSAGE_PASSING,ASTAR_HEURISTIC,NO_HEURISTIC,23.7633387,127861319,0.0059412,990967,0.0,0,2538.0,54
83,SLAPRP_Guo_small_O50_alpha0.4_v2.txt,MESSAGE_PASSING,GREEDY,CLARKE_WRIGHT,23.7633387,127861319,0.0033585,391015,0.5617238,710827847,584.0,4
83,SLAPRP_Guo_small_O50_alpha0.4_v2.txt,MESSAGE_PASSING,GREEDY,CLARKE_WRIGHT_HEURISTIC,23.7633387,127861319,0.0024911,391175,0.0008693,796918,962.0,4
83,SLAPRP_Guo_small_O50_alpha0.4_v2.txt,MESSAGE_PASSING,GREEDY,NO_HEURISTIC,23.7633387,127861319,0.0027293,391031,0.0,0,2582.0,54
84,SLAPRP_Guo_small_O50_alpha0.4_v3.txt,ALS,ASTAR_HEURISTIC,CLARKE_WRIGHT,7.472716,128496285,0.0036807,914935,0.359434,525980359,480.0,3
84,SLAPRP_Guo_small_O50_alpha0.4_v3.txt,ALS,ASTAR_HEURISTIC,CLARKE_WRIGHT_HEURISTIC,7.472716,128496285,0.0030727,915047,0.0016776,640575,626.0,3
84,SLAPRP_Guo_small_O50_alpha0.4_v3.txt,ALS,ASTAR_HEURISTIC,NO_HEURISTIC,7.472716,128496285,0.0051759,914887,0.0,0,2012.0,51
84,SLAPRP_Guo_small_O50_alpha0.4_v3.txt,ALS,GREEDY,CLARKE_WRIGHT,7.472716,128496285,0.0031232,354023,0.4657225,545783600,526.0,3
84,SLAPRP_Guo_small_O50_alpha0.4_v3.txt,ALS,GREEDY,CLARKE_WRIGHT_HEURISTIC,7.472716,128496285,0.0030773,354391,0.0013823,612271,822.0,4
84,SLAPRP_Guo_small_O50_alpha0.4_v3.txt,ALS,GREEDY,NO_HEURISTIC,7.472716,128496285,0.0023558,354007,0.0,0,2018.0,51
84,SLAPRP_Guo_small_O50_alpha0.4_v3.txt,ABC,ASTAR_HEURISTIC,CLARKE_WRIGHT,0.4800349,56913081,0.0063217,890407,0.3551117,486471152,332.0,4
84,SLAPRP_Guo_small_O50_alpha0.4_v3.txt,ABC,ASTAR_HEURISTIC,CLARKE_WRIGHT_HEURISTIC,0.4800349,56913081,0.003287,890519,0.0009738,614159,432.0,4
84,SLAPRP_Guo_small_O50_alpha0.4_v3.txt,ABC,ASTAR_HEURISTIC,NO_HEURISTIC,0.4800349,56913081,0.0046251,890375,0.0,0,1098.0,51
84,SLAPRP_Guo_small_O50_alpha0.4_v3.txt,ABC,GREEDY,CLARKE_WRIGHT,0.4800349,56913081,0.0044556,345831,0.3755463,444384272,240.0,3
84,SLAPRP_Guo_small_O50_alpha0.4_v3.txt,ABC,GREEDY,CLARKE_WRIGHT_HEURISTIC,0.4800349,56913081,0.0023059,346247,0.0028709,604063,368.0,3
84,SLAPRP_Guo_small_O50_alpha0.4_v3.txt,ABC,GREEDY,NO_HEURISTIC,0.4800349,56913081,0.00262,345847,0.0,0,1102.0,51
84,SLAPRP_Guo_small_O50_alpha0.4_v3.txt,ABC_HEURISTIC,ASTAR_HEURISTIC,CLARKE_WRIGHT,0.5558919,57995657,0.0038517,874455,0.4517374,490271127,364.0,5
84,SLAPRP_Guo_small_O50_alpha0.4_v3.txt,ABC_HEURISTIC,ASTAR_HEURISTIC,CLARKE_WRIGHT_HEURISTIC,0.5558919,57995657,0.0030578,874599,0.0017028,608991,514.0,4
84,SLAPRP_Guo_small_O50_alpha0.4_v3.txt,ABC_HEURISTIC,ASTAR_HEURISTIC,NO_HEURISTIC,0.5558919,57995657,0.0037074,874423,0.0,0,1218.0,51
84,SLAPRP_Guo_small_O50_alpha0.4_v3.txt,ABC_HEURISTIC,GREEDY,CLARKE_WRIGHT,0.5558919,57995657,0.0031512,345719,0.3660652,452952679,322.0,5
84,SLAPRP_Guo_small_O50_alpha0.4_v3.txt,ABC_HEURISTIC,GREEDY,CLARKE_WRIGHT_HEURISTIC,0.5558919,57995657,0.0037492,345815,0.0012521,623103,464.0,4
84,SLAPRP_Guo_small_O50_alpha0.4_v3.txt,ABC_HEURISTIC,GREEDY,NO_HEURISTIC,0.5558919,57995657,0.0043326,345719,0.0,0,1310.0,51
84,SLAPRP_Guo_small_O50_alpha0.4_v3.txt,MESSAGE_PASSING,ASTAR_HEURISTIC,CLARKE_WRIGHT,27.1587867,135840979,0.0035935,910519,0.4153325,535195728,506.0,3
84,SLAPRP_Guo_small_O50_alpha0.4_v3.txt,MESSAGE_PASSING,ASTAR_HEURISTIC,CLARKE_WRIGHT_HEURISTIC,27.1587867,135840979,0.0053079,910631,0.0015446,609599,694.0,4
84,SLAPRP_Guo_small_O50_alpha0.4_v3.txt,MESSAGE_PASSING,ASTAR_HEURISTIC,NO_HEURISTIC,27.1587867,135840979,0.003666,910519,0.0,0,1908.0,51
84,SLAPRP_Guo_small_O50_alpha0.4_v3.txt,MESSAGE_PASSING,GREEDY,CLARKE_WRIGHT,27.1587867,135840979,0.0026475,354375,0.3853958,510876000,448.0,3
84,SLAPRP_Guo_small_O50_alpha0.4_v3.txt,MESSAGE_PASSING,GREEDY,CLARKE_WRIGHT_HEURISTIC,27.1587867,135840979,0.0032249,354583,0.0015774,600047,642.0,4
84,SLAPRP_Guo_small_O50_alpha0.4_v3.txt,MESSAGE_PASSING,GREEDY,NO_HEURISTIC,27.1587867,135840979,0.00392,354391,0.0,0,1876.0,51
85,SLAPRP_Guo_small_O50_alpha0.4_v4.txt,ALS,ASTAR_HEURISTIC,CLARKE_WRIGHT,11.7463063,124115701,0.0044323,802615,0.5365231,600865863,454.0,3
85,SLAPRP_Guo_small_O50_alpha0.4_v4.txt,ALS,ASTAR_HEURISTIC,CLARKE_WRIGHT_HEURISTIC,11.7463063,124115701,0.0033693,802759,0.0010444,749638,764.0,4
85,SLAPRP_Guo_small_O50_alpha0.4_v4.txt,ALS,ASTAR_HEURISTIC,NO_HEURISTIC,11.7463063,124115701,0.0032833,802567,0.0,0,2144.0,54
85,SLAPRP_Guo_small_O50_alpha0.4_v4.txt,ALS,GREEDY,CLARKE_WRIGHT,11.7463063,124115701,0.0032955,347063,0.4549001,570337351,422.0,3
85,SLAPRP_Guo_small_O50_alpha0.4_v4.txt,ALS,GREEDY,CLARKE_WRIGHT_HEURISTIC,11.7463063,124115701,0.0027456,347431,0.0014525,716582,712.0,4
85,SLAPRP_Guo_small_O50_alpha0.4_v4.txt,ALS,GREEDY,NO_HEURISTIC,11.7463063,124115701,0.0036135,347047,0.0,0,2120.0,54
85,SLAPRP_Guo_small_O50_alpha0.4_v4.txt,ABC,ASTAR_HEURISTIC,CLARKE_WRIGHT,0.536897,56871161,0.0033299,796839,1.1115692,562453280,330.0,5
85,SLAPRP_Guo_small_O50_alpha0.4_v4.txt,ABC,ASTAR_HEURISTIC,CLARKE_WRIGHT_HEURISTIC,0.536897,56871161,0.0029128,796919,0.0012501,694486,458.0,5
85,SLAPRP_Guo_small_O50_alpha0.4_v4.txt,ABC,ASTAR_HEURISTIC,NO_HEURISTIC,0.536897,56871161,0.0048932,796823,0.0,0,1238.0,54
85,SLAPRP_Guo_small_O50_alpha0.4_v4.txt,ABC,GREEDY,CLARKE_WRIGHT,0.536897,56871161,0.003097,352055,0.4877145,512679184,254.0,3
85,SLAPRP_Guo_small_O50_alpha0.4_v4.txt,ABC,GREEDY,CLARKE_WRIGHT_HEURISTIC,0.536897,56871161,0.0029885,352439,0.0013519,698118,360.0,3
85,SLAPRP_Guo_small_O50_alpha0.4_v4.txt,ABC,GREEDY,NO_HEURISTIC,0.536897,56871161,0.0033137,352087,0.0,0,1192.0,54
85,SLAPRP_Guo_small_O50_alpha0.4_v4.txt,ABC_HEURISTIC,ASTAR_HEURISTIC,CLARKE_WRIGHT,0.498113,57586210,0.0075629,820375,0.4976754,561065904,400.0,4
85,SLAPRP_Guo_small_O50_alpha0.4_v4.txt,ABC_HEURISTIC,ASTAR_HEURISTIC,CLARKE_WRIGHT_HEURISTIC,0.498113,57586210,0.0036665,820519,0.0015436,757302,552.0,3
85,SLAPRP_Guo_small_O50_alpha0.4_v4.txt,ABC_HEURISTIC,ASTAR_HEURISTIC,NO_HEURISTIC,0.498113,57586210,0.0040209,820423,0.0,0,1286.0,54
85,SLAPRP_Guo_small_O50_alpha0.4_v4.txt,ABC_HEURISTIC,GREEDY,CLARKE_WRIGHT,0.498113,57586210,0.0032168,360679,0.4649151,574188880,390.0,4
85,SLAPRP_Guo_small_O50_alpha0.4_v4.txt,ABC_HEURISTIC,GREEDY,CLARKE_WRIGHT_HEURISTIC,0.498113,57586210,0.0031231,360807,0.0025262,756054,574.0,4
85,SLAPRP_Guo_small_O50_alpha0.4_v4.txt,ABC_HEURISTIC,GREEDY,NO_HEURISTIC,0.498113,57586210,0.0028849,360727,0.0,0,1374.0,54
85,SLAPRP_Guo_small_O50_alpha0.4_v4.txt,MESSAGE_PASSING,ASTAR_HEURISTIC,CLARKE_WRIGHT,15.5167247,131719618,0.0034922,800167,0.440685,619711024,522.0,3
85,SLAPRP_Guo_small_O50_alpha0.4_v4.txt,MESSAGE_PASSING,ASTAR_HEURISTIC,CLARKE_WRIGHT_HEURISTIC,15.5167247,131719618,0.0038185,800295,0.0245814,764726,860.0,4
85,SLAPRP_Guo_small_O50_alpha0.4_v4.txt,MESSAGE_PASSING,ASTAR_HEURISTIC,NO_HEURISTIC,15.5167247,131719618,0.0035857,800119,0.0,0,2202.0,54
85,SLAPRP_Guo_small_O50_alpha0.4_v4.txt,MESSAGE_PASSING,GREEDY,CLARKE_WRIGHT,15.5167247,131719618,0.0061927,353991,0.5444754,606068119,508.0,3
85,SLAPRP_Guo_small_O50_alpha0.4_v4.txt,MESSAGE_PASSING,GREEDY,CLARKE_WRIGHT_HEURISTIC,15.5167247,131719618,0.0033157,354167,0.0016271,760006,708.0,3
85,SLAPRP_Guo_small_O50_alpha0.4_v4.txt,MESSAGE_PASSING,GREEDY,NO_HEURISTIC,15.5167247,131719618,0.0034137,353991,0.0,0,2222.0,54
86,SLAPRP_Guo_small_O50_alpha0.4_v5.txt,ALS,ASTAR_HEURISTIC,CLARKE_WRIGHT,14.4696858,113672111,0.0059485,914951,0.6788829,628804023,598.0,3
86,SLAPRP_Guo_small_O50_alpha0.4_v5.txt,ALS,ASTAR_HEURISTIC,CLARKE_WRIGHT_HEURISTIC,14.4696858,113672111,0.0064448,915063,0.002388,681407,888.0,5
86,SLAPRP_Guo_small_O50_alpha0.4_v5.txt,ALS,ASTAR_HEURISTIC,NO_HEURISTIC,14.4696858,113672111,0.0050865,914951,0.0,0,2402.0,52
86,SLAPRP_Guo_small_O50_alpha0.4_v5.txt,ALS,GREEDY,CLARKE_WRIGHT,14.4696858,113672111,0.0047894,369447,0.5329207,579394887,558.0,3
86,SLAPRP_Guo_small_O50_alpha0.4_v5.txt,ALS,GREEDY,CLARKE_WRIGHT_HEURISTIC,14.4696858,113672111,0.005135,369847,0.0014987,653055,776.0,5
86,SLAPRP_Guo_small_O50_alpha0.4_v5.txt,ALS,GREEDY,NO_HEURISTIC,14.4696858,113672111,0.0047916,369415,0.0,0,2340.0,52
86,SLAPRP_Guo_small_O50_alpha0.4_v5.txt,ABC,ASTAR_HEURISTIC,CLARKE_WRIGHT,0.5496849,57164512,0.0054613,999415,0.5255005,546612288,412.0,3
86,SLAPRP_Guo_small_O50_alpha0.4_v5.txt,ABC,ASTAR_HEURISTIC,CLARKE_WRIGHT_HEURISTIC,0.5496849,57164512,0.0055608,999527,0.0033331,657135,668.0,4
86,SLAPRP_Guo_small_O50_alpha0.4_v5.txt,ABC,ASTAR_HEURISTIC,NO_HEURISTIC,0.5496849,57164512,0.0058344,999367,0.0,0,1334.0,52
86,SLAPRP_Guo_small_O50_alpha0.4_v5.txt,ABC,GREEDY,CLARKE_WRIGHT,0.5496849,57164512,0.005186,381511,0.5697697,554491495,310.0,3
86,SLAPRP_Guo_small_O50_alpha0.4_v5.txt,ABC,GREEDY,CLARKE_WRIGHT_HEURISTIC,0.5496849,57164512,0.0053362,381879,0.0020621,714399,396.0,3
86,SLAPRP_Guo_small_O50_alpha0.4_v5.txt,ABC,GREEDY,NO_HEURISTIC,0.5496849,57164512,0.0052551,381463,0.0,0,1250.0,52
86,SLAPRP_Guo_small_O50_alpha0.4_v5.txt,ABC_HEURISTIC,ASTAR_HEURISTIC,CLARKE_WRIGHT,0.5641022,57513241,0.0053776,956919,0.5184687,579096903,502.0,3
86,SLAPRP_Guo_small_O50_alpha0.4_v5.txt,ABC_HEURISTIC,ASTAR_HEURISTIC,CLARKE_WRIGHT_HEURISTIC,0.5641022,57513241,0.0054988,957063,0.001975,681983,792.0,5
86,SLAPRP_Guo_small_O50_alpha0.4_v5.txt,ABC_HEURISTIC,ASTAR_HEURISTIC,NO_HEURISTIC,0.5641022,57513241,0.0053969,956951,0.0,0,1446.0,52
86,SLAPRP_Guo_small_O50_alpha0.4_v5.txt,ABC_HEURISTIC,GREEDY,CLARKE_WRIGHT,0.5641022,57513241,0.0041575,375031,0.5294257,536287367,450.0,3
86,SLAPRP_Guo_small_O50_alpha0.4_v5.txt,ABC_HEURISTIC,GREEDY,CLARKE_WRIGHT_HEURISTIC,0.5641022,57513241,0.0065045,375143,0.0014359,651279,706.0,4
86,SLAPRP_Guo_small_O50_alpha0.4_v5.txt,ABC_HEURISTIC,GREEDY,NO_HEURISTIC,0.5641022,57513241,0.0051614,375047,0.0,0,1502.0,52
86,SLAPRP_Guo_small_O50_alpha0.4_v5.txt,MESSAGE_PASSING,ASTAR_HEURISTIC,CLARKE_WRIGHT,12.0804369,120276140,0.0066331,923031,0.4709051,580391280,634.0,4
86,SLAPRP_Guo_small_O50_alpha0.4_v5.txt,MESSAGE_PASSING,ASTAR_HEURISTIC,CLARKE_WRIGHT_HEURISTIC,12.0804369,120276140,0.0038233,923127,0.0040735,675471,844.0,4
86,SLAPRP_Guo_small_O50_alpha0.4_v5.txt,MESSAGE_PASSING,ASTAR_HEURISTIC,NO_HEURISTIC,12.0804369,120276140,0.0045753,923015,0.0,0,2396.0,52
86,SLAPRP_Guo_small_O50_alpha0.4_v5.txt,MESSAGE_PASSING,GREEDY,CLARKE_WRIGHT,12.0804369,120276140,0.0032331,368983,0.4394829,537050007,588.0,3
86,SLAPRP_Guo_small_O50_alpha0.4_v5.txt,MESSAGE_PASSING,GREEDY,CLARKE_WRIGHT_HEURISTIC,12.0804369,120276140,0.0045527,369143,0.0034054,657839,768.0,4
86,SLAPRP_Guo_small_O50_alpha0.4_v5.txt,MESSAGE_PASSING,GREEDY,NO_HEURISTIC,12.0804369,120276140,0.002517,368983,0.0,0,2368.0,52
87,SLAPRP_Guo_small_O50_alpha0.4_v6.txt,ALS,ASTAR_HEURISTIC,CLARKE_WRIGHT,13.7957773,124164914,0.0035368,924775,0.4841256,546495360,576.0,3
87,SLAPRP_Guo_small_O50_alpha0.4_v6.txt,ALS,ASTAR_HEURISTIC,CLARKE_WRIGHT_HEURISTIC,13.7957773,124164914,0.002947,924887,0.0010238,656271,780.0,4
87,SLAPRP_Guo_small_O50_alpha0.4_v6.txt,ALS,ASTAR_HEURISTIC,NO_HEURISTIC,13.7957773,124164914,0.0046871,924743,0.0,0,2230.0,50
87,SLAPRP_Guo_small_O50_alpha0.4_v6.txt,ALS,GREEDY,CLARKE_WRIGHT,13.7957773,124164914,0.0025255,365399,0.4348151,493665040,548.0,3
87,SLAPRP_Guo_small_O50_alpha0.4_v6.txt,ALS,GREEDY,CLARKE_WRIGHT_HEURISTIC,13.7957773,124164914,0.0041787,365799,0.0017767,608351,700.0,4
87,SLAPRP_Guo_small_O50_alpha0.4_v6.txt,ALS,GREEDY,NO_HEURISTIC,13.7957773,124164914,0.0037634,365415,0.0,0,2216.0,50
87,SLAPRP_Guo_small_O50_alpha0.4_v6.txt,ABC,ASTAR_HEURISTIC,CLARKE_WRIGHT,0.5165563,57374633,0.0054925,950215,0.4164444,483468080,490.0,5
87,SLAPRP_Guo_small_O50_alpha0.4_v6.txt,ABC,ASTAR_HEURISTIC,CLARKE_WRIGHT_HEURISTIC,0.5165563,57374633,0.0042312,950327,0.0016624,722815,600.0,4
87,SLAPRP_Guo_small_O50_alpha0.4_v6.txt,ABC,ASTAR_HEURISTIC,NO_HEURISTIC,0.5165563,57374633,0.0048095,950167,0.0,0,1350.0,50
87,SLAPRP_Guo_small_O50_alpha0.4_v6.txt,ABC,GREEDY,CLARKE_WRIGHT,0.5165563,57374633,0.0031354,365767,0.3582819,443784688,298.0,4
87,SLAPRP_Guo_small_O50_alpha0.4_v6.txt,ABC,GREEDY,CLARKE_WRIGHT_HEURISTIC,0.5165563,57374633,0.0046416,366151,0.0008734,645471,422.0,3
87,SLAPRP_Guo_small_O50_alpha0.4_v6.txt,ABC,GREEDY,NO_HEURISTIC,0.5165563,57374633,0.0029817,365751,0.0,0,1232.0,50
87,SLAPRP_Guo_small_O50_alpha0.4_v6.txt,ABC_HEURISTIC,ASTAR_HEURISTIC,CLARKE_WRIGHT,0.5669702,58089826,0.0049634,954199,0.3505376,450666896,418.0,5
87,SLAPRP_Guo_small_O50_alpha0.4_v6.txt,ABC_HEURISTIC,ASTAR_HEURISTIC,CLARKE_WRIGHT_HEURISTIC,0.5669702,58089826,0.0045936,954343,0.0015936,638623,572.0,5
87,SLAPRP_Guo_small_O50_alpha0.4_v6.txt,ABC_HEURISTIC,ASTAR_HEURISTIC,NO_HEURISTIC,0.5669702,58089826,0.0052935,954215,0.0,0,1244.0,50
87,SLAPRP_Guo_small_O50_alpha0.4_v6.txt,ABC_HEURISTIC,GREEDY,CLARKE_WRIGHT,0.5669702,58089826,0.0039107,363479,0.4063555,434606359,372.0,5
87,SLAPRP_Guo_small_O50_alpha0.4_v6.txt,ABC_HEURISTIC,GREEDY,CLARKE_WRIGHT_HEURISTIC,0.5669702,58089826,0.0043491,363607,0.0013911,597615,612.0,5
87,SLAPRP_Guo_small_O50_alpha0.4_v6.txt,ABC_HEURISTIC,GREEDY,NO_HEURISTIC,0.5669702,58089826,0.0025846,363495,0.0,0,1326.0,50
87,SLAPRP_Guo_small_O50_alpha0.4_v6.txt,MESSAGE_PASSING,ASTAR_HEURISTIC,CLARKE_WRIGHT,10.5770414,129746895,0.0041789,902839,0.4836073,577736039,598.0,3
87,SLAPRP_Guo_small_O50_alpha0.4_v6.txt,MESSAGE_PASSING,ASTAR_HEURISTIC,CLARKE_WRIGHT_HEURISTIC,10.5770414,129746895,0.0045569,902887,0.0022209,716543,778.0,3
87,SLAPRP_Guo_small_O50_alpha0.4_v6.txt,MESSAGE_PASSING,ASTAR_HEURISTIC,NO_HEURISTIC,10.5770414,129746895,0.0033273,902775,0.0,0,2252.0,50
87,SLAPRP_Guo_small_O50_alpha0.4_v6.txt,MESSAGE_PASSING,GREEDY,CLARKE_WRIGHT,10.5770414,129746895,0.0043944,371207,0.4186321,523585888,478.0,3
87,SLAPRP_Guo_small_O50_alpha0.4_v6.txt,MESSAGE_PASSING,GREEDY,CLARKE_WRIGHT_HEURISTIC,10.5770414,129746895,0.003877,371383,0.0019292,665631,884.0,4
87,SLAPRP_Guo_small_O50_alpha0.4_v6.txt,MESSAGE_PASSING,GREEDY,NO_HEURISTIC,10.5770414,129746895,0.0042305,371207,0.0,0,2190.0,50
88,SLAPRP_Guo_small_O50_alpha0.4_v7.txt,ALS,ASTAR_HEURISTIC,CLARKE_WRIGHT,10.7358453,94197031,0.0051836,933479,0.7047606,806344656,646.0,4
88,SLAPRP_Guo_small_O50_alpha0.4_v7.txt,ALS,ASTAR_HEURISTIC,CLARKE_WRIGHT_HEURISTIC,10.7358453,94197031,0.0036549,933591,0.0033517,849542,872.0,4
88,SLAPRP_Guo_small_O50_alpha0.4_v7.txt,ALS,ASTAR_HEURISTIC,NO_HEURISTIC,10.7358453,94197031,0.0033787,933463,0.0,0,2718.0,57
88,SLAPRP_Guo_small_O50_alpha0.4_v7.txt,ALS,GREEDY,CLARKE_WRIGHT,10.7358453,94197031,0.0034173,400343,0.731032,802965239,562.0,4
88,SLAPRP_Guo_small_O50_alpha0.4_v7.txt,ALS,GREEDY,CLARKE_WRIGHT_HEURISTIC,10.7358453,94197031,0.0034224,400759,0.0018268,838342,828.0,4
88,SLAPRP_Guo_small_O50_alpha0.4_v7.txt,ALS,GREEDY,NO_HEURISTIC,10.7358453,94197031,0.0043066,400327,0.0,0,2500.0,57
88,SLAPRP_Guo_small_O50_alpha0.4_v7.txt,ABC,ASTAR_HEURISTIC,CLARKE_WRIGHT,0.4937488,57332569,0.005315,1027815,0.6160244,750705824,450.0,4
88,SLAPRP_Guo_small_O50_alpha0.4_v7.txt,ABC,ASTAR_HEURISTIC,CLARKE_WRIGHT_HEURISTIC,0.4937488,57332569,0.0034868,1027927,0.0023231,815398,568.0,4
88,SLAPRP_Guo_small_O50_alpha0.4_v7.txt,ABC,ASTAR_HEURISTIC,NO_HEURISTIC,0.4937488,57332569,0.0315806,1027815,0.0,0,1484.0,57
88,SLAPRP_Guo_small_O50_alpha0.4_v7.txt,ABC,GREEDY,CLARKE_WRIGHT,0.4937488,57332569,0.0055285,404583,0.6545358,687549424,370.0,5
88,SLAPRP_Guo_small_O50_alpha0.4_v7.txt,ABC,GREEDY,CLARKE_WRIGHT_HEURISTIC,0.4937488,57332569,0.0046081,404999,0.0014573,772838,446.0,5
88,SLAPRP_Guo_small_O50_alpha0.4_v7.txt,ABC,GREEDY,NO_HEURISTIC,0.4937488,57332569,0.0052722,404567,0.0,0,1398.0,57
88,SLAPRP_Guo_small_O50_alpha0.4_v7.txt,ABC_HEURISTIC,ASTAR_HEURISTIC,CLARKE_WRIGHT,0.594186,58047170,0.0054652,993319,0.6220031,699316448,488.0,5
88,SLAPRP_Guo_small_O50_alpha0.4_v7.txt,ABC_HEURISTIC,ASTAR_HEURISTIC,CLARKE_WRIGHT_HEURISTIC,0.594186,58047170,0.0043958,993463,0.0020513,817142,814.0,5
88,SLAPRP_Guo_small_O50_alpha0.4_v7.txt,ABC_HEURISTIC,ASTAR_HEURISTIC,NO_HEURISTIC,0.594186,58047170,0.0042531,993351,0.0,0,1490.0,57
88,SLAPRP_Guo_small_O50_alpha0.4_v7.txt,ABC_HEURISTIC,GREEDY,CLARKE_WRIGHT,0.594186,58047170,0.0033025,406279,0.6353594,711241408,456.0,4
88,SLAPRP_Guo_small_O50_alpha0.4_v7.txt,ABC_HEURISTIC,GREEDY,CLARKE_WRIGHT_HEURISTIC,0.594186,58047170,0.0036304,406407,0.0015398,796774,678.0,4
88,SLAPRP_Guo_small_O50_alpha0.4_v7.txt,ABC_HEURISTIC,GREEDY,NO_HEURISTIC,0.594186,58047170,0.0060309,406311,0.0,0,1528.0,57
88,SLAPRP_Guo_small_O50_alpha0.4_v7.txt,MESSAGE_PASSING,ASTAR_HEURISTIC,CLARKE_WRIGHT,10.5948636,100819444,0.0070114,959255,0.6760597,830107127,610.0,4
88,SLAPRP_Guo_small_O50_alpha0.4_v7.txt,MESSAGE_PASSING,ASTAR_HEURISTIC,CLARKE_WRIGHT_HEURISTIC,10.5948636,100819444,0.0047986,959319,0.0014665,819606,806.0,4
88,SLAPRP_Guo_small_O50_alpha0.4_v7.txt,MESSAGE_PASSING,ASTAR_HEURISTIC,NO_HEURISTIC,10.5948636,100819444,0.0042583,959223,0.0,0,2356.0,57
88,SLAPRP_Guo_small_O50_alpha0.4_v7.txt,MESSAGE_PASSING,GREEDY,CLARKE_WRIGHT,10.5948636,100819444,0.0046005,395271,0.6410536,785643472,578.0,4
88,SLAPRP_Guo_small_O50_alpha0.4_v7.txt,MESSAGE_PASSING,GREEDY,CLARKE_WRIGHT_HEURISTIC,10.5948636,100819444,0.0033135,395463,0.001259,815414,810.0,4
88,SLAPRP_Guo_small_O50_alpha0.4_v7.txt,MESSAGE_PASSING,GREEDY,NO_HEURISTIC,10.5948636,100819444,0.0035052,395271,0.0,0,2368.0,57
89,SLAPRP_Guo_small_O50_alpha0.4_v8.txt,ALS,ASTAR_HEURISTIC,CLARKE_WRIGHT,31.8250036,137567473,0.0047671,941927,0.6202705,633166656,560.0,3
89,SLAPRP_Guo_small_O50_alpha0.4_v8.txt,ALS,ASTAR_HEURISTIC,CLARKE_WRIGHT_HEURISTIC,31.8250036,137567473,0.004366,942055,0.0016385,766070,870.0,4
89,SLAPRP_Guo_small_O50_alpha0.4_v8.txt,ALS,ASTAR_HEURISTIC,NO_HEURISTIC,31.8250036,137567473,0.0037641,941895,0.0,0,2274.0,54
89,SLAPRP_Guo_small_O50_alpha0.4_v8.txt,ALS,GREEDY,CLARKE_WRIGHT,31.8250036,137567473,0.0038761,374359,0.4768112,602005520,500.0,3
89,SLAPRP_Guo_small_O50_alpha0.4_v8.txt,ALS,GREEDY,CLARKE_WRIGHT_HEURISTIC,31.8250036,137567473,0.0052412,374743,0.0022559,758262,562.0,4
89,SLAPRP_Guo_small_O50_alpha0.4_v8.txt,ALS,GREEDY,NO_HEURISTIC,31.8250036,137567473,0.0037397,374311,0.0,0,2240.0,54
89,SLAPRP_Guo_small_O50_alpha0.4_v8.txt,ABC,ASTAR_HEURISTIC,CLARKE_WRIGHT,0.5294461,56648016,0.0048516,905431,0.4996787,588521927,392.0,3
89,SLAPRP_Guo_small_O50_alpha0.4_v8.txt,ABC,ASTAR_HEURISTIC,CLARKE_WRIGHT_HEURISTIC,0.5294461,56648016,0.0039943,905543,0.0011484,757318,550.0,4
89,SLAPRP_Guo_small_O50_alpha0.4_v8.txt,ABC,ASTAR_HEURISTIC,NO_HEURISTIC,0.5294461,56648016,0.0027745,905367,0.0,0,1280.0,54
89,SLAPRP_Guo_small_O50_alpha0.4_v8.txt,ABC,GREEDY,CLARKE_WRIGHT,0.5294461,56648016,0.0027553,365943,0.4896264,556671456,272.0,3
89,SLAPRP_Guo_small_O50_alpha0.4_v8.txt,ABC,GREEDY,CLARKE_WRIGHT_HEURISTIC,0.5294461,56648016,0.0039957,366327,0.0023217,732406,370.0,3
89,SLAPRP_Guo_small_O50_alpha0.4_v8.txt,ABC,GREEDY,NO_HEURISTIC,0.5294461,56648016,0.0030957,365895,0.0,0,1248.0,54
89,SLAPRP_Guo_small_O50_alpha0.4_v8.txt,ABC_HEURISTIC,ASTAR_HEURISTIC,CLARKE_WRIGHT,0.5331931,57360537,0.005948,878279,0.5183265,604957031,430.0,3
89,SLAPRP_Guo_small_O50_alpha0.4_v8.txt,ABC_HEURISTIC,ASTAR_HEURISTIC,CLARKE_WRIGHT_HEURISTIC,0.5331931,57360537,0.0036354,878423,0.0019266,730262,614.0,5
89,SLAPRP_Guo_small_O50_alpha0.4_v8.txt,ABC_HEURISTIC,ASTAR_HEURISTIC,NO_HEURISTIC,0.5331931,57360537,0.0059641,878231,0.0,0,1318.0,54
89,SLAPRP_Guo_small_O50_alpha0.4_v8.txt,ABC_HEURISTIC,GREEDY,CLARKE_WRIGHT,0.5331931,57360537,0.0042777,368087,0.5229823,562577152,428.0,4
89,SLAPRP_Guo_small_O50_alpha0.4_v8.txt,ABC_HEURISTIC,GREEDY,CLARKE_WRIGHT_HEURISTIC,0.5331931,57360537,0.0045788,368231,0.0015618,726646,494.0,3
89,SLAPRP_Guo_small_O50_alpha0.4_v8.txt,ABC_HEURISTIC,GREEDY,NO_HEURISTIC,0.5331931,57360537,0.0038363,368055,0.0,0,1412.0,54
89,SLAPRP_Guo_small_O50_alpha0.4_v8.txt,MESSAGE_PASSING,ASTAR_HEURISTIC,CLARKE_WRIGHT,10.5551613,143855838,0.0061733,891367,0.3187241,660047527,564.0,3
89,SLAPRP_Guo_small_O50_alpha0.4_v8.txt,MESSAGE_PASSING,ASTAR_HEURISTIC,CLARKE_WRIGHT_HEURISTIC,10.5551613,143855838,0.0034118,891495,0.0011951,728902,828.0,5
89,SLAPRP_Guo_small_O50_alpha0.4_v8.txt,MESSAGE_PASSING,ASTAR_HEURISTIC,NO_HEURISTIC,10.5551613,143855838,0.0024979,891367,0.0,0,2156.0,54
89,SLAPRP_Guo_small_O50_alpha0.4_v8.txt,MESSAGE_PASSING,GREEDY,CLARKE_WRIGHT,10.5551613,143855838,0.0022342,363447,0.3170565,656478631,498.0,3
89,SLAPRP_Guo_small_O50_alpha0.4_v8.txt,MESSAGE_PASSING,GREEDY,CLARKE_WRIGHT_HEURISTIC,10.5551613,143855838,0.0022493,363575,0.0008579,782166,708.0,4
89,SLAPRP_Guo_small_O50_alpha0.4_v8.txt,MESSAGE_PASSING,GREEDY,NO_HEURISTIC,10.5551613,143855838,0.0023277,363447,0.0,0,2036.0,54
90,SLAPRP_Guo_small_O50_alpha0.4_v9.txt,ALS,ASTAR_HEURISTIC,CLARKE_WRIGHT,5.0950493,146651073,0.0041582,1076471,0.7849653,727588256,592.0,4
90,SLAPRP_Guo_small_O50_alpha0.4_v9.txt,ALS,ASTAR_HEURISTIC,CLARKE_WRIGHT_HEURISTIC,5.0950493,146651073,0.0037107,1076567,0.0018211,786662,864.0,5
90,SLAPRP_Guo_small_O50_alpha0.4_v9.txt,ALS,ASTAR_HEURISTIC,NO_HEURISTIC,5.0950493,146651073,0.0036034,1076423,0.0,0,2428.0,55
90,SLAPRP_Guo_small_O50_alpha0.4_v9.txt,ALS,GREEDY,CLARKE_WRIGHT,5.0950493,146651073,0.0032228,399383,0.3571433,697018608,496.0,4
90,SLAPRP_Guo_small_O50_alpha0.4_v9.txt,ALS,GREEDY,CLARKE_WRIGHT_HEURISTIC,5.0950493,146651073,0.0021482,399719,0.0008713,789126,712.0,5
90,SLAPRP_Guo_small_O50_alpha0.4_v9.txt,ALS,GREEDY,NO_HEURISTIC,5.0950493,146651073,0.0020946,399367,0.0,0,2356.0,55
90,SLAPRP_Guo_small_O50_alpha0.4_v9.txt,ABC,ASTAR_HEURISTIC,CLARKE_WRIGHT,0.2816987,57043536,0.0050263,1061847,0.2843282,624462816,362.0,4
90,SLAPRP_Guo_small_O50_alpha0.4_v9.txt,ABC,ASTAR_HEURISTIC,CLARKE_WRIGHT_HEURISTIC,0.2816987,57043536,0.0032418,1061959,0.0009065,777398,480.0,4
90,SLAPRP_Guo_small_O50_alpha0.4_v9.txt,ABC,ASTAR_HEURISTIC,NO_HEURISTIC,0.2816987,57043536,0.002625,1061815,0.0,0,1332.0,55
90,SLAPRP_Guo_small_O50_alpha0.4_v9.txt,ABC,GREEDY,CLARKE_WRIGHT,0.2816987,57043536,0.0023718,397767,0.2850356,598992032,286.0,4
90,SLAPRP_Guo_small_O50_alpha0.4_v9.txt,ABC,GREEDY,CLARKE_WRIGHT_HEURISTIC,0.2816987,57043536,0.002284,398119,0.0009063,707238,420.0,4
90,SLAPRP_Guo_small_O50_alpha0.4_v9.txt,ABC,GREEDY,NO_HEURISTIC,0.2816987,57043536,0.0023253,397719,0.0,0,1294.0,55
90,SLAPRP_Guo_small_O50_alpha0.4_v9.txt,ABC_HEURISTIC,ASTAR_HEURISTIC,CLARKE_WRIGHT,0.2897297,57753474,0.0036606,1035591,0.2869191,635963568,392.0,4
90,SLAPRP_Guo_small_O50_alpha0.4_v9.txt,ABC_HEURISTIC,ASTAR_HEURISTIC,CLARKE_WRIGHT_HEURISTIC,0.2897297,57753474,0.0028303,1035735,0.001117,772150,630.0,5
90,SLAPRP_Guo_small_O50_alpha0.4_v9.txt,ABC_HEURISTIC,ASTAR_HEURISTIC,NO_HEURISTIC,0.2897297,57753474,0.0031115,1035623,0.0,0,1304.0,55
90,SLAPRP_Guo_small_O50_alpha0.4_v9.txt,ABC_HEURISTIC,GREEDY,CLARKE_WRIGHT,0.2897297,57753474,0.0023779,395223,0.2872092,628811792,382.0,4
90,SLAPRP_Guo_small_O50_alpha0.4_v9.txt,ABC_HEURISTIC,GREEDY,CLARKE_WRIGHT_HEURISTIC,0.2897297,57753474,0.0025423,395351,0.0009459,744390,578.0,5
90,SLAPRP_Guo_small_O50_alpha0.4_v9.txt,ABC_HEURISTIC,GREEDY,NO_HEURISTIC,0.2897297,57753474,0.0020655,395255,0.0,0,1432.0,55
90,SLAPRP_Guo_small_O50_alpha0.4_v9.txt,MESSAGE_PASSING,ASTAR_HEURISTIC,CLARKE_WRIGHT,6.9286589,152210078,0.0029293,1025095,0.3424509,713356336,554.0,4
90,SLAPRP_Guo_small_O50_alpha0.4_v9.txt,MESSAGE_PASSING,ASTAR_HEURISTIC,CLARKE_WRIGHT_HEURISTIC,6.9286589,152210078,0.0025285,1025191,0.000948,764950,800.0,5
90,SLAPRP_Guo_small_O50_alpha0.4_v9.txt,MESSAGE_PASSING,ASTAR_HEURISTIC,NO_HEURISTIC,6.9286589,152210078,0.0030088,1025095,0.0,0,2190.0,55
90,SLAPRP_Guo_small_O50_alpha0.4_v9.txt,MESSAGE_PASSING,GREEDY,CLARKE_WRIGHT,6.9286589,152210078,0.00262,401287,0.3133121,641120791,504.0,5
90,SLAPRP_Guo_small_O50_alpha0.4_v9.txt,MESSAGE_PASSING,GREEDY,CLARKE_WRIGHT_HEURISTIC,6.9286589,152210078,0.0036108,401463,0.0013449,773926,774.0,5
90,SLAPRP_Guo_small_O50_alpha0.4_v9.txt,MESSAGE_PASSING,GREEDY,NO_HEURISTIC,6.9286589,152210078,0.0033286,401287,0.0,0,2124.0,55
